"Vármegye, főváros",OEVK sorszáma,Székhelye,Külképviselet neve,Választópolgárok száma
BUDAPEST,01,Budapest V. kerület,Abu Dhabi,8
BUDAPEST,01,Budapest V. kerület,Amman,4
BUDAPEST,01,Budapest V. kerület,Ankara,6
BUDAPEST,01,Budapest V. kerület,Athén,17
BUDAPEST,01,Budapest V. kerület,Baku,2
BUDAPEST,01,Budapest V. kerület,Bangkok,8
BUDAPEST,01,Budapest V. kerület,Barcelona,29
BUDAPEST,01,Budapest V. kerület,Bécs,69
BUDAPEST,01,Budapest V. kerület,Bejrút,1
BUDAPEST,01,Budapest V. kerület,Belgrád,4
BUDAPEST,01,Budapest V. kerület,Beregszász,5
BUDAPEST,01,Budapest V. kerület,Berlin,101
BUDAPEST,01,Budapest V. kerület,Bern,101
BUDAPEST,01,Budapest V. kerület,Bogota,2
BUDAPEST,01,Budapest V. kerület,Brazíliaváros,3
BUDAPEST,01,Budapest V. kerület,Brüsszel,114
BUDAPEST,01,Budapest V. kerület,Buenos Aires,5
BUDAPEST,01,Budapest V. kerület,Bukarest,5
BUDAPEST,01,Budapest V. kerület,Canberra,1
BUDAPEST,01,Budapest V. kerület,Chicago,19
BUDAPEST,01,Budapest V. kerület,Chisinau,2
BUDAPEST,01,Budapest V. kerület,Csíkszereda,66
BUDAPEST,01,Budapest V. kerület,Doha,3
BUDAPEST,01,Budapest V. kerület,Dublin,19
BUDAPEST,01,Budapest V. kerület,Düsseldorf,53
BUDAPEST,01,Budapest V. kerület,Edinburgh,20
BUDAPEST,01,Budapest V. kerület,Gdansk,6
BUDAPEST,01,Budapest V. kerület,Genf,22
BUDAPEST,01,Budapest V. kerület,Hága,111
BUDAPEST,01,Budapest V. kerület,Hanoi,2
BUDAPEST,01,Budapest V. kerület,Helsinki,14
BUDAPEST,01,Budapest V. kerület,Ho Si Minh-város,2
BUDAPEST,01,Budapest V. kerület,Hongkong,2
BUDAPEST,01,Budapest V. kerület,Houston,9
BUDAPEST,01,Budapest V. kerület,Innsbruck,13
BUDAPEST,01,Budapest V. kerület,Isztambul,5
BUDAPEST,01,Budapest V. kerület,Jakarta,5
BUDAPEST,01,Budapest V. kerület,Kairó,1
BUDAPEST,01,Budapest V. kerület,Kassa,1
BUDAPEST,01,Budapest V. kerület,Kolozsvár,22
BUDAPEST,01,Budapest V. kerület,Koppenhága,35
BUDAPEST,01,Budapest V. kerület,Krakkó,3
BUDAPEST,01,Budapest V. kerület,Kuvait,4
BUDAPEST,01,Budapest V. kerület,Lima,5
BUDAPEST,01,Budapest V. kerület,Lisszabon,20
BUDAPEST,01,Budapest V. kerület,Ljubljana,3
BUDAPEST,01,Budapest V. kerület,London,198
BUDAPEST,01,Budapest V. kerület,Los Angeles,23
BUDAPEST,01,Budapest V. kerület,Lusaka,1
BUDAPEST,01,Budapest V. kerület,Luxembourg,24
BUDAPEST,01,Budapest V. kerület,Lviv,1
BUDAPEST,01,Budapest V. kerület,Lyon,14
BUDAPEST,01,Budapest V. kerület,Madrid,26
BUDAPEST,01,Budapest V. kerület,Malaga,22
BUDAPEST,01,Budapest V. kerület,Manchester,21
BUDAPEST,01,Budapest V. kerület,Melbourne,9
BUDAPEST,01,Budapest V. kerület,Mexikóváros,4
BUDAPEST,01,Budapest V. kerület,Miami,14
BUDAPEST,01,Budapest V. kerület,Milánó,24
BUDAPEST,01,Budapest V. kerület,Montreal,12
BUDAPEST,01,Budapest V. kerület,Moszkva,10
BUDAPEST,01,Budapest V. kerület,Mumbai,1
BUDAPEST,01,Budapest V. kerület,München,64
BUDAPEST,01,Budapest V. kerület,Nairobi,3
BUDAPEST,01,Budapest V. kerület,New York,49
BUDAPEST,01,Budapest V. kerület,Nicosia,4
BUDAPEST,01,Budapest V. kerület,Nürnberg,21
BUDAPEST,01,Budapest V. kerület,Oslo,12
BUDAPEST,01,Budapest V. kerület,Ottawa,4
BUDAPEST,01,Budapest V. kerület,Panamaváros,6
BUDAPEST,01,Budapest V. kerület,Párizs,47
BUDAPEST,01,Budapest V. kerület,Peking,5
BUDAPEST,01,Budapest V. kerület,Podgorica,4
BUDAPEST,01,Budapest V. kerület,Prága,13
BUDAPEST,01,Budapest V. kerület,Pretoria,4
BUDAPEST,01,Budapest V. kerület,Quito,1
BUDAPEST,01,Budapest V. kerület,Rabat,1
BUDAPEST,01,Budapest V. kerület,Ramallah,1
BUDAPEST,01,Budapest V. kerület,Rijád,4
BUDAPEST,01,Budapest V. kerület,Róma,45
BUDAPEST,01,Budapest V. kerület,San Francisco,25
BUDAPEST,01,Budapest V. kerület,Sanghaj,4
BUDAPEST,01,Budapest V. kerület,Santiago de Chile,2
BUDAPEST,01,Budapest V. kerület,Stockholm,38
BUDAPEST,01,Budapest V. kerület,Strasbourg,8
BUDAPEST,01,Budapest V. kerület,Stuttgart,53
BUDAPEST,01,Budapest V. kerület,Sydney,14
BUDAPEST,01,Budapest V. kerület,Szabadka,27
BUDAPEST,01,Budapest V. kerület,Szarajevó,3
BUDAPEST,01,Budapest V. kerület,Szingapúr,4
BUDAPEST,01,Budapest V. kerület,Szkopje,1
BUDAPEST,01,Budapest V. kerület,Szófia,3
BUDAPEST,01,Budapest V. kerület,Szöul,2
BUDAPEST,01,Budapest V. kerület,Tallinn,1
BUDAPEST,01,Budapest V. kerület,Taskent,2
BUDAPEST,01,Budapest V. kerület,Tbiliszi,1
BUDAPEST,01,Budapest V. kerület,Teherán,3
BUDAPEST,01,Budapest V. kerület,Tel-Aviv,9
BUDAPEST,01,Budapest V. kerület,Tirana,2
BUDAPEST,01,Budapest V. kerület,Tokió,3
BUDAPEST,01,Budapest V. kerület,Toronto,26
BUDAPEST,01,Budapest V. kerület,Újdelhi,1
BUDAPEST,01,Budapest V. kerület,Ulánbátor,1
BUDAPEST,01,Budapest V. kerület,Ungvár,5
BUDAPEST,01,Budapest V. kerület,Valletta,11
BUDAPEST,01,Budapest V. kerület,Vancouver,10
BUDAPEST,01,Budapest V. kerület,Varsó,4
BUDAPEST,01,Budapest V. kerület,Vilnius,1
BUDAPEST,01,Budapest V. kerület,Washington,24
BUDAPEST,01,Budapest V. kerület,Wellington,2
BUDAPEST,01,Budapest V. kerület,Wroclaw,1
BUDAPEST,01,Budapest V. kerület,Zágráb,2
BUDAPEST,02,Budapest XI. kerület,Abu Dhabi,19
BUDAPEST,02,Budapest XI. kerület,Almati,1
BUDAPEST,02,Budapest XI. kerület,Amman,1
BUDAPEST,02,Budapest XI. kerület,Athén,11
BUDAPEST,02,Budapest XI. kerület,Bangkok,2
BUDAPEST,02,Budapest XI. kerület,Barcelona,20
BUDAPEST,02,Budapest XI. kerület,Bécs,71
BUDAPEST,02,Budapest XI. kerület,Bejrút,1
BUDAPEST,02,Budapest XI. kerület,Belgrád,1
BUDAPEST,02,Budapest XI. kerület,Beregszász,6
BUDAPEST,02,Budapest XI. kerület,Berlin,68
BUDAPEST,02,Budapest XI. kerület,Bern,82
BUDAPEST,02,Budapest XI. kerület,Besztercebánya,1
BUDAPEST,02,Budapest XI. kerület,Brüsszel,71
BUDAPEST,02,Budapest XI. kerület,Buenos Aires,2
BUDAPEST,02,Budapest XI. kerület,Bukarest,5
BUDAPEST,02,Budapest XI. kerület,Canberra,2
BUDAPEST,02,Budapest XI. kerület,Chicago,9
BUDAPEST,02,Budapest XI. kerület,Csíkszereda,33
BUDAPEST,02,Budapest XI. kerület,Csungking,1
BUDAPEST,02,Budapest XI. kerület,Dakar,1
BUDAPEST,02,Budapest XI. kerület,Dakka,1
BUDAPEST,02,Budapest XI. kerület,Doha,3
BUDAPEST,02,Budapest XI. kerület,Dublin,24
BUDAPEST,02,Budapest XI. kerület,Düsseldorf,44
BUDAPEST,02,Budapest XI. kerület,Edinburgh,31
BUDAPEST,02,Budapest XI. kerület,Gdansk,3
BUDAPEST,02,Budapest XI. kerület,Genf,14
BUDAPEST,02,Budapest XI. kerület,Hága,108
BUDAPEST,02,Budapest XI. kerület,Hanoi,2
BUDAPEST,02,Budapest XI. kerület,Havanna,2
BUDAPEST,02,Budapest XI. kerület,Helsinki,18
BUDAPEST,02,Budapest XI. kerület,Hongkong,1
BUDAPEST,02,Budapest XI. kerület,Houston,9
BUDAPEST,02,Budapest XI. kerület,Innsbruck,7
BUDAPEST,02,Budapest XI. kerület,Isztambul,8
BUDAPEST,02,Budapest XI. kerület,Jakarta,3
BUDAPEST,02,Budapest XI. kerület,Jekatyerinburg,1
BUDAPEST,02,Budapest XI. kerület,Kairó,2
BUDAPEST,02,Budapest XI. kerület,Kampala,1
BUDAPEST,02,Budapest XI. kerület,Kolozsvár,23
BUDAPEST,02,Budapest XI. kerület,Koppenhága,49
BUDAPEST,02,Budapest XI. kerület,Krakkó,7
BUDAPEST,02,Budapest XI. kerület,Kuala Lumpur,1
BUDAPEST,02,Budapest XI. kerület,Kuvait,1
BUDAPEST,02,Budapest XI. kerület,Lisszabon,17
BUDAPEST,02,Budapest XI. kerület,Ljubljana,4
BUDAPEST,02,Budapest XI. kerület,London,162
BUDAPEST,02,Budapest XI. kerület,Los Angeles,16
BUDAPEST,02,Budapest XI. kerület,Luxembourg,27
BUDAPEST,02,Budapest XI. kerület,Lyon,12
BUDAPEST,02,Budapest XI. kerület,Madrid,18
BUDAPEST,02,Budapest XI. kerület,Malaga,24
BUDAPEST,02,Budapest XI. kerület,Manchester,23
BUDAPEST,02,Budapest XI. kerület,Manila,1
BUDAPEST,02,Budapest XI. kerület,Maszkat,1
BUDAPEST,02,Budapest XI. kerület,Melbourne,7
BUDAPEST,02,Budapest XI. kerület,Mexikóváros,1
BUDAPEST,02,Budapest XI. kerület,Miami,14
BUDAPEST,02,Budapest XI. kerület,Milánó,12
BUDAPEST,02,Budapest XI. kerület,Montreal,9
BUDAPEST,02,Budapest XI. kerület,Moszkva,6
BUDAPEST,02,Budapest XI. kerület,München,84
BUDAPEST,02,Budapest XI. kerület,Nairobi,2
BUDAPEST,02,Budapest XI. kerület,New York,42
BUDAPEST,02,Budapest XI. kerület,Nicosia,7
BUDAPEST,02,Budapest XI. kerület,Nürnberg,17
BUDAPEST,02,Budapest XI. kerület,Oslo,19
BUDAPEST,02,Budapest XI. kerület,Ottawa,2
BUDAPEST,02,Budapest XI. kerület,Párizs,50
BUDAPEST,02,Budapest XI. kerület,Peking,1
BUDAPEST,02,Budapest XI. kerület,Phnom Penh,1
BUDAPEST,02,Budapest XI. kerület,Pozsony,1
BUDAPEST,02,Budapest XI. kerület,Prága,8
BUDAPEST,02,Budapest XI. kerület,Pretoria,4
BUDAPEST,02,Budapest XI. kerület,Pristina,2
BUDAPEST,02,Budapest XI. kerület,Rabat,3
BUDAPEST,02,Budapest XI. kerület,Riga,1
BUDAPEST,02,Budapest XI. kerület,Róma,44
BUDAPEST,02,Budapest XI. kerület,San Francisco,15
BUDAPEST,02,Budapest XI. kerület,Sanghaj,2
BUDAPEST,02,Budapest XI. kerület,Santiago de Chile,1
BUDAPEST,02,Budapest XI. kerület,Sao Paulo,2
BUDAPEST,02,Budapest XI. kerület,Stockholm,26
BUDAPEST,02,Budapest XI. kerület,Strasbourg,12
BUDAPEST,02,Budapest XI. kerület,Stuttgart,50
BUDAPEST,02,Budapest XI. kerület,Sydney,16
BUDAPEST,02,Budapest XI. kerület,Szabadka,17
BUDAPEST,02,Budapest XI. kerület,Szarajevó,1
BUDAPEST,02,Budapest XI. kerület,Szingapúr,5
BUDAPEST,02,Budapest XI. kerület,Szkopje,4
BUDAPEST,02,Budapest XI. kerület,Szöul,5
BUDAPEST,02,Budapest XI. kerület,Tallinn,4
BUDAPEST,02,Budapest XI. kerület,Tbiliszi,2
BUDAPEST,02,Budapest XI. kerület,Tel-Aviv,9
BUDAPEST,02,Budapest XI. kerület,Tirana,1
BUDAPEST,02,Budapest XI. kerület,Tokió,4
BUDAPEST,02,Budapest XI. kerület,Toronto,21
BUDAPEST,02,Budapest XI. kerület,Újdelhi,1
BUDAPEST,02,Budapest XI. kerület,Ungvár,1
BUDAPEST,02,Budapest XI. kerület,Valletta,11
BUDAPEST,02,Budapest XI. kerület,Vancouver,7
BUDAPEST,02,Budapest XI. kerület,Varsó,4
BUDAPEST,02,Budapest XI. kerület,Vilnius,2
BUDAPEST,02,Budapest XI. kerület,Washington,27
BUDAPEST,02,Budapest XI. kerület,Wellington,1
BUDAPEST,02,Budapest XI. kerület,Zágráb,6
BUDAPEST,03,Budapest XII. kerület,Abu Dhabi,17
BUDAPEST,03,Budapest XII. kerület,Abuja,1
BUDAPEST,03,Budapest XII. kerület,Amman,1
BUDAPEST,03,Budapest XII. kerület,Ankara,11
BUDAPEST,03,Budapest XII. kerület,Athén,15
BUDAPEST,03,Budapest XII. kerület,Baku,2
BUDAPEST,03,Budapest XII. kerület,Bangkok,5
BUDAPEST,03,Budapest XII. kerület,Barcelona,51
BUDAPEST,03,Budapest XII. kerület,Bécs,84
BUDAPEST,03,Budapest XII. kerület,Belgrád,4
BUDAPEST,03,Budapest XII. kerület,Beregszász,11
BUDAPEST,03,Budapest XII. kerület,Berlin,115
BUDAPEST,03,Budapest XII. kerület,Bern,111
BUDAPEST,03,Budapest XII. kerület,Bogota,5
BUDAPEST,03,Budapest XII. kerület,Brüsszel,121
BUDAPEST,03,Budapest XII. kerület,Buenos Aires,8
BUDAPEST,03,Budapest XII. kerület,Bukarest,3
BUDAPEST,03,Budapest XII. kerület,Chicago,18
BUDAPEST,03,Budapest XII. kerület,Chisinau,1
BUDAPEST,03,Budapest XII. kerület,Csíkszereda,32
BUDAPEST,03,Budapest XII. kerület,Doha,6
BUDAPEST,03,Budapest XII. kerület,Dublin,27
BUDAPEST,03,Budapest XII. kerület,Düsseldorf,50
BUDAPEST,03,Budapest XII. kerület,Edinburgh,32
BUDAPEST,03,Budapest XII. kerület,Erbil,1
BUDAPEST,03,Budapest XII. kerület,Gdansk,2
BUDAPEST,03,Budapest XII. kerület,Genf,37
BUDAPEST,03,Budapest XII. kerület,Hága,112
BUDAPEST,03,Budapest XII. kerület,Hanoi,6
BUDAPEST,03,Budapest XII. kerület,Helsinki,24
BUDAPEST,03,Budapest XII. kerület,Hongkong,1
BUDAPEST,03,Budapest XII. kerület,Houston,7
BUDAPEST,03,Budapest XII. kerület,Innsbruck,14
BUDAPEST,03,Budapest XII. kerület,Iszlámábád,1
BUDAPEST,03,Budapest XII. kerület,Isztambul,11
BUDAPEST,03,Budapest XII. kerület,Jakarta,3
BUDAPEST,03,Budapest XII. kerület,Kairó,6
BUDAPEST,03,Budapest XII. kerület,Kampala,1
BUDAPEST,03,Budapest XII. kerület,Kassa,1
BUDAPEST,03,Budapest XII. kerület,Kolozsvár,24
BUDAPEST,03,Budapest XII. kerület,Koppenhága,53
BUDAPEST,03,Budapest XII. kerület,Krakkó,7
BUDAPEST,03,Budapest XII. kerület,Kuala Lumpur,2
BUDAPEST,03,Budapest XII. kerület,Kuvait,2
BUDAPEST,03,Budapest XII. kerület,Lendva,1
BUDAPEST,03,Budapest XII. kerület,Lisszabon,28
BUDAPEST,03,Budapest XII. kerület,Ljubljana,3
BUDAPEST,03,Budapest XII. kerület,London,234
BUDAPEST,03,Budapest XII. kerület,Los Angeles,36
BUDAPEST,03,Budapest XII. kerület,Lusaka,1
BUDAPEST,03,Budapest XII. kerület,Luxembourg,34
BUDAPEST,03,Budapest XII. kerület,Lyon,11
BUDAPEST,03,Budapest XII. kerület,Madrid,20
BUDAPEST,03,Budapest XII. kerület,Malaga,9
BUDAPEST,03,Budapest XII. kerület,Manchester,27
BUDAPEST,03,Budapest XII. kerület,Manila,1
BUDAPEST,03,Budapest XII. kerület,Melbourne,11
BUDAPEST,03,Budapest XII. kerület,Mexikóváros,2
BUDAPEST,03,Budapest XII. kerület,Miami,25
BUDAPEST,03,Budapest XII. kerület,Milánó,28
BUDAPEST,03,Budapest XII. kerület,Montevideo,4
BUDAPEST,03,Budapest XII. kerület,Montreal,8
BUDAPEST,03,Budapest XII. kerület,Moszkva,6
BUDAPEST,03,Budapest XII. kerület,München,107
BUDAPEST,03,Budapest XII. kerület,Nairobi,3
BUDAPEST,03,Budapest XII. kerület,New York,81
BUDAPEST,03,Budapest XII. kerület,Nicosia,5
BUDAPEST,03,Budapest XII. kerület,Nur-Szultán,2
BUDAPEST,03,Budapest XII. kerület,Nürnberg,30
BUDAPEST,03,Budapest XII. kerület,Oslo,19
BUDAPEST,03,Budapest XII. kerület,Ottawa,3
BUDAPEST,03,Budapest XII. kerület,Panamaváros,2
BUDAPEST,03,Budapest XII. kerület,Párizs,77
BUDAPEST,03,Budapest XII. kerület,Podgorica,1
BUDAPEST,03,Budapest XII. kerület,Pozsony,3
BUDAPEST,03,Budapest XII. kerület,Prága,15
BUDAPEST,03,Budapest XII. kerület,Pretoria,2
BUDAPEST,03,Budapest XII. kerület,Pristina,3
BUDAPEST,03,Budapest XII. kerület,Quito,1
BUDAPEST,03,Budapest XII. kerület,Rabat,3
BUDAPEST,03,Budapest XII. kerület,Riga,4
BUDAPEST,03,Budapest XII. kerület,Róma,17
BUDAPEST,03,Budapest XII. kerület,San Francisco,16
BUDAPEST,03,Budapest XII. kerület,Sanghaj,3
BUDAPEST,03,Budapest XII. kerület,Santiago de Chile,4
BUDAPEST,03,Budapest XII. kerület,Sao Paulo,4
BUDAPEST,03,Budapest XII. kerület,Stockholm,45
BUDAPEST,03,Budapest XII. kerület,Strasbourg,11
BUDAPEST,03,Budapest XII. kerület,Stuttgart,48
BUDAPEST,03,Budapest XII. kerület,Sydney,22
BUDAPEST,03,Budapest XII. kerület,Szabadka,12
BUDAPEST,03,Budapest XII. kerület,Szarajevó,1
BUDAPEST,03,Budapest XII. kerület,Szentpétervár,1
BUDAPEST,03,Budapest XII. kerület,Szingapúr,11
BUDAPEST,03,Budapest XII. kerület,Szófia,2
BUDAPEST,03,Budapest XII. kerület,Szöul,1
BUDAPEST,03,Budapest XII. kerület,Tallinn,2
BUDAPEST,03,Budapest XII. kerület,Tbiliszi,6
BUDAPEST,03,Budapest XII. kerület,Tel-Aviv,21
BUDAPEST,03,Budapest XII. kerület,Tirana,3
BUDAPEST,03,Budapest XII. kerület,Tokió,6
BUDAPEST,03,Budapest XII. kerület,Toronto,20
BUDAPEST,03,Budapest XII. kerület,Tunisz,2
BUDAPEST,03,Budapest XII. kerület,Újdelhi,2
BUDAPEST,03,Budapest XII. kerület,Ungvár,3
BUDAPEST,03,Budapest XII. kerület,Valletta,13
BUDAPEST,03,Budapest XII. kerület,Vancouver,14
BUDAPEST,03,Budapest XII. kerület,Varsó,8
BUDAPEST,03,Budapest XII. kerület,Vientián,1
BUDAPEST,03,Budapest XII. kerület,Vilnius,1
BUDAPEST,03,Budapest XII. kerület,Washington,26
BUDAPEST,03,Budapest XII. kerület,Wellington,2
BUDAPEST,03,Budapest XII. kerület,Wroclaw,1
BUDAPEST,03,Budapest XII. kerület,Zágráb,7
BUDAPEST,04,Budapest II. kerület,Abu Dhabi,24
BUDAPEST,04,Budapest II. kerület,Amman,2
BUDAPEST,04,Budapest II. kerület,Ankara,1
BUDAPEST,04,Budapest II. kerület,Athén,16
BUDAPEST,04,Budapest II. kerület,Bangkok,4
BUDAPEST,04,Budapest II. kerület,Barcelona,32
BUDAPEST,04,Budapest II. kerület,Bécs,76
BUDAPEST,04,Budapest II. kerület,Bejrút,5
BUDAPEST,04,Budapest II. kerület,Belgrád,2
BUDAPEST,04,Budapest II. kerület,Beregszász,3
BUDAPEST,04,Budapest II. kerület,Berlin,141
BUDAPEST,04,Budapest II. kerület,Bern,112
BUDAPEST,04,Budapest II. kerület,Biskek,1
BUDAPEST,04,Budapest II. kerület,Bogota,2
BUDAPEST,04,Budapest II. kerület,Brazíliaváros,2
BUDAPEST,04,Budapest II. kerület,Brüsszel,91
BUDAPEST,04,Budapest II. kerület,Buenos Aires,1
BUDAPEST,04,Budapest II. kerület,Bukarest,4
BUDAPEST,04,Budapest II. kerület,Canberra,1
BUDAPEST,04,Budapest II. kerület,Chicago,28
BUDAPEST,04,Budapest II. kerület,Chisinau,1
BUDAPEST,04,Budapest II. kerület,Csíkszereda,35
BUDAPEST,04,Budapest II. kerület,Csungking,2
BUDAPEST,04,Budapest II. kerület,Dakar,1
BUDAPEST,04,Budapest II. kerület,Dakka,1
BUDAPEST,04,Budapest II. kerület,Doha,5
BUDAPEST,04,Budapest II. kerület,Dublin,23
BUDAPEST,04,Budapest II. kerület,Düsseldorf,65
BUDAPEST,04,Budapest II. kerület,Edinburgh,42
BUDAPEST,04,Budapest II. kerület,Erbil,1
BUDAPEST,04,Budapest II. kerület,Eszék,1
BUDAPEST,04,Budapest II. kerület,Gdansk,1
BUDAPEST,04,Budapest II. kerület,Genf,25
BUDAPEST,04,Budapest II. kerület,Hága,134
BUDAPEST,04,Budapest II. kerület,Helsinki,21
BUDAPEST,04,Budapest II. kerület,Ho Si Minh-város,2
BUDAPEST,04,Budapest II. kerület,Hongkong,4
BUDAPEST,04,Budapest II. kerület,Houston,10
BUDAPEST,04,Budapest II. kerület,Innsbruck,14
BUDAPEST,04,Budapest II. kerület,Isztambul,5
BUDAPEST,04,Budapest II. kerület,Jakarta,3
BUDAPEST,04,Budapest II. kerület,Jekatyerinburg,1
BUDAPEST,04,Budapest II. kerület,Kampala,1
BUDAPEST,04,Budapest II. kerület,Kazan,2
BUDAPEST,04,Budapest II. kerület,Kolozsvár,14
BUDAPEST,04,Budapest II. kerület,Koppenhága,50
BUDAPEST,04,Budapest II. kerület,Krakkó,3
BUDAPEST,04,Budapest II. kerület,Kuangcsou,1
BUDAPEST,04,Budapest II. kerület,Kuvait,1
BUDAPEST,04,Budapest II. kerület,Lendva,1
BUDAPEST,04,Budapest II. kerület,Lima,5
BUDAPEST,04,Budapest II. kerület,Lisszabon,33
BUDAPEST,04,Budapest II. kerület,Ljubljana,9
BUDAPEST,04,Budapest II. kerület,London,217
BUDAPEST,04,Budapest II. kerület,Los Angeles,24
BUDAPEST,04,Budapest II. kerület,Luanda,1
BUDAPEST,04,Budapest II. kerület,Luxembourg,31
BUDAPEST,04,Budapest II. kerület,Lyon,14
BUDAPEST,04,Budapest II. kerület,Madrid,20
BUDAPEST,04,Budapest II. kerület,Malaga,29
BUDAPEST,04,Budapest II. kerület,Manchester,26
BUDAPEST,04,Budapest II. kerület,Maszkat,4
BUDAPEST,04,Budapest II. kerület,Melbourne,13
BUDAPEST,04,Budapest II. kerület,Mexikóváros,3
BUDAPEST,04,Budapest II. kerület,Miami,18
BUDAPEST,04,Budapest II. kerület,Milánó,30
BUDAPEST,04,Budapest II. kerület,Montreal,6
BUDAPEST,04,Budapest II. kerület,Mumbai,1
BUDAPEST,04,Budapest II. kerület,München,90
BUDAPEST,04,Budapest II. kerület,Nairobi,2
BUDAPEST,04,Budapest II. kerület,New York,51
BUDAPEST,04,Budapest II. kerület,Nicosia,7
BUDAPEST,04,Budapest II. kerület,Nürnberg,28
BUDAPEST,04,Budapest II. kerület,Oslo,18
BUDAPEST,04,Budapest II. kerület,Ottawa,1
BUDAPEST,04,Budapest II. kerület,Panamaváros,1
BUDAPEST,04,Budapest II. kerület,Párizs,86
BUDAPEST,04,Budapest II. kerület,Peking,1
BUDAPEST,04,Budapest II. kerület,Phnom Penh,1
BUDAPEST,04,Budapest II. kerület,Pozsony,3
BUDAPEST,04,Budapest II. kerület,Prága,18
BUDAPEST,04,Budapest II. kerület,Pretoria,5
BUDAPEST,04,Budapest II. kerület,Pristina,3
BUDAPEST,04,Budapest II. kerület,Rabat,3
BUDAPEST,04,Budapest II. kerület,Riga,3
BUDAPEST,04,Budapest II. kerület,Rijád,1
BUDAPEST,04,Budapest II. kerület,Róma,39
BUDAPEST,04,Budapest II. kerület,San Francisco,8
BUDAPEST,04,Budapest II. kerület,Sanghaj,2
BUDAPEST,04,Budapest II. kerület,Sao Paulo,5
BUDAPEST,04,Budapest II. kerület,Stockholm,40
BUDAPEST,04,Budapest II. kerület,Strasbourg,19
BUDAPEST,04,Budapest II. kerület,Stuttgart,64
BUDAPEST,04,Budapest II. kerület,Sydney,15
BUDAPEST,04,Budapest II. kerület,Szabadka,11
BUDAPEST,04,Budapest II. kerület,Szarajevó,2
BUDAPEST,04,Budapest II. kerület,Szingapúr,14
BUDAPEST,04,Budapest II. kerület,Szkopje,2
BUDAPEST,04,Budapest II. kerület,Szófia,5
BUDAPEST,04,Budapest II. kerület,Tallinn,4
BUDAPEST,04,Budapest II. kerület,Tbiliszi,10
BUDAPEST,04,Budapest II. kerület,Tel-Aviv,21
BUDAPEST,04,Budapest II. kerület,Tokió,11
BUDAPEST,04,Budapest II. kerület,Toronto,27
BUDAPEST,04,Budapest II. kerület,Tunisz,1
BUDAPEST,04,Budapest II. kerület,Újdelhi,6
BUDAPEST,04,Budapest II. kerület,Ulánbátor,2
BUDAPEST,04,Budapest II. kerület,Ungvár,2
BUDAPEST,04,Budapest II. kerület,Valletta,19
BUDAPEST,04,Budapest II. kerület,Vancouver,2
BUDAPEST,04,Budapest II. kerület,Varsó,4
BUDAPEST,04,Budapest II. kerület,Vientián,1
BUDAPEST,04,Budapest II. kerület,Washington,22
BUDAPEST,04,Budapest II. kerület,Wellington,1
BUDAPEST,04,Budapest II. kerület,Wroclaw,4
BUDAPEST,04,Budapest II. kerület,Zágráb,5
BUDAPEST,05,Budapest VII. kerület,Abu Dhabi,12
BUDAPEST,05,Budapest VII. kerület,Abuja,1
BUDAPEST,05,Budapest VII. kerület,Accra,1
BUDAPEST,05,Budapest VII. kerület,Amman,2
BUDAPEST,05,Budapest VII. kerület,Ankara,1
BUDAPEST,05,Budapest VII. kerület,Athén,3
BUDAPEST,05,Budapest VII. kerület,Bangkok,7
BUDAPEST,05,Budapest VII. kerület,Barcelona,40
BUDAPEST,05,Budapest VII. kerület,Bécs,42
BUDAPEST,05,Budapest VII. kerület,Bejrút,2
BUDAPEST,05,Budapest VII. kerület,Belgrád,6
BUDAPEST,05,Budapest VII. kerület,Beregszász,8
BUDAPEST,05,Budapest VII. kerület,Berlin,86
BUDAPEST,05,Budapest VII. kerület,Bern,71
BUDAPEST,05,Budapest VII. kerület,Bogota,2
BUDAPEST,05,Budapest VII. kerület,Brazíliaváros,1
BUDAPEST,05,Budapest VII. kerület,Brüsszel,57
BUDAPEST,05,Budapest VII. kerület,Buenos Aires,6
BUDAPEST,05,Budapest VII. kerület,Bukarest,9
BUDAPEST,05,Budapest VII. kerület,Canberra,5
BUDAPEST,05,Budapest VII. kerület,Chicago,8
BUDAPEST,05,Budapest VII. kerület,Csíkszereda,106
BUDAPEST,05,Budapest VII. kerület,Doha,2
BUDAPEST,05,Budapest VII. kerület,Dublin,25
BUDAPEST,05,Budapest VII. kerület,Düsseldorf,29
BUDAPEST,05,Budapest VII. kerület,Edinburgh,23
BUDAPEST,05,Budapest VII. kerület,Erbil,1
BUDAPEST,05,Budapest VII. kerület,Gdansk,1
BUDAPEST,05,Budapest VII. kerület,Genf,25
BUDAPEST,05,Budapest VII. kerület,Hága,73
BUDAPEST,05,Budapest VII. kerület,Havanna,2
BUDAPEST,05,Budapest VII. kerület,Helsinki,11
BUDAPEST,05,Budapest VII. kerület,Ho Si Minh-város,2
BUDAPEST,05,Budapest VII. kerület,Hongkong,1
BUDAPEST,05,Budapest VII. kerület,Houston,9
BUDAPEST,05,Budapest VII. kerület,Innsbruck,7
BUDAPEST,05,Budapest VII. kerület,Isztambul,7
BUDAPEST,05,Budapest VII. kerület,Jakarta,2
BUDAPEST,05,Budapest VII. kerület,Kairó,4
BUDAPEST,05,Budapest VII. kerület,Kolozsvár,39
BUDAPEST,05,Budapest VII. kerület,Koppenhága,22
BUDAPEST,05,Budapest VII. kerület,Krakkó,4
BUDAPEST,05,Budapest VII. kerület,Kuala Lumpur,1
BUDAPEST,05,Budapest VII. kerület,Kuangcsou,2
BUDAPEST,05,Budapest VII. kerület,Kuvait,2
BUDAPEST,05,Budapest VII. kerület,Lima,1
BUDAPEST,05,Budapest VII. kerület,Lisszabon,15
BUDAPEST,05,Budapest VII. kerület,Ljubljana,1
BUDAPEST,05,Budapest VII. kerület,London,216
BUDAPEST,05,Budapest VII. kerület,Los Angeles,13
BUDAPEST,05,Budapest VII. kerület,Luxembourg,28
BUDAPEST,05,Budapest VII. kerület,Lviv,1
BUDAPEST,05,Budapest VII. kerület,Lyon,4
BUDAPEST,05,Budapest VII. kerület,Madrid,23
BUDAPEST,05,Budapest VII. kerület,Malaga,19
BUDAPEST,05,Budapest VII. kerület,Manchester,31
BUDAPEST,05,Budapest VII. kerület,Manila,3
BUDAPEST,05,Budapest VII. kerület,Maszkat,3
BUDAPEST,05,Budapest VII. kerület,Melbourne,4
BUDAPEST,05,Budapest VII. kerület,Mexikóváros,1
BUDAPEST,05,Budapest VII. kerület,Miami,11
BUDAPEST,05,Budapest VII. kerület,Milánó,22
BUDAPEST,05,Budapest VII. kerület,Montreal,12
BUDAPEST,05,Budapest VII. kerület,Moszkva,7
BUDAPEST,05,Budapest VII. kerület,Mumbai,3
BUDAPEST,05,Budapest VII. kerület,München,61
BUDAPEST,05,Budapest VII. kerület,Nairobi,2
BUDAPEST,05,Budapest VII. kerület,New York,45
BUDAPEST,05,Budapest VII. kerület,Nicosia,6
BUDAPEST,05,Budapest VII. kerület,Nur-Szultán,1
BUDAPEST,05,Budapest VII. kerület,Nürnberg,16
BUDAPEST,05,Budapest VII. kerület,Oslo,16
BUDAPEST,05,Budapest VII. kerület,Ottawa,3
BUDAPEST,05,Budapest VII. kerület,Párizs,60
BUDAPEST,05,Budapest VII. kerület,Peking,2
BUDAPEST,05,Budapest VII. kerület,Phnom Penh,1
BUDAPEST,05,Budapest VII. kerület,Pozsony,4
BUDAPEST,05,Budapest VII. kerület,Prága,10
BUDAPEST,05,Budapest VII. kerület,Pretoria,2
BUDAPEST,05,Budapest VII. kerület,Pristina,5
BUDAPEST,05,Budapest VII. kerület,Rabat,1
BUDAPEST,05,Budapest VII. kerület,Róma,12
BUDAPEST,05,Budapest VII. kerület,San Francisco,11
BUDAPEST,05,Budapest VII. kerület,Sanghaj,1
BUDAPEST,05,Budapest VII. kerület,Sao Paulo,3
BUDAPEST,05,Budapest VII. kerület,Stockholm,44
BUDAPEST,05,Budapest VII. kerület,Strasbourg,4
BUDAPEST,05,Budapest VII. kerület,Stuttgart,49
BUDAPEST,05,Budapest VII. kerület,Sydney,12
BUDAPEST,05,Budapest VII. kerület,Szabadka,30
BUDAPEST,05,Budapest VII. kerület,Szarajevó,2
BUDAPEST,05,Budapest VII. kerület,Szentpétervár,1
BUDAPEST,05,Budapest VII. kerület,Szingapúr,3
BUDAPEST,05,Budapest VII. kerület,Szófia,5
BUDAPEST,05,Budapest VII. kerület,Szöul,3
BUDAPEST,05,Budapest VII. kerület,Tallinn,1
BUDAPEST,05,Budapest VII. kerület,Taskent,1
BUDAPEST,05,Budapest VII. kerület,Teherán,2
BUDAPEST,05,Budapest VII. kerület,Tel-Aviv,18
BUDAPEST,05,Budapest VII. kerület,Tokió,3
BUDAPEST,05,Budapest VII. kerület,Toronto,6
BUDAPEST,05,Budapest VII. kerület,Tunisz,5
BUDAPEST,05,Budapest VII. kerület,Ulánbátor,2
BUDAPEST,05,Budapest VII. kerület,Ungvár,3
BUDAPEST,05,Budapest VII. kerület,Valletta,15
BUDAPEST,05,Budapest VII. kerület,Vancouver,7
BUDAPEST,05,Budapest VII. kerület,Varsó,3
BUDAPEST,05,Budapest VII. kerület,Vilnius,4
BUDAPEST,05,Budapest VII. kerület,Washington,20
BUDAPEST,05,Budapest VII. kerület,Wellington,1
BUDAPEST,05,Budapest VII. kerület,Wroclaw,2
BUDAPEST,05,Budapest VII. kerület,Zágráb,6
BUDAPEST,06,Budapest VIII. kerület,Abu Dhabi,9
BUDAPEST,06,Budapest VIII. kerület,Ankara,5
BUDAPEST,06,Budapest VIII. kerület,Athén,7
BUDAPEST,06,Budapest VIII. kerület,Baku,2
BUDAPEST,06,Budapest VIII. kerület,Bangkok,2
BUDAPEST,06,Budapest VIII. kerület,Barcelona,20
BUDAPEST,06,Budapest VIII. kerület,Bécs,29
BUDAPEST,06,Budapest VIII. kerület,Belgrád,1
BUDAPEST,06,Budapest VIII. kerület,Beregszász,4
BUDAPEST,06,Budapest VIII. kerület,Berlin,72
BUDAPEST,06,Budapest VIII. kerület,Bern,57
BUDAPEST,06,Budapest VIII. kerület,Bogota,1
BUDAPEST,06,Budapest VIII. kerület,Brüsszel,50
BUDAPEST,06,Budapest VIII. kerület,Buenos Aires,1
BUDAPEST,06,Budapest VIII. kerület,Bukarest,3
BUDAPEST,06,Budapest VIII. kerület,Chicago,8
BUDAPEST,06,Budapest VIII. kerület,Chisinau,1
BUDAPEST,06,Budapest VIII. kerület,Csíkszereda,73
BUDAPEST,06,Budapest VIII. kerület,Doha,2
BUDAPEST,06,Budapest VIII. kerület,Dublin,29
BUDAPEST,06,Budapest VIII. kerület,Düsseldorf,35
BUDAPEST,06,Budapest VIII. kerület,Edinburgh,21
BUDAPEST,06,Budapest VIII. kerület,Erbil,2
BUDAPEST,06,Budapest VIII. kerület,Gdansk,1
BUDAPEST,06,Budapest VIII. kerület,Genf,8
BUDAPEST,06,Budapest VIII. kerület,Hága,69
BUDAPEST,06,Budapest VIII. kerület,Hanoi,2
BUDAPEST,06,Budapest VIII. kerület,Havanna,2
BUDAPEST,06,Budapest VIII. kerület,Helsinki,4
BUDAPEST,06,Budapest VIII. kerület,Ho Si Minh-város,1
BUDAPEST,06,Budapest VIII. kerület,Hongkong,3
BUDAPEST,06,Budapest VIII. kerület,Houston,4
BUDAPEST,06,Budapest VIII. kerület,Innsbruck,11
BUDAPEST,06,Budapest VIII. kerület,Isztambul,1
BUDAPEST,06,Budapest VIII. kerület,Jakarta,2
BUDAPEST,06,Budapest VIII. kerület,Kairó,4
BUDAPEST,06,Budapest VIII. kerület,Kazan,1
BUDAPEST,06,Budapest VIII. kerület,Kolozsvár,22
BUDAPEST,06,Budapest VIII. kerület,Koppenhága,45
BUDAPEST,06,Budapest VIII. kerület,Kuala Lumpur,3
BUDAPEST,06,Budapest VIII. kerület,Kuvait,1
BUDAPEST,06,Budapest VIII. kerület,Lisszabon,24
BUDAPEST,06,Budapest VIII. kerület,Ljubljana,4
BUDAPEST,06,Budapest VIII. kerület,London,132
BUDAPEST,06,Budapest VIII. kerület,Los Angeles,9
BUDAPEST,06,Budapest VIII. kerület,Luxembourg,14
BUDAPEST,06,Budapest VIII. kerület,Lyon,7
BUDAPEST,06,Budapest VIII. kerület,Madrid,11
BUDAPEST,06,Budapest VIII. kerület,Malaga,8
BUDAPEST,06,Budapest VIII. kerület,Manchester,25
BUDAPEST,06,Budapest VIII. kerület,Maszkat,2
BUDAPEST,06,Budapest VIII. kerület,Melbourne,7
BUDAPEST,06,Budapest VIII. kerület,Mexikóváros,5
BUDAPEST,06,Budapest VIII. kerület,Miami,8
BUDAPEST,06,Budapest VIII. kerület,Milánó,18
BUDAPEST,06,Budapest VIII. kerület,Montreal,2
BUDAPEST,06,Budapest VIII. kerület,Moszkva,5
BUDAPEST,06,Budapest VIII. kerület,Mumbai,1
BUDAPEST,06,Budapest VIII. kerület,München,54
BUDAPEST,06,Budapest VIII. kerület,Nairobi,1
BUDAPEST,06,Budapest VIII. kerület,New York,30
BUDAPEST,06,Budapest VIII. kerület,Nicosia,2
BUDAPEST,06,Budapest VIII. kerület,Nur-Szultán,1
BUDAPEST,06,Budapest VIII. kerület,Nürnberg,12
BUDAPEST,06,Budapest VIII. kerület,Oslo,14
BUDAPEST,06,Budapest VIII. kerület,Párizs,28
BUDAPEST,06,Budapest VIII. kerület,Podgorica,1
BUDAPEST,06,Budapest VIII. kerület,Pozsony,1
BUDAPEST,06,Budapest VIII. kerület,Prága,7
BUDAPEST,06,Budapest VIII. kerület,Pretoria,3
BUDAPEST,06,Budapest VIII. kerület,Quito,2
BUDAPEST,06,Budapest VIII. kerület,Rabat,1
BUDAPEST,06,Budapest VIII. kerület,Riga,1
BUDAPEST,06,Budapest VIII. kerület,Rijád,4
BUDAPEST,06,Budapest VIII. kerület,Róma,15
BUDAPEST,06,Budapest VIII. kerület,San Francisco,11
BUDAPEST,06,Budapest VIII. kerület,Sanghaj,3
BUDAPEST,06,Budapest VIII. kerület,Santiago de Chile,2
BUDAPEST,06,Budapest VIII. kerület,Sao Paulo,1
BUDAPEST,06,Budapest VIII. kerület,Stockholm,25
BUDAPEST,06,Budapest VIII. kerület,Strasbourg,4
BUDAPEST,06,Budapest VIII. kerület,Stuttgart,60
BUDAPEST,06,Budapest VIII. kerület,Sydney,4
BUDAPEST,06,Budapest VIII. kerület,Szabadka,23
BUDAPEST,06,Budapest VIII. kerület,Szarajevó,1
BUDAPEST,06,Budapest VIII. kerület,Szingapúr,4
BUDAPEST,06,Budapest VIII. kerület,Szkopje,2
BUDAPEST,06,Budapest VIII. kerület,Szófia,4
BUDAPEST,06,Budapest VIII. kerület,Szöul,4
BUDAPEST,06,Budapest VIII. kerület,Tallinn,6
BUDAPEST,06,Budapest VIII. kerület,Tbiliszi,1
BUDAPEST,06,Budapest VIII. kerület,Tel-Aviv,7
BUDAPEST,06,Budapest VIII. kerület,Tokió,3
BUDAPEST,06,Budapest VIII. kerület,Toronto,7
BUDAPEST,06,Budapest VIII. kerület,Ungvár,4
BUDAPEST,06,Budapest VIII. kerület,Valletta,13
BUDAPEST,06,Budapest VIII. kerület,Vancouver,1
BUDAPEST,06,Budapest VIII. kerület,Varsó,4
BUDAPEST,06,Budapest VIII. kerület,Vilnius,1
BUDAPEST,06,Budapest VIII. kerület,Washington,2
BUDAPEST,06,Budapest VIII. kerület,Wroclaw,1
BUDAPEST,06,Budapest VIII. kerület,Zágráb,1
BUDAPEST,07,Budapest XIII. kerület,Abu Dhabi,13
BUDAPEST,07,Budapest XIII. kerület,Algír,1
BUDAPEST,07,Budapest XIII. kerület,Amman,3
BUDAPEST,07,Budapest XIII. kerület,Athén,12
BUDAPEST,07,Budapest XIII. kerület,Baku,2
BUDAPEST,07,Budapest XIII. kerület,Bangkok,6
BUDAPEST,07,Budapest XIII. kerület,Barcelona,28
BUDAPEST,07,Budapest XIII. kerület,Bécs,56
BUDAPEST,07,Budapest XIII. kerület,Bejrút,6
BUDAPEST,07,Budapest XIII. kerület,Belgrád,5
BUDAPEST,07,Budapest XIII. kerület,Beregszász,5
BUDAPEST,07,Budapest XIII. kerület,Berlin,76
BUDAPEST,07,Budapest XIII. kerület,Bern,86
BUDAPEST,07,Budapest XIII. kerület,Bogota,1
BUDAPEST,07,Budapest XIII. kerület,Brüsszel,73
BUDAPEST,07,Budapest XIII. kerület,Buenos Aires,1
BUDAPEST,07,Budapest XIII. kerület,Bukarest,4
BUDAPEST,07,Budapest XIII. kerület,Chicago,5
BUDAPEST,07,Budapest XIII. kerület,Csíkszereda,48
BUDAPEST,07,Budapest XIII. kerület,Doha,4
BUDAPEST,07,Budapest XIII. kerület,Dublin,29
BUDAPEST,07,Budapest XIII. kerület,Düsseldorf,44
BUDAPEST,07,Budapest XIII. kerület,Edinburgh,27
BUDAPEST,07,Budapest XIII. kerület,Gdansk,5
BUDAPEST,07,Budapest XIII. kerület,Genf,30
BUDAPEST,07,Budapest XIII. kerület,Hága,107
BUDAPEST,07,Budapest XIII. kerület,Helsinki,7
BUDAPEST,07,Budapest XIII. kerület,Hongkong,1
BUDAPEST,07,Budapest XIII. kerület,Houston,6
BUDAPEST,07,Budapest XIII. kerület,Innsbruck,6
BUDAPEST,07,Budapest XIII. kerület,Isztambul,4
BUDAPEST,07,Budapest XIII. kerület,Jakarta,5
BUDAPEST,07,Budapest XIII. kerület,Kairó,2
BUDAPEST,07,Budapest XIII. kerület,Kolozsvár,15
BUDAPEST,07,Budapest XIII. kerület,Koppenhága,37
BUDAPEST,07,Budapest XIII. kerület,Krakkó,2
BUDAPEST,07,Budapest XIII. kerület,Kuangcsou,1
BUDAPEST,07,Budapest XIII. kerület,Kuvait,1
BUDAPEST,07,Budapest XIII. kerület,Lima,2
BUDAPEST,07,Budapest XIII. kerület,Lisszabon,23
BUDAPEST,07,Budapest XIII. kerület,Ljubljana,6
BUDAPEST,07,Budapest XIII. kerület,London,193
BUDAPEST,07,Budapest XIII. kerület,Los Angeles,16
BUDAPEST,07,Budapest XIII. kerület,Luanda,1
BUDAPEST,07,Budapest XIII. kerület,Luxembourg,24
BUDAPEST,07,Budapest XIII. kerület,Lviv,1
BUDAPEST,07,Budapest XIII. kerület,Lyon,8
BUDAPEST,07,Budapest XIII. kerület,Madrid,23
BUDAPEST,07,Budapest XIII. kerület,Malaga,26
BUDAPEST,07,Budapest XIII. kerület,Manchester,30
BUDAPEST,07,Budapest XIII. kerület,Manila,1
BUDAPEST,07,Budapest XIII. kerület,Melbourne,5
BUDAPEST,07,Budapest XIII. kerület,Mexikóváros,5
BUDAPEST,07,Budapest XIII. kerület,Miami,6
BUDAPEST,07,Budapest XIII. kerület,Milánó,11
BUDAPEST,07,Budapest XIII. kerület,Montreal,3
BUDAPEST,07,Budapest XIII. kerület,Moszkva,6
BUDAPEST,07,Budapest XIII. kerület,München,75
BUDAPEST,07,Budapest XIII. kerület,New York,41
BUDAPEST,07,Budapest XIII. kerület,Nicosia,6
BUDAPEST,07,Budapest XIII. kerület,Nürnberg,22
BUDAPEST,07,Budapest XIII. kerület,Oslo,15
BUDAPEST,07,Budapest XIII. kerület,Ottawa,2
BUDAPEST,07,Budapest XIII. kerület,Panamaváros,1
BUDAPEST,07,Budapest XIII. kerület,Párizs,41
BUDAPEST,07,Budapest XIII. kerület,Peking,3
BUDAPEST,07,Budapest XIII. kerület,Podgorica,3
BUDAPEST,07,Budapest XIII. kerület,Pozsony,4
BUDAPEST,07,Budapest XIII. kerület,Prága,13
BUDAPEST,07,Budapest XIII. kerület,Pretoria,2
BUDAPEST,07,Budapest XIII. kerület,Pristina,5
BUDAPEST,07,Budapest XIII. kerület,Rabat,2
BUDAPEST,07,Budapest XIII. kerület,Riga,2
BUDAPEST,07,Budapest XIII. kerület,Róma,23
BUDAPEST,07,Budapest XIII. kerület,San Francisco,11
BUDAPEST,07,Budapest XIII. kerület,Sanghaj,2
BUDAPEST,07,Budapest XIII. kerület,Santiago de Chile,1
BUDAPEST,07,Budapest XIII. kerület,Sao Paulo,4
BUDAPEST,07,Budapest XIII. kerület,Stockholm,28
BUDAPEST,07,Budapest XIII. kerület,Strasbourg,7
BUDAPEST,07,Budapest XIII. kerület,Stuttgart,47
BUDAPEST,07,Budapest XIII. kerület,Sydney,12
BUDAPEST,07,Budapest XIII. kerület,Szabadka,33
BUDAPEST,07,Budapest XIII. kerület,Szarajevó,3
BUDAPEST,07,Budapest XIII. kerület,Szentpétervár,1
BUDAPEST,07,Budapest XIII. kerület,Szingapúr,1
BUDAPEST,07,Budapest XIII. kerület,Szkopje,2
BUDAPEST,07,Budapest XIII. kerület,Szófia,3
BUDAPEST,07,Budapest XIII. kerület,Szöul,1
BUDAPEST,07,Budapest XIII. kerület,Tallinn,5
BUDAPEST,07,Budapest XIII. kerület,Tbiliszi,1
BUDAPEST,07,Budapest XIII. kerület,Teherán,1
BUDAPEST,07,Budapest XIII. kerület,Tel-Aviv,22
BUDAPEST,07,Budapest XIII. kerület,Tirana,1
BUDAPEST,07,Budapest XIII. kerület,Tokió,7
BUDAPEST,07,Budapest XIII. kerület,Toronto,22
BUDAPEST,07,Budapest XIII. kerület,Tunisz,3
BUDAPEST,07,Budapest XIII. kerület,Ungvár,3
BUDAPEST,07,Budapest XIII. kerület,Valletta,16
BUDAPEST,07,Budapest XIII. kerület,Vancouver,3
BUDAPEST,07,Budapest XIII. kerület,Varsó,6
BUDAPEST,07,Budapest XIII. kerület,Washington,22
BUDAPEST,07,Budapest XIII. kerület,Wellington,3
BUDAPEST,07,Budapest XIII. kerület,Wroclaw,1
BUDAPEST,07,Budapest XIII. kerület,Zágráb,4
BUDAPEST,08,Budapest XIV. kerület,Abu Dhabi,7
BUDAPEST,08,Budapest XIV. kerület,Amman,3
BUDAPEST,08,Budapest XIV. kerület,Athén,10
BUDAPEST,08,Budapest XIV. kerület,Baku,2
BUDAPEST,08,Budapest XIV. kerület,Bangkok,3
BUDAPEST,08,Budapest XIV. kerület,Barcelona,25
BUDAPEST,08,Budapest XIV. kerület,Bécs,59
BUDAPEST,08,Budapest XIV. kerület,Belgrád,9
BUDAPEST,08,Budapest XIV. kerület,Beregszász,8
BUDAPEST,08,Budapest XIV. kerület,Berlin,58
BUDAPEST,08,Budapest XIV. kerület,Bern,65
BUDAPEST,08,Budapest XIV. kerület,Biskek,1
BUDAPEST,08,Budapest XIV. kerület,Bogota,1
BUDAPEST,08,Budapest XIV. kerület,Brüsszel,75
BUDAPEST,08,Budapest XIV. kerület,Buenos Aires,1
BUDAPEST,08,Budapest XIV. kerület,Bukarest,3
BUDAPEST,08,Budapest XIV. kerület,Canberra,2
BUDAPEST,08,Budapest XIV. kerület,Chicago,9
BUDAPEST,08,Budapest XIV. kerület,Chisinau,1
BUDAPEST,08,Budapest XIV. kerület,Csíkszereda,71
BUDAPEST,08,Budapest XIV. kerület,Csungking,2
BUDAPEST,08,Budapest XIV. kerület,Doha,1
BUDAPEST,08,Budapest XIV. kerület,Dublin,21
BUDAPEST,08,Budapest XIV. kerület,Düsseldorf,39
BUDAPEST,08,Budapest XIV. kerület,Edinburgh,17
BUDAPEST,08,Budapest XIV. kerület,Erbil,1
BUDAPEST,08,Budapest XIV. kerület,Genf,17
BUDAPEST,08,Budapest XIV. kerület,Hága,86
BUDAPEST,08,Budapest XIV. kerület,Hanoi,3
BUDAPEST,08,Budapest XIV. kerület,Helsinki,7
BUDAPEST,08,Budapest XIV. kerület,Hongkong,1
BUDAPEST,08,Budapest XIV. kerület,Houston,9
BUDAPEST,08,Budapest XIV. kerület,Innsbruck,1
BUDAPEST,08,Budapest XIV. kerület,Iszlámábád,1
BUDAPEST,08,Budapest XIV. kerület,Isztambul,6
BUDAPEST,08,Budapest XIV. kerület,Jakarta,4
BUDAPEST,08,Budapest XIV. kerület,Jekatyerinburg,2
BUDAPEST,08,Budapest XIV. kerület,Kairó,1
BUDAPEST,08,Budapest XIV. kerület,Kazan,1
BUDAPEST,08,Budapest XIV. kerület,Kolozsvár,19
BUDAPEST,08,Budapest XIV. kerület,Koppenhága,33
BUDAPEST,08,Budapest XIV. kerület,Krakkó,2
BUDAPEST,08,Budapest XIV. kerület,Kuvait,1
BUDAPEST,08,Budapest XIV. kerület,Lima,2
BUDAPEST,08,Budapest XIV. kerület,Lisszabon,15
BUDAPEST,08,Budapest XIV. kerület,Ljubljana,2
BUDAPEST,08,Budapest XIV. kerület,London,180
BUDAPEST,08,Budapest XIV. kerület,Los Angeles,9
BUDAPEST,08,Budapest XIV. kerület,Luxembourg,22
BUDAPEST,08,Budapest XIV. kerület,Lyon,13
BUDAPEST,08,Budapest XIV. kerület,Madrid,11
BUDAPEST,08,Budapest XIV. kerület,Malaga,17
BUDAPEST,08,Budapest XIV. kerület,Manchester,29
BUDAPEST,08,Budapest XIV. kerület,Melbourne,5
BUDAPEST,08,Budapest XIV. kerület,Miami,7
BUDAPEST,08,Budapest XIV. kerület,Milánó,14
BUDAPEST,08,Budapest XIV. kerület,Montreal,5
BUDAPEST,08,Budapest XIV. kerület,Moszkva,6
BUDAPEST,08,Budapest XIV. kerület,Mumbai,1
BUDAPEST,08,Budapest XIV. kerület,München,57
BUDAPEST,08,Budapest XIV. kerület,Nairobi,2
BUDAPEST,08,Budapest XIV. kerület,New York,25
BUDAPEST,08,Budapest XIV. kerület,Nicosia,8
BUDAPEST,08,Budapest XIV. kerület,Nürnberg,25
BUDAPEST,08,Budapest XIV. kerület,Oslo,7
BUDAPEST,08,Budapest XIV. kerület,Ottawa,3
BUDAPEST,08,Budapest XIV. kerület,Párizs,38
BUDAPEST,08,Budapest XIV. kerület,Peking,3
BUDAPEST,08,Budapest XIV. kerület,Phnom Penh,1
BUDAPEST,08,Budapest XIV. kerület,Prága,14
BUDAPEST,08,Budapest XIV. kerület,Pretoria,2
BUDAPEST,08,Budapest XIV. kerület,Pristina,1
BUDAPEST,08,Budapest XIV. kerület,Quito,2
BUDAPEST,08,Budapest XIV. kerület,Rabat,2
BUDAPEST,08,Budapest XIV. kerület,Ramallah,1
BUDAPEST,08,Budapest XIV. kerület,Riga,1
BUDAPEST,08,Budapest XIV. kerület,Róma,24
BUDAPEST,08,Budapest XIV. kerület,San Francisco,4
BUDAPEST,08,Budapest XIV. kerület,Sao Paulo,1
BUDAPEST,08,Budapest XIV. kerület,Stockholm,31
BUDAPEST,08,Budapest XIV. kerület,Strasbourg,5
BUDAPEST,08,Budapest XIV. kerület,Stuttgart,62
BUDAPEST,08,Budapest XIV. kerület,Sydney,10
BUDAPEST,08,Budapest XIV. kerület,Szabadka,18
BUDAPEST,08,Budapest XIV. kerület,Szarajevó,6
BUDAPEST,08,Budapest XIV. kerület,Szentpétervár,1
BUDAPEST,08,Budapest XIV. kerület,Szingapúr,3
BUDAPEST,08,Budapest XIV. kerület,Szkopje,1
BUDAPEST,08,Budapest XIV. kerület,Szófia,1
BUDAPEST,08,Budapest XIV. kerület,Szöul,1
BUDAPEST,08,Budapest XIV. kerület,Tallinn,4
BUDAPEST,08,Budapest XIV. kerület,Tbiliszi,1
BUDAPEST,08,Budapest XIV. kerület,Tel-Aviv,13
BUDAPEST,08,Budapest XIV. kerület,Tirana,3
BUDAPEST,08,Budapest XIV. kerület,Tokió,1
BUDAPEST,08,Budapest XIV. kerület,Toronto,11
BUDAPEST,08,Budapest XIV. kerület,Újdelhi,2
BUDAPEST,08,Budapest XIV. kerület,Ungvár,7
BUDAPEST,08,Budapest XIV. kerület,Valletta,13
BUDAPEST,08,Budapest XIV. kerület,Vancouver,8
BUDAPEST,08,Budapest XIV. kerület,Varsó,7
BUDAPEST,08,Budapest XIV. kerület,Washington,7
BUDAPEST,08,Budapest XIV. kerület,Wellington,1
BUDAPEST,08,Budapest XIV. kerület,Wroclaw,1
BUDAPEST,08,Budapest XIV. kerület,Zágráb,5
BUDAPEST,09,Budapest X. kerület,Abu Dhabi,8
BUDAPEST,09,Budapest X. kerület,Amman,2
BUDAPEST,09,Budapest X. kerület,Ankara,1
BUDAPEST,09,Budapest X. kerület,Athén,3
BUDAPEST,09,Budapest X. kerület,Bangkok,1
BUDAPEST,09,Budapest X. kerület,Barcelona,6
BUDAPEST,09,Budapest X. kerület,Bécs,13
BUDAPEST,09,Budapest X. kerület,Belgrád,3
BUDAPEST,09,Budapest X. kerület,Beregszász,7
BUDAPEST,09,Budapest X. kerület,Berlin,29
BUDAPEST,09,Budapest X. kerület,Bern,17
BUDAPEST,09,Budapest X. kerület,Brüsszel,37
BUDAPEST,09,Budapest X. kerület,Canberra,1
BUDAPEST,09,Budapest X. kerület,Chicago,2
BUDAPEST,09,Budapest X. kerület,Csíkszereda,33
BUDAPEST,09,Budapest X. kerület,Doha,1
BUDAPEST,09,Budapest X. kerület,Dublin,12
BUDAPEST,09,Budapest X. kerület,Düsseldorf,24
BUDAPEST,09,Budapest X. kerület,Edinburgh,19
BUDAPEST,09,Budapest X. kerület,Eszék,1
BUDAPEST,09,Budapest X. kerület,Gdansk,3
BUDAPEST,09,Budapest X. kerület,Genf,5
BUDAPEST,09,Budapest X. kerület,Hága,39
BUDAPEST,09,Budapest X. kerület,Havanna,2
BUDAPEST,09,Budapest X. kerület,Helsinki,7
BUDAPEST,09,Budapest X. kerület,Ho Si Minh-város,1
BUDAPEST,09,Budapest X. kerület,Houston,1
BUDAPEST,09,Budapest X. kerület,Innsbruck,7
BUDAPEST,09,Budapest X. kerület,Isztambul,2
BUDAPEST,09,Budapest X. kerület,Kolozsvár,14
BUDAPEST,09,Budapest X. kerület,Koppenhága,16
BUDAPEST,09,Budapest X. kerület,Krakkó,6
BUDAPEST,09,Budapest X. kerület,Lisszabon,11
BUDAPEST,09,Budapest X. kerület,London,96
BUDAPEST,09,Budapest X. kerület,Los Angeles,4
BUDAPEST,09,Budapest X. kerület,Luxembourg,14
BUDAPEST,09,Budapest X. kerület,Lyon,2
BUDAPEST,09,Budapest X. kerület,Madrid,7
BUDAPEST,09,Budapest X. kerület,Malaga,4
BUDAPEST,09,Budapest X. kerület,Manchester,19
BUDAPEST,09,Budapest X. kerület,Melbourne,1
BUDAPEST,09,Budapest X. kerület,Miami,1
BUDAPEST,09,Budapest X. kerület,Milánó,11
BUDAPEST,09,Budapest X. kerület,Minszk,1
BUDAPEST,09,Budapest X. kerület,Montreal,1
BUDAPEST,09,Budapest X. kerület,Moszkva,2
BUDAPEST,09,Budapest X. kerület,München,56
BUDAPEST,09,Budapest X. kerület,Nairobi,1
BUDAPEST,09,Budapest X. kerület,New York,15
BUDAPEST,09,Budapest X. kerület,Nicosia,2
BUDAPEST,09,Budapest X. kerület,Nürnberg,20
BUDAPEST,09,Budapest X. kerület,Oslo,10
BUDAPEST,09,Budapest X. kerület,Ottawa,1
BUDAPEST,09,Budapest X. kerület,Párizs,20
BUDAPEST,09,Budapest X. kerület,Peking,2
BUDAPEST,09,Budapest X. kerület,Podgorica,1
BUDAPEST,09,Budapest X. kerület,Pozsony,3
BUDAPEST,09,Budapest X. kerület,Prága,4
BUDAPEST,09,Budapest X. kerület,Pretoria,3
BUDAPEST,09,Budapest X. kerület,Róma,9
BUDAPEST,09,Budapest X. kerület,San Francisco,5
BUDAPEST,09,Budapest X. kerület,Sao Paulo,1
BUDAPEST,09,Budapest X. kerület,Stockholm,16
BUDAPEST,09,Budapest X. kerület,Stuttgart,28
BUDAPEST,09,Budapest X. kerület,Sydney,4
BUDAPEST,09,Budapest X. kerület,Szabadka,13
BUDAPEST,09,Budapest X. kerület,Szarajevó,1
BUDAPEST,09,Budapest X. kerület,Szkopje,1
BUDAPEST,09,Budapest X. kerület,Szófia,2
BUDAPEST,09,Budapest X. kerület,Szöul,1
BUDAPEST,09,Budapest X. kerület,Tel-Aviv,5
BUDAPEST,09,Budapest X. kerület,Tirana,2
BUDAPEST,09,Budapest X. kerület,Tokió,1
BUDAPEST,09,Budapest X. kerület,Toronto,10
BUDAPEST,09,Budapest X. kerület,Ungvár,8
BUDAPEST,09,Budapest X. kerület,Valletta,2
BUDAPEST,09,Budapest X. kerület,Vancouver,7
BUDAPEST,09,Budapest X. kerület,Varsó,5
BUDAPEST,09,Budapest X. kerület,Vilnius,1
BUDAPEST,09,Budapest X. kerület,Washington,8
BUDAPEST,09,Budapest X. kerület,Wellington,1
BUDAPEST,09,Budapest X. kerület,Zágráb,1
BUDAPEST,10,Budapest III. kerület,Abu Dhabi,5
BUDAPEST,10,Budapest III. kerület,Athén,8
BUDAPEST,10,Budapest III. kerület,Baku,2
BUDAPEST,10,Budapest III. kerület,Bangkok,4
BUDAPEST,10,Budapest III. kerület,Barcelona,24
BUDAPEST,10,Budapest III. kerület,Bécs,30
BUDAPEST,10,Budapest III. kerület,Belgrád,1
BUDAPEST,10,Budapest III. kerület,Beregszász,3
BUDAPEST,10,Budapest III. kerület,Berlin,39
BUDAPEST,10,Budapest III. kerület,Bern,42
BUDAPEST,10,Budapest III. kerület,Biskek,4
BUDAPEST,10,Budapest III. kerület,Brüsszel,42
BUDAPEST,10,Budapest III. kerület,Bukarest,1
BUDAPEST,10,Budapest III. kerület,Chicago,1
BUDAPEST,10,Budapest III. kerület,Csíkszereda,40
BUDAPEST,10,Budapest III. kerület,Dublin,18
BUDAPEST,10,Budapest III. kerület,Düsseldorf,18
BUDAPEST,10,Budapest III. kerület,Edinburgh,29
BUDAPEST,10,Budapest III. kerület,Genf,8
BUDAPEST,10,Budapest III. kerület,Hága,74
BUDAPEST,10,Budapest III. kerület,Havanna,1
BUDAPEST,10,Budapest III. kerület,Helsinki,11
BUDAPEST,10,Budapest III. kerület,Ho Si Minh-város,2
BUDAPEST,10,Budapest III. kerület,Houston,3
BUDAPEST,10,Budapest III. kerület,Innsbruck,7
BUDAPEST,10,Budapest III. kerület,Isztambul,2
BUDAPEST,10,Budapest III. kerület,Jakarta,2
BUDAPEST,10,Budapest III. kerület,Kolozsvár,19
BUDAPEST,10,Budapest III. kerület,Koppenhága,24
BUDAPEST,10,Budapest III. kerület,Krakkó,1
BUDAPEST,10,Budapest III. kerület,Kuvait,1
BUDAPEST,10,Budapest III. kerület,Lisszabon,3
BUDAPEST,10,Budapest III. kerület,Ljubljana,2
BUDAPEST,10,Budapest III. kerület,London,120
BUDAPEST,10,Budapest III. kerület,Los Angeles,7
BUDAPEST,10,Budapest III. kerület,Lusaka,1
BUDAPEST,10,Budapest III. kerület,Luxembourg,14
BUDAPEST,10,Budapest III. kerület,Lyon,5
BUDAPEST,10,Budapest III. kerület,Madrid,16
BUDAPEST,10,Budapest III. kerület,Malaga,6
BUDAPEST,10,Budapest III. kerület,Manchester,20
BUDAPEST,10,Budapest III. kerület,Manila,3
BUDAPEST,10,Budapest III. kerület,Maszkat,1
BUDAPEST,10,Budapest III. kerület,Melbourne,8
BUDAPEST,10,Budapest III. kerület,Miami,4
BUDAPEST,10,Budapest III. kerület,Milánó,10
BUDAPEST,10,Budapest III. kerület,Moszkva,1
BUDAPEST,10,Budapest III. kerület,Mumbai,1
BUDAPEST,10,Budapest III. kerület,München,40
BUDAPEST,10,Budapest III. kerület,Nairobi,1
BUDAPEST,10,Budapest III. kerület,New York,13
BUDAPEST,10,Budapest III. kerület,Nicosia,2
BUDAPEST,10,Budapest III. kerület,Nürnberg,30
BUDAPEST,10,Budapest III. kerület,Oslo,11
BUDAPEST,10,Budapest III. kerület,Párizs,29
BUDAPEST,10,Budapest III. kerület,Peking,2
BUDAPEST,10,Budapest III. kerület,Podgorica,4
BUDAPEST,10,Budapest III. kerület,Pozsony,3
BUDAPEST,10,Budapest III. kerület,Prága,13
BUDAPEST,10,Budapest III. kerület,Pretoria,5
BUDAPEST,10,Budapest III. kerület,Quito,1
BUDAPEST,10,Budapest III. kerület,Riga,1
BUDAPEST,10,Budapest III. kerület,Rijád,1
BUDAPEST,10,Budapest III. kerület,Róma,16
BUDAPEST,10,Budapest III. kerület,San Francisco,6
BUDAPEST,10,Budapest III. kerület,Sanghaj,3
BUDAPEST,10,Budapest III. kerület,Stockholm,23
BUDAPEST,10,Budapest III. kerület,Strasbourg,9
BUDAPEST,10,Budapest III. kerület,Stuttgart,27
BUDAPEST,10,Budapest III. kerület,Sydney,8
BUDAPEST,10,Budapest III. kerület,Szabadka,8
BUDAPEST,10,Budapest III. kerület,Szentpétervár,1
BUDAPEST,10,Budapest III. kerület,Szingapúr,4
BUDAPEST,10,Budapest III. kerület,Szkopje,1
BUDAPEST,10,Budapest III. kerület,Szöul,2
BUDAPEST,10,Budapest III. kerület,Tallinn,3
BUDAPEST,10,Budapest III. kerület,Tbiliszi,1
BUDAPEST,10,Budapest III. kerület,Tel-Aviv,7
BUDAPEST,10,Budapest III. kerület,Tokió,1
BUDAPEST,10,Budapest III. kerület,Toronto,9
BUDAPEST,10,Budapest III. kerület,Ungvár,11
BUDAPEST,10,Budapest III. kerület,Valletta,8
BUDAPEST,10,Budapest III. kerület,Vancouver,3
BUDAPEST,10,Budapest III. kerület,Varsó,6
BUDAPEST,10,Budapest III. kerület,Washington,2
BUDAPEST,10,Budapest III. kerület,Zágráb,1
BUDAPEST,11,Budapest IV. kerület,Abu Dhabi,4
BUDAPEST,11,Budapest IV. kerület,Algír,4
BUDAPEST,11,Budapest IV. kerület,Amman,2
BUDAPEST,11,Budapest IV. kerület,Ankara,2
BUDAPEST,11,Budapest IV. kerület,Athén,3
BUDAPEST,11,Budapest IV. kerület,Baku,3
BUDAPEST,11,Budapest IV. kerület,Bangkok,1
BUDAPEST,11,Budapest IV. kerület,Barcelona,24
BUDAPEST,11,Budapest IV. kerület,Bécs,23
BUDAPEST,11,Budapest IV. kerület,Belgrád,1
BUDAPEST,11,Budapest IV. kerület,Beregszász,4
BUDAPEST,11,Budapest IV. kerület,Berlin,42
BUDAPEST,11,Budapest IV. kerület,Bern,37
BUDAPEST,11,Budapest IV. kerület,Bogota,2
BUDAPEST,11,Budapest IV. kerület,Brüsszel,31
BUDAPEST,11,Budapest IV. kerület,Bukarest,3
BUDAPEST,11,Budapest IV. kerület,Canberra,1
BUDAPEST,11,Budapest IV. kerület,Chicago,5
BUDAPEST,11,Budapest IV. kerület,Csíkszereda,45
BUDAPEST,11,Budapest IV. kerület,Csungking,1
BUDAPEST,11,Budapest IV. kerület,Doha,2
BUDAPEST,11,Budapest IV. kerület,Dublin,22
BUDAPEST,11,Budapest IV. kerület,Düsseldorf,29
BUDAPEST,11,Budapest IV. kerület,Edinburgh,12
BUDAPEST,11,Budapest IV. kerület,Gdansk,1
BUDAPEST,11,Budapest IV. kerület,Genf,6
BUDAPEST,11,Budapest IV. kerület,Hága,55
BUDAPEST,11,Budapest IV. kerület,Hanoi,1
BUDAPEST,11,Budapest IV. kerület,Havanna,2
BUDAPEST,11,Budapest IV. kerület,Helsinki,2
BUDAPEST,11,Budapest IV. kerület,Ho Si Minh-város,1
BUDAPEST,11,Budapest IV. kerület,Houston,6
BUDAPEST,11,Budapest IV. kerület,Innsbruck,10
BUDAPEST,11,Budapest IV. kerület,Isztambul,3
BUDAPEST,11,Budapest IV. kerület,Kairó,2
BUDAPEST,11,Budapest IV. kerület,Kolozsvár,14
BUDAPEST,11,Budapest IV. kerület,Koppenhága,20
BUDAPEST,11,Budapest IV. kerület,Krakkó,8
BUDAPEST,11,Budapest IV. kerület,Kuangcsou,1
BUDAPEST,11,Budapest IV. kerület,Lendva,1
BUDAPEST,11,Budapest IV. kerület,Lima,1
BUDAPEST,11,Budapest IV. kerület,Lisszabon,8
BUDAPEST,11,Budapest IV. kerület,Ljubljana,2
BUDAPEST,11,Budapest IV. kerület,London,153
BUDAPEST,11,Budapest IV. kerület,Los Angeles,2
BUDAPEST,11,Budapest IV. kerület,Luxembourg,13
BUDAPEST,11,Budapest IV. kerület,Lyon,5
BUDAPEST,11,Budapest IV. kerület,Madrid,9
BUDAPEST,11,Budapest IV. kerület,Malaga,18
BUDAPEST,11,Budapest IV. kerület,Manchester,21
BUDAPEST,11,Budapest IV. kerület,Melbourne,2
BUDAPEST,11,Budapest IV. kerület,Miami,8
BUDAPEST,11,Budapest IV. kerület,Milánó,13
BUDAPEST,11,Budapest IV. kerület,Montreal,4
BUDAPEST,11,Budapest IV. kerület,Moszkva,3
BUDAPEST,11,Budapest IV. kerület,München,58
BUDAPEST,11,Budapest IV. kerület,Nairobi,1
BUDAPEST,11,Budapest IV. kerület,New York,10
BUDAPEST,11,Budapest IV. kerület,Nicosia,3
BUDAPEST,11,Budapest IV. kerület,Nürnberg,23
BUDAPEST,11,Budapest IV. kerület,Oslo,11
BUDAPEST,11,Budapest IV. kerület,Ottawa,4
BUDAPEST,11,Budapest IV. kerület,Párizs,25
BUDAPEST,11,Budapest IV. kerület,Peking,3
BUDAPEST,11,Budapest IV. kerület,Pozsony,4
BUDAPEST,11,Budapest IV. kerület,Prága,12
BUDAPEST,11,Budapest IV. kerület,Pristina,1
BUDAPEST,11,Budapest IV. kerület,Riga,1
BUDAPEST,11,Budapest IV. kerület,Rijád,3
BUDAPEST,11,Budapest IV. kerület,Róma,9
BUDAPEST,11,Budapest IV. kerület,San Francisco,6
BUDAPEST,11,Budapest IV. kerület,Stockholm,21
BUDAPEST,11,Budapest IV. kerület,Strasbourg,3
BUDAPEST,11,Budapest IV. kerület,Stuttgart,37
BUDAPEST,11,Budapest IV. kerület,Sydney,6
BUDAPEST,11,Budapest IV. kerület,Szabadka,3
BUDAPEST,11,Budapest IV. kerület,Szarajevó,1
BUDAPEST,11,Budapest IV. kerület,Szingapúr,4
BUDAPEST,11,Budapest IV. kerület,Szkopje,2
BUDAPEST,11,Budapest IV. kerület,Szófia,1
BUDAPEST,11,Budapest IV. kerület,Szöul,1
BUDAPEST,11,Budapest IV. kerület,Tallinn,2
BUDAPEST,11,Budapest IV. kerület,Taskent,1
BUDAPEST,11,Budapest IV. kerület,Tel-Aviv,7
BUDAPEST,11,Budapest IV. kerület,Tirana,1
BUDAPEST,11,Budapest IV. kerület,Tokió,1
BUDAPEST,11,Budapest IV. kerület,Toronto,6
BUDAPEST,11,Budapest IV. kerület,Újdelhi,2
BUDAPEST,11,Budapest IV. kerület,Ungvár,2
BUDAPEST,11,Budapest IV. kerület,Valletta,3
BUDAPEST,11,Budapest IV. kerület,Vancouver,3
BUDAPEST,11,Budapest IV. kerület,Varsó,6
BUDAPEST,11,Budapest IV. kerület,Vientián,1
BUDAPEST,11,Budapest IV. kerület,Washington,5
BUDAPEST,11,Budapest IV. kerület,Wellington,3
BUDAPEST,11,Budapest IV. kerület,Zágráb,3
BUDAPEST,12,Budapest XV. kerület,Abu Dhabi,5
BUDAPEST,12,Budapest XV. kerület,Algír,1
BUDAPEST,12,Budapest XV. kerület,Almati,2
BUDAPEST,12,Budapest XV. kerület,Amman,1
BUDAPEST,12,Budapest XV. kerület,Ankara,2
BUDAPEST,12,Budapest XV. kerület,Athén,1
BUDAPEST,12,Budapest XV. kerület,Bangkok,1
BUDAPEST,12,Budapest XV. kerület,Barcelona,14
BUDAPEST,12,Budapest XV. kerület,Bécs,16
BUDAPEST,12,Budapest XV. kerület,Beregszász,6
BUDAPEST,12,Budapest XV. kerület,Berlin,25
BUDAPEST,12,Budapest XV. kerület,Bern,19
BUDAPEST,12,Budapest XV. kerület,Brüsszel,14
BUDAPEST,12,Budapest XV. kerület,Bukarest,5
BUDAPEST,12,Budapest XV. kerület,Chicago,4
BUDAPEST,12,Budapest XV. kerület,Chisinau,1
BUDAPEST,12,Budapest XV. kerület,Csíkszereda,32
BUDAPEST,12,Budapest XV. kerület,Dakar,2
BUDAPEST,12,Budapest XV. kerület,Doha,1
BUDAPEST,12,Budapest XV. kerület,Dublin,17
BUDAPEST,12,Budapest XV. kerület,Düsseldorf,14
BUDAPEST,12,Budapest XV. kerület,Edinburgh,22
BUDAPEST,12,Budapest XV. kerület,Genf,3
BUDAPEST,12,Budapest XV. kerület,Hága,47
BUDAPEST,12,Budapest XV. kerület,Hanoi,1
BUDAPEST,12,Budapest XV. kerület,Helsinki,4
BUDAPEST,12,Budapest XV. kerület,Houston,1
BUDAPEST,12,Budapest XV. kerület,Innsbruck,9
BUDAPEST,12,Budapest XV. kerület,Isztambul,2
BUDAPEST,12,Budapest XV. kerület,Kolozsvár,6
BUDAPEST,12,Budapest XV. kerület,Koppenhága,20
BUDAPEST,12,Budapest XV. kerület,Krakkó,3
BUDAPEST,12,Budapest XV. kerület,Lisszabon,4
BUDAPEST,12,Budapest XV. kerület,Ljubljana,1
BUDAPEST,12,Budapest XV. kerület,London,89
BUDAPEST,12,Budapest XV. kerület,Los Angeles,7
BUDAPEST,12,Budapest XV. kerület,Luxembourg,11
BUDAPEST,12,Budapest XV. kerület,Lyon,5
BUDAPEST,12,Budapest XV. kerület,Madrid,5
BUDAPEST,12,Budapest XV. kerület,Malaga,6
BUDAPEST,12,Budapest XV. kerület,Manchester,26
BUDAPEST,12,Budapest XV. kerület,Melbourne,1
BUDAPEST,12,Budapest XV. kerület,Mexikóváros,1
BUDAPEST,12,Budapest XV. kerület,Miami,3
BUDAPEST,12,Budapest XV. kerület,Milánó,7
BUDAPEST,12,Budapest XV. kerület,Minszk,1
BUDAPEST,12,Budapest XV. kerület,Montreal,2
BUDAPEST,12,Budapest XV. kerület,Moszkva,2
BUDAPEST,12,Budapest XV. kerület,München,43
BUDAPEST,12,Budapest XV. kerület,Nairobi,1
BUDAPEST,12,Budapest XV. kerület,New York,7
BUDAPEST,12,Budapest XV. kerület,Nicosia,8
BUDAPEST,12,Budapest XV. kerület,Nürnberg,12
BUDAPEST,12,Budapest XV. kerület,Oslo,8
BUDAPEST,12,Budapest XV. kerület,Párizs,8
BUDAPEST,12,Budapest XV. kerület,Pozsony,3
BUDAPEST,12,Budapest XV. kerület,Prága,8
BUDAPEST,12,Budapest XV. kerület,Pretoria,4
BUDAPEST,12,Budapest XV. kerület,Pristina,1
BUDAPEST,12,Budapest XV. kerület,Rijád,1
BUDAPEST,12,Budapest XV. kerület,Róma,9
BUDAPEST,12,Budapest XV. kerület,San Francisco,2
BUDAPEST,12,Budapest XV. kerület,Sao Paulo,1
BUDAPEST,12,Budapest XV. kerület,Stockholm,14
BUDAPEST,12,Budapest XV. kerület,Strasbourg,3
BUDAPEST,12,Budapest XV. kerület,Stuttgart,25
BUDAPEST,12,Budapest XV. kerület,Sydney,5
BUDAPEST,12,Budapest XV. kerület,Szabadka,10
BUDAPEST,12,Budapest XV. kerület,Szarajevó,2
BUDAPEST,12,Budapest XV. kerület,Szingapúr,2
BUDAPEST,12,Budapest XV. kerület,Szkopje,2
BUDAPEST,12,Budapest XV. kerület,Szófia,1
BUDAPEST,12,Budapest XV. kerület,Szöul,2
BUDAPEST,12,Budapest XV. kerület,Taskent,1
BUDAPEST,12,Budapest XV. kerület,Tel-Aviv,1
BUDAPEST,12,Budapest XV. kerület,Tokió,1
BUDAPEST,12,Budapest XV. kerület,Toronto,5
BUDAPEST,12,Budapest XV. kerület,Ungvár,8
BUDAPEST,12,Budapest XV. kerület,Valletta,5
BUDAPEST,12,Budapest XV. kerület,Vancouver,1
BUDAPEST,12,Budapest XV. kerület,Varsó,5
BUDAPEST,12,Budapest XV. kerület,Washington,6
BUDAPEST,12,Budapest XV. kerület,Zágráb,3
BUDAPEST,13,Budapest XVI. kerület,Abu Dhabi,12
BUDAPEST,13,Budapest XVI. kerület,Abuja,2
BUDAPEST,13,Budapest XVI. kerület,Ankara,5
BUDAPEST,13,Budapest XVI. kerület,Athén,2
BUDAPEST,13,Budapest XVI. kerület,Bangkok,1
BUDAPEST,13,Budapest XVI. kerület,Barcelona,20
BUDAPEST,13,Budapest XVI. kerület,Bécs,42
BUDAPEST,13,Budapest XVI. kerület,Bejrút,3
BUDAPEST,13,Budapest XVI. kerület,Belgrád,2
BUDAPEST,13,Budapest XVI. kerület,Beregszász,1
BUDAPEST,13,Budapest XVI. kerület,Berlin,34
BUDAPEST,13,Budapest XVI. kerület,Bern,39
BUDAPEST,13,Budapest XVI. kerület,Brüsszel,24
BUDAPEST,13,Budapest XVI. kerület,Buenos Aires,1
BUDAPEST,13,Budapest XVI. kerület,Bukarest,4
BUDAPEST,13,Budapest XVI. kerület,Chicago,4
BUDAPEST,13,Budapest XVI. kerület,Csíkszereda,36
BUDAPEST,13,Budapest XVI. kerület,Dakka,1
BUDAPEST,13,Budapest XVI. kerület,Dublin,23
BUDAPEST,13,Budapest XVI. kerület,Düsseldorf,29
BUDAPEST,13,Budapest XVI. kerület,Edinburgh,21
BUDAPEST,13,Budapest XVI. kerület,Erbil,2
BUDAPEST,13,Budapest XVI. kerület,Gdansk,2
BUDAPEST,13,Budapest XVI. kerület,Genf,8
BUDAPEST,13,Budapest XVI. kerület,Hága,51
BUDAPEST,13,Budapest XVI. kerület,Helsinki,23
BUDAPEST,13,Budapest XVI. kerület,Ho Si Minh-város,2
BUDAPEST,13,Budapest XVI. kerület,Innsbruck,6
BUDAPEST,13,Budapest XVI. kerület,Isztambul,2
BUDAPEST,13,Budapest XVI. kerület,Kolozsvár,7
BUDAPEST,13,Budapest XVI. kerület,Koppenhága,24
BUDAPEST,13,Budapest XVI. kerület,Krakkó,2
BUDAPEST,13,Budapest XVI. kerület,Kuala Lumpur,1
BUDAPEST,13,Budapest XVI. kerület,Lendva,2
BUDAPEST,13,Budapest XVI. kerület,Lisszabon,8
BUDAPEST,13,Budapest XVI. kerület,Ljubljana,2
BUDAPEST,13,Budapest XVI. kerület,London,126
BUDAPEST,13,Budapest XVI. kerület,Los Angeles,7
BUDAPEST,13,Budapest XVI. kerület,Luxembourg,24
BUDAPEST,13,Budapest XVI. kerület,Lyon,3
BUDAPEST,13,Budapest XVI. kerület,Madrid,15
BUDAPEST,13,Budapest XVI. kerület,Malaga,12
BUDAPEST,13,Budapest XVI. kerület,Manchester,21
BUDAPEST,13,Budapest XVI. kerület,Melbourne,3
BUDAPEST,13,Budapest XVI. kerület,Mexikóváros,1
BUDAPEST,13,Budapest XVI. kerület,Miami,13
BUDAPEST,13,Budapest XVI. kerület,Milánó,16
BUDAPEST,13,Budapest XVI. kerület,Montevideo,1
BUDAPEST,13,Budapest XVI. kerület,Montreal,2
BUDAPEST,13,Budapest XVI. kerület,Moszkva,5
BUDAPEST,13,Budapest XVI. kerület,München,59
BUDAPEST,13,Budapest XVI. kerület,Nairobi,2
BUDAPEST,13,Budapest XVI. kerület,New York,19
BUDAPEST,13,Budapest XVI. kerület,Nicosia,3
BUDAPEST,13,Budapest XVI. kerület,Nur-Szultán,1
BUDAPEST,13,Budapest XVI. kerület,Nürnberg,18
BUDAPEST,13,Budapest XVI. kerület,Oslo,5
BUDAPEST,13,Budapest XVI. kerület,Panamaváros,3
BUDAPEST,13,Budapest XVI. kerület,Párizs,38
BUDAPEST,13,Budapest XVI. kerület,Peking,1
BUDAPEST,13,Budapest XVI. kerület,Pozsony,2
BUDAPEST,13,Budapest XVI. kerület,Prága,6
BUDAPEST,13,Budapest XVI. kerület,Rijád,1
BUDAPEST,13,Budapest XVI. kerület,Róma,11
BUDAPEST,13,Budapest XVI. kerület,San Francisco,6
BUDAPEST,13,Budapest XVI. kerület,Sao Paulo,2
BUDAPEST,13,Budapest XVI. kerület,Stockholm,31
BUDAPEST,13,Budapest XVI. kerület,Strasbourg,6
BUDAPEST,13,Budapest XVI. kerület,Stuttgart,51
BUDAPEST,13,Budapest XVI. kerület,Sydney,4
BUDAPEST,13,Budapest XVI. kerület,Szabadka,15
BUDAPEST,13,Budapest XVI. kerület,Szarajevó,2
BUDAPEST,13,Budapest XVI. kerület,Szentpétervár,2
BUDAPEST,13,Budapest XVI. kerület,Szingapúr,1
BUDAPEST,13,Budapest XVI. kerület,Szófia,2
BUDAPEST,13,Budapest XVI. kerület,Szöul,3
BUDAPEST,13,Budapest XVI. kerület,Tallinn,2
BUDAPEST,13,Budapest XVI. kerület,Tel-Aviv,11
BUDAPEST,13,Budapest XVI. kerület,Tokió,1
BUDAPEST,13,Budapest XVI. kerület,Toronto,2
BUDAPEST,13,Budapest XVI. kerület,Újdelhi,2
BUDAPEST,13,Budapest XVI. kerület,Valletta,9
BUDAPEST,13,Budapest XVI. kerület,Vancouver,2
BUDAPEST,13,Budapest XVI. kerület,Varsó,5
BUDAPEST,13,Budapest XVI. kerület,Washington,6
BUDAPEST,13,Budapest XVI. kerület,Wellington,8
BUDAPEST,13,Budapest XVI. kerület,Wroclaw,2
BUDAPEST,13,Budapest XVI. kerület,Zágráb,2
BUDAPEST,14,Budapest XVII. kerület,Abu Dhabi,7
BUDAPEST,14,Budapest XVII. kerület,Almati,2
BUDAPEST,14,Budapest XVII. kerület,Athén,1
BUDAPEST,14,Budapest XVII. kerület,Bangkok,1
BUDAPEST,14,Budapest XVII. kerület,Barcelona,6
BUDAPEST,14,Budapest XVII. kerület,Bécs,18
BUDAPEST,14,Budapest XVII. kerület,Belgrád,1
BUDAPEST,14,Budapest XVII. kerület,Beregszász,13
BUDAPEST,14,Budapest XVII. kerület,Berlin,36
BUDAPEST,14,Budapest XVII. kerület,Bern,29
BUDAPEST,14,Budapest XVII. kerület,Brüsszel,25
BUDAPEST,14,Budapest XVII. kerület,Buenos Aires,1
BUDAPEST,14,Budapest XVII. kerület,Bukarest,1
BUDAPEST,14,Budapest XVII. kerület,Chicago,1
BUDAPEST,14,Budapest XVII. kerület,Chisinau,3
BUDAPEST,14,Budapest XVII. kerület,Csíkszereda,31
BUDAPEST,14,Budapest XVII. kerület,Csungking,1
BUDAPEST,14,Budapest XVII. kerület,Dublin,18
BUDAPEST,14,Budapest XVII. kerület,Düsseldorf,28
BUDAPEST,14,Budapest XVII. kerület,Edinburgh,17
BUDAPEST,14,Budapest XVII. kerület,Gdansk,1
BUDAPEST,14,Budapest XVII. kerület,Genf,3
BUDAPEST,14,Budapest XVII. kerület,Hága,52
BUDAPEST,14,Budapest XVII. kerület,Havanna,1
BUDAPEST,14,Budapest XVII. kerület,Helsinki,8
BUDAPEST,14,Budapest XVII. kerület,Houston,2
BUDAPEST,14,Budapest XVII. kerület,Innsbruck,4
BUDAPEST,14,Budapest XVII. kerület,Isztambul,5
BUDAPEST,14,Budapest XVII. kerület,Kolozsvár,13
BUDAPEST,14,Budapest XVII. kerület,Koppenhága,31
BUDAPEST,14,Budapest XVII. kerület,Krakkó,2
BUDAPEST,14,Budapest XVII. kerület,Lisszabon,7
BUDAPEST,14,Budapest XVII. kerület,Ljubljana,1
BUDAPEST,14,Budapest XVII. kerület,London,113
BUDAPEST,14,Budapest XVII. kerület,Los Angeles,6
BUDAPEST,14,Budapest XVII. kerület,Luanda,2
BUDAPEST,14,Budapest XVII. kerület,Luxembourg,14
BUDAPEST,14,Budapest XVII. kerület,Lyon,5
BUDAPEST,14,Budapest XVII. kerület,Madrid,12
BUDAPEST,14,Budapest XVII. kerület,Malaga,9
BUDAPEST,14,Budapest XVII. kerület,Manchester,16
BUDAPEST,14,Budapest XVII. kerület,Melbourne,1
BUDAPEST,14,Budapest XVII. kerület,Milánó,10
BUDAPEST,14,Budapest XVII. kerület,Montevideo,1
BUDAPEST,14,Budapest XVII. kerület,Montreal,2
BUDAPEST,14,Budapest XVII. kerület,Moszkva,5
BUDAPEST,14,Budapest XVII. kerület,München,34
BUDAPEST,14,Budapest XVII. kerület,New York,11
BUDAPEST,14,Budapest XVII. kerület,Nicosia,2
BUDAPEST,14,Budapest XVII. kerület,Nürnberg,17
BUDAPEST,14,Budapest XVII. kerület,Oslo,10
BUDAPEST,14,Budapest XVII. kerület,Ottawa,2
BUDAPEST,14,Budapest XVII. kerület,Párizs,20
BUDAPEST,14,Budapest XVII. kerület,Peking,1
BUDAPEST,14,Budapest XVII. kerület,Pozsony,1
BUDAPEST,14,Budapest XVII. kerület,Prága,12
BUDAPEST,14,Budapest XVII. kerület,Quito,2
BUDAPEST,14,Budapest XVII. kerület,Rijád,1
BUDAPEST,14,Budapest XVII. kerület,Róma,9
BUDAPEST,14,Budapest XVII. kerület,San Francisco,2
BUDAPEST,14,Budapest XVII. kerület,Stockholm,18
BUDAPEST,14,Budapest XVII. kerület,Strasbourg,5
BUDAPEST,14,Budapest XVII. kerület,Stuttgart,32
BUDAPEST,14,Budapest XVII. kerület,Sydney,2
BUDAPEST,14,Budapest XVII. kerület,Szabadka,1
BUDAPEST,14,Budapest XVII. kerület,Szarajevó,1
BUDAPEST,14,Budapest XVII. kerület,Szingapúr,2
BUDAPEST,14,Budapest XVII. kerület,Szöul,3
BUDAPEST,14,Budapest XVII. kerület,Tallinn,1
BUDAPEST,14,Budapest XVII. kerület,Tbiliszi,1
BUDAPEST,14,Budapest XVII. kerület,Tel-Aviv,2
BUDAPEST,14,Budapest XVII. kerület,Tokió,2
BUDAPEST,14,Budapest XVII. kerület,Toronto,1
BUDAPEST,14,Budapest XVII. kerület,Ulánbátor,1
BUDAPEST,14,Budapest XVII. kerület,Ungvár,1
BUDAPEST,14,Budapest XVII. kerület,Valletta,8
BUDAPEST,14,Budapest XVII. kerület,Vancouver,4
BUDAPEST,14,Budapest XVII. kerület,Varsó,8
BUDAPEST,14,Budapest XVII. kerület,Vilnius,1
BUDAPEST,14,Budapest XVII. kerület,Washington,7
BUDAPEST,14,Budapest XVII. kerület,Wellington,1
BUDAPEST,14,Budapest XVII. kerület,Wroclaw,3
BUDAPEST,14,Budapest XVII. kerület,Zágráb,2
BUDAPEST,15,Budapest XVIII. kerület,Abu Dhabi,10
BUDAPEST,15,Budapest XVIII. kerület,Abuja,1
BUDAPEST,15,Budapest XVIII. kerület,Algír,1
BUDAPEST,15,Budapest XVIII. kerület,Athén,3
BUDAPEST,15,Budapest XVIII. kerület,Bangkok,1
BUDAPEST,15,Budapest XVIII. kerület,Barcelona,10
BUDAPEST,15,Budapest XVIII. kerület,Bécs,30
BUDAPEST,15,Budapest XVIII. kerület,Belgrád,1
BUDAPEST,15,Budapest XVIII. kerület,Beregszász,7
BUDAPEST,15,Budapest XVIII. kerület,Berlin,31
BUDAPEST,15,Budapest XVIII. kerület,Bern,41
BUDAPEST,15,Budapest XVIII. kerület,Brüsszel,32
BUDAPEST,15,Budapest XVIII. kerület,Bukarest,3
BUDAPEST,15,Budapest XVIII. kerület,Canberra,2
BUDAPEST,15,Budapest XVIII. kerület,Chicago,1
BUDAPEST,15,Budapest XVIII. kerület,Csíkszereda,34
BUDAPEST,15,Budapest XVIII. kerület,Doha,2
BUDAPEST,15,Budapest XVIII. kerület,Dublin,12
BUDAPEST,15,Budapest XVIII. kerület,Düsseldorf,14
BUDAPEST,15,Budapest XVIII. kerület,Edinburgh,17
BUDAPEST,15,Budapest XVIII. kerület,Erbil,1
BUDAPEST,15,Budapest XVIII. kerület,Genf,11
BUDAPEST,15,Budapest XVIII. kerület,Hága,49
BUDAPEST,15,Budapest XVIII. kerület,Havanna,4
BUDAPEST,15,Budapest XVIII. kerület,Helsinki,9
BUDAPEST,15,Budapest XVIII. kerület,Hongkong,1
BUDAPEST,15,Budapest XVIII. kerület,Houston,6
BUDAPEST,15,Budapest XVIII. kerület,Innsbruck,5
BUDAPEST,15,Budapest XVIII. kerület,Iszlámábád,2
BUDAPEST,15,Budapest XVIII. kerület,Isztambul,3
BUDAPEST,15,Budapest XVIII. kerület,Jakarta,1
BUDAPEST,15,Budapest XVIII. kerület,Kairó,1
BUDAPEST,15,Budapest XVIII. kerület,Kassa,2
BUDAPEST,15,Budapest XVIII. kerület,Kolozsvár,13
BUDAPEST,15,Budapest XVIII. kerület,Koppenhága,29
BUDAPEST,15,Budapest XVIII. kerület,Krakkó,2
BUDAPEST,15,Budapest XVIII. kerület,Kuala Lumpur,2
BUDAPEST,15,Budapest XVIII. kerület,Lisszabon,5
BUDAPEST,15,Budapest XVIII. kerület,Ljubljana,1
BUDAPEST,15,Budapest XVIII. kerület,London,93
BUDAPEST,15,Budapest XVIII. kerület,Los Angeles,6
BUDAPEST,15,Budapest XVIII. kerület,Luxembourg,9
BUDAPEST,15,Budapest XVIII. kerület,Lviv,1
BUDAPEST,15,Budapest XVIII. kerület,Lyon,2
BUDAPEST,15,Budapest XVIII. kerület,Madrid,8
BUDAPEST,15,Budapest XVIII. kerület,Malaga,12
BUDAPEST,15,Budapest XVIII. kerület,Manchester,19
BUDAPEST,15,Budapest XVIII. kerület,Melbourne,4
BUDAPEST,15,Budapest XVIII. kerület,Mexikóváros,2
BUDAPEST,15,Budapest XVIII. kerület,Miami,2
BUDAPEST,15,Budapest XVIII. kerület,Milánó,7
BUDAPEST,15,Budapest XVIII. kerület,Montreal,1
BUDAPEST,15,Budapest XVIII. kerület,Moszkva,3
BUDAPEST,15,Budapest XVIII. kerület,Mumbai,1
BUDAPEST,15,Budapest XVIII. kerület,München,47
BUDAPEST,15,Budapest XVIII. kerület,Nairobi,1
BUDAPEST,15,Budapest XVIII. kerület,New York,15
BUDAPEST,15,Budapest XVIII. kerület,Nicosia,1
BUDAPEST,15,Budapest XVIII. kerület,Nürnberg,8
BUDAPEST,15,Budapest XVIII. kerület,Oslo,7
BUDAPEST,15,Budapest XVIII. kerület,Ottawa,2
BUDAPEST,15,Budapest XVIII. kerület,Párizs,14
BUDAPEST,15,Budapest XVIII. kerület,Peking,1
BUDAPEST,15,Budapest XVIII. kerület,Phnom Penh,1
BUDAPEST,15,Budapest XVIII. kerület,Prága,5
BUDAPEST,15,Budapest XVIII. kerület,Pristina,2
BUDAPEST,15,Budapest XVIII. kerület,Riga,1
BUDAPEST,15,Budapest XVIII. kerület,Rijád,1
BUDAPEST,15,Budapest XVIII. kerület,Róma,11
BUDAPEST,15,Budapest XVIII. kerület,San Francisco,1
BUDAPEST,15,Budapest XVIII. kerület,Stockholm,8
BUDAPEST,15,Budapest XVIII. kerület,Strasbourg,5
BUDAPEST,15,Budapest XVIII. kerület,Stuttgart,34
BUDAPEST,15,Budapest XVIII. kerület,Sydney,3
BUDAPEST,15,Budapest XVIII. kerület,Szabadka,8
BUDAPEST,15,Budapest XVIII. kerület,Szingapúr,3
BUDAPEST,15,Budapest XVIII. kerület,Szkopje,1
BUDAPEST,15,Budapest XVIII. kerület,Szófia,1
BUDAPEST,15,Budapest XVIII. kerület,Szöul,2
BUDAPEST,15,Budapest XVIII. kerület,Tallinn,1
BUDAPEST,15,Budapest XVIII. kerület,Teherán,3
BUDAPEST,15,Budapest XVIII. kerület,Tel-Aviv,5
BUDAPEST,15,Budapest XVIII. kerület,Tokió,1
BUDAPEST,15,Budapest XVIII. kerület,Toronto,6
BUDAPEST,15,Budapest XVIII. kerület,Ungvár,4
BUDAPEST,15,Budapest XVIII. kerület,Valletta,5
BUDAPEST,15,Budapest XVIII. kerület,Vancouver,1
BUDAPEST,15,Budapest XVIII. kerület,Varsó,8
BUDAPEST,15,Budapest XVIII. kerület,Vientián,1
BUDAPEST,15,Budapest XVIII. kerület,Washington,6
BUDAPEST,15,Budapest XVIII. kerület,Wellington,1
BUDAPEST,15,Budapest XVIII. kerület,Wroclaw,1
BUDAPEST,15,Budapest XVIII. kerület,Zágráb,3
BUDAPEST,16,Budapest XX. kerület,Abu Dhabi,4
BUDAPEST,16,Budapest XX. kerület,Ankara,2
BUDAPEST,16,Budapest XX. kerület,Athén,3
BUDAPEST,16,Budapest XX. kerület,Bangkok,2
BUDAPEST,16,Budapest XX. kerület,Barcelona,9
BUDAPEST,16,Budapest XX. kerület,Bécs,20
BUDAPEST,16,Budapest XX. kerület,Belgrád,2
BUDAPEST,16,Budapest XX. kerület,Beregszász,3
BUDAPEST,16,Budapest XX. kerület,Berlin,37
BUDAPEST,16,Budapest XX. kerület,Bern,26
BUDAPEST,16,Budapest XX. kerület,Biskek,3
BUDAPEST,16,Budapest XX. kerület,Brazíliaváros,1
BUDAPEST,16,Budapest XX. kerület,Brüsszel,26
BUDAPEST,16,Budapest XX. kerület,Bukarest,4
BUDAPEST,16,Budapest XX. kerület,Chicago,4
BUDAPEST,16,Budapest XX. kerület,Csíkszereda,44
BUDAPEST,16,Budapest XX. kerület,Doha,1
BUDAPEST,16,Budapest XX. kerület,Dublin,26
BUDAPEST,16,Budapest XX. kerület,Düsseldorf,11
BUDAPEST,16,Budapest XX. kerület,Edinburgh,21
BUDAPEST,16,Budapest XX. kerület,Gdansk,1
BUDAPEST,16,Budapest XX. kerület,Genf,9
BUDAPEST,16,Budapest XX. kerület,Hága,44
BUDAPEST,16,Budapest XX. kerület,Hanoi,1
BUDAPEST,16,Budapest XX. kerület,Helsinki,13
BUDAPEST,16,Budapest XX. kerület,Ho Si Minh-város,1
BUDAPEST,16,Budapest XX. kerület,Houston,1
BUDAPEST,16,Budapest XX. kerület,Innsbruck,3
BUDAPEST,16,Budapest XX. kerület,Isztambul,3
BUDAPEST,16,Budapest XX. kerület,Kairó,2
BUDAPEST,16,Budapest XX. kerület,Kolozsvár,14
BUDAPEST,16,Budapest XX. kerület,Koppenhága,14
BUDAPEST,16,Budapest XX. kerület,Krakkó,3
BUDAPEST,16,Budapest XX. kerület,Kuangcsou,1
BUDAPEST,16,Budapest XX. kerület,Lendva,1
BUDAPEST,16,Budapest XX. kerület,Lisszabon,9
BUDAPEST,16,Budapest XX. kerület,Ljubljana,4
BUDAPEST,16,Budapest XX. kerület,London,75
BUDAPEST,16,Budapest XX. kerület,Los Angeles,6
BUDAPEST,16,Budapest XX. kerület,Lusaka,1
BUDAPEST,16,Budapest XX. kerület,Luxembourg,14
BUDAPEST,16,Budapest XX. kerület,Lyon,4
BUDAPEST,16,Budapest XX. kerület,Madrid,6
BUDAPEST,16,Budapest XX. kerület,Malaga,8
BUDAPEST,16,Budapest XX. kerület,Manchester,14
BUDAPEST,16,Budapest XX. kerület,Melbourne,2
BUDAPEST,16,Budapest XX. kerület,Mexikóváros,1
BUDAPEST,16,Budapest XX. kerület,Miami,1
BUDAPEST,16,Budapest XX. kerület,Milánó,7
BUDAPEST,16,Budapest XX. kerület,Minszk,1
BUDAPEST,16,Budapest XX. kerület,Montreal,4
BUDAPEST,16,Budapest XX. kerület,München,42
BUDAPEST,16,Budapest XX. kerület,New York,17
BUDAPEST,16,Budapest XX. kerület,Nürnberg,19
BUDAPEST,16,Budapest XX. kerület,Oslo,11
BUDAPEST,16,Budapest XX. kerület,Panamaváros,2
BUDAPEST,16,Budapest XX. kerület,Párizs,12
BUDAPEST,16,Budapest XX. kerület,Phnom Penh,1
BUDAPEST,16,Budapest XX. kerület,Prága,10
BUDAPEST,16,Budapest XX. kerület,Pristina,2
BUDAPEST,16,Budapest XX. kerület,Róma,8
BUDAPEST,16,Budapest XX. kerület,San Francisco,5
BUDAPEST,16,Budapest XX. kerület,Santiago de Chile,1
BUDAPEST,16,Budapest XX. kerület,Stockholm,14
BUDAPEST,16,Budapest XX. kerület,Strasbourg,1
BUDAPEST,16,Budapest XX. kerület,Stuttgart,41
BUDAPEST,16,Budapest XX. kerület,Sydney,3
BUDAPEST,16,Budapest XX. kerület,Szabadka,5
BUDAPEST,16,Budapest XX. kerület,Szöul,3
BUDAPEST,16,Budapest XX. kerület,Tel-Aviv,3
BUDAPEST,16,Budapest XX. kerület,Toronto,4
BUDAPEST,16,Budapest XX. kerület,Ungvár,3
BUDAPEST,16,Budapest XX. kerület,Valletta,6
BUDAPEST,16,Budapest XX. kerület,Vancouver,1
BUDAPEST,16,Budapest XX. kerület,Varsó,6
BUDAPEST,16,Budapest XX. kerület,Washington,5
BUDAPEST,16,Budapest XX. kerület,Wroclaw,1
BUDAPEST,16,Budapest XX. kerület,Zágráb,4
BUDAPEST,17,Budapest XXI. kerület,Abu Dhabi,4
BUDAPEST,17,Budapest XXI. kerület,Abuja,2
BUDAPEST,17,Budapest XXI. kerület,Athén,1
BUDAPEST,17,Budapest XXI. kerület,Bangkok,1
BUDAPEST,17,Budapest XXI. kerület,Barcelona,20
BUDAPEST,17,Budapest XXI. kerület,Bécs,12
BUDAPEST,17,Budapest XXI. kerület,Beregszász,1
BUDAPEST,17,Budapest XXI. kerület,Berlin,22
BUDAPEST,17,Budapest XXI. kerület,Bern,29
BUDAPEST,17,Budapest XXI. kerület,Brüsszel,21
BUDAPEST,17,Budapest XXI. kerület,Buenos Aires,2
BUDAPEST,17,Budapest XXI. kerület,Bukarest,1
BUDAPEST,17,Budapest XXI. kerület,Chicago,3
BUDAPEST,17,Budapest XXI. kerület,Csíkszereda,22
BUDAPEST,17,Budapest XXI. kerület,Doha,1
BUDAPEST,17,Budapest XXI. kerület,Dublin,24
BUDAPEST,17,Budapest XXI. kerület,Düsseldorf,21
BUDAPEST,17,Budapest XXI. kerület,Edinburgh,6
BUDAPEST,17,Budapest XXI. kerület,Genf,6
BUDAPEST,17,Budapest XXI. kerület,Hága,29
BUDAPEST,17,Budapest XXI. kerület,Helsinki,6
BUDAPEST,17,Budapest XXI. kerület,Houston,2
BUDAPEST,17,Budapest XXI. kerület,Innsbruck,2
BUDAPEST,17,Budapest XXI. kerület,Isztambul,2
BUDAPEST,17,Budapest XXI. kerület,Kazan,2
BUDAPEST,17,Budapest XXI. kerület,Kolozsvár,10
BUDAPEST,17,Budapest XXI. kerület,Koppenhága,33
BUDAPEST,17,Budapest XXI. kerület,Krakkó,4
BUDAPEST,17,Budapest XXI. kerület,Lisszabon,6
BUDAPEST,17,Budapest XXI. kerület,Ljubljana,4
BUDAPEST,17,Budapest XXI. kerület,London,129
BUDAPEST,17,Budapest XXI. kerület,Los Angeles,4
BUDAPEST,17,Budapest XXI. kerület,Luxembourg,15
BUDAPEST,17,Budapest XXI. kerület,Lyon,2
BUDAPEST,17,Budapest XXI. kerület,Madrid,10
BUDAPEST,17,Budapest XXI. kerület,Malaga,8
BUDAPEST,17,Budapest XXI. kerület,Manchester,29
BUDAPEST,17,Budapest XXI. kerület,Melbourne,1
BUDAPEST,17,Budapest XXI. kerület,Mexikóváros,3
BUDAPEST,17,Budapest XXI. kerület,Miami,1
BUDAPEST,17,Budapest XXI. kerület,Milánó,5
BUDAPEST,17,Budapest XXI. kerület,Montreal,3
BUDAPEST,17,Budapest XXI. kerület,Moszkva,4
BUDAPEST,17,Budapest XXI. kerület,München,44
BUDAPEST,17,Budapest XXI. kerület,New York,9
BUDAPEST,17,Budapest XXI. kerület,Nicosia,2
BUDAPEST,17,Budapest XXI. kerület,Nürnberg,9
BUDAPEST,17,Budapest XXI. kerület,Oslo,6
BUDAPEST,17,Budapest XXI. kerület,Ottawa,1
BUDAPEST,17,Budapest XXI. kerület,Panamaváros,1
BUDAPEST,17,Budapest XXI. kerület,Párizs,26
BUDAPEST,17,Budapest XXI. kerület,Peking,2
BUDAPEST,17,Budapest XXI. kerület,Phnom Penh,1
BUDAPEST,17,Budapest XXI. kerület,Podgorica,1
BUDAPEST,17,Budapest XXI. kerület,Pozsony,1
BUDAPEST,17,Budapest XXI. kerület,Prága,8
BUDAPEST,17,Budapest XXI. kerület,Pretoria,4
BUDAPEST,17,Budapest XXI. kerület,Pristina,1
BUDAPEST,17,Budapest XXI. kerület,Róma,10
BUDAPEST,17,Budapest XXI. kerület,San Francisco,1
BUDAPEST,17,Budapest XXI. kerület,Stockholm,10
BUDAPEST,17,Budapest XXI. kerület,Strasbourg,4
BUDAPEST,17,Budapest XXI. kerület,Stuttgart,28
BUDAPEST,17,Budapest XXI. kerület,Sydney,1
BUDAPEST,17,Budapest XXI. kerület,Szabadka,6
BUDAPEST,17,Budapest XXI. kerület,Tallinn,2
BUDAPEST,17,Budapest XXI. kerület,Tbiliszi,2
BUDAPEST,17,Budapest XXI. kerület,Tel-Aviv,1
BUDAPEST,17,Budapest XXI. kerület,Tokió,1
BUDAPEST,17,Budapest XXI. kerület,Toronto,9
BUDAPEST,17,Budapest XXI. kerület,Valletta,2
BUDAPEST,17,Budapest XXI. kerület,Vancouver,4
BUDAPEST,17,Budapest XXI. kerület,Varsó,1
BUDAPEST,17,Budapest XXI. kerület,Vilnius,1
BUDAPEST,17,Budapest XXI. kerület,Washington,5
BUDAPEST,17,Budapest XXI. kerület,Zágráb,1
BUDAPEST,18,Budapest XXII. kerület,Abu Dhabi,6
BUDAPEST,18,Budapest XXII. kerület,Amman,2
BUDAPEST,18,Budapest XXII. kerület,Ankara,3
BUDAPEST,18,Budapest XXII. kerület,Athén,1
BUDAPEST,18,Budapest XXII. kerület,Bangkok,1
BUDAPEST,18,Budapest XXII. kerület,Barcelona,22
BUDAPEST,18,Budapest XXII. kerület,Bécs,51
BUDAPEST,18,Budapest XXII. kerület,Belgrád,1
BUDAPEST,18,Budapest XXII. kerület,Beregszász,11
BUDAPEST,18,Budapest XXII. kerület,Berlin,49
BUDAPEST,18,Budapest XXII. kerület,Bern,58
BUDAPEST,18,Budapest XXII. kerület,Brüsszel,37
BUDAPEST,18,Budapest XXII. kerület,Buenos Aires,3
BUDAPEST,18,Budapest XXII. kerület,Canberra,1
BUDAPEST,18,Budapest XXII. kerület,Chicago,7
BUDAPEST,18,Budapest XXII. kerület,Csíkszereda,42
BUDAPEST,18,Budapest XXII. kerület,Doha,3
BUDAPEST,18,Budapest XXII. kerület,Dublin,13
BUDAPEST,18,Budapest XXII. kerület,Düsseldorf,37
BUDAPEST,18,Budapest XXII. kerület,Edinburgh,19
BUDAPEST,18,Budapest XXII. kerület,Erbil,1
BUDAPEST,18,Budapest XXII. kerület,Eszék,3
BUDAPEST,18,Budapest XXII. kerület,Gdansk,3
BUDAPEST,18,Budapest XXII. kerület,Genf,8
BUDAPEST,18,Budapest XXII. kerület,Hága,76
BUDAPEST,18,Budapest XXII. kerület,Hanoi,2
BUDAPEST,18,Budapest XXII. kerület,Havanna,1
BUDAPEST,18,Budapest XXII. kerület,Helsinki,11
BUDAPEST,18,Budapest XXII. kerület,Ho Si Minh-város,2
BUDAPEST,18,Budapest XXII. kerület,Hongkong,2
BUDAPEST,18,Budapest XXII. kerület,Houston,3
BUDAPEST,18,Budapest XXII. kerület,Innsbruck,8
BUDAPEST,18,Budapest XXII. kerület,Iszlámábád,2
BUDAPEST,18,Budapest XXII. kerület,Isztambul,8
BUDAPEST,18,Budapest XXII. kerület,Jakarta,2
BUDAPEST,18,Budapest XXII. kerület,Kairó,1
BUDAPEST,18,Budapest XXII. kerület,Kolozsvár,20
BUDAPEST,18,Budapest XXII. kerület,Koppenhága,32
BUDAPEST,18,Budapest XXII. kerület,Krakkó,3
BUDAPEST,18,Budapest XXII. kerület,Kuala Lumpur,1
BUDAPEST,18,Budapest XXII. kerület,Kuangcsou,1
BUDAPEST,18,Budapest XXII. kerület,Kuvait,1
BUDAPEST,18,Budapest XXII. kerület,Lisszabon,12
BUDAPEST,18,Budapest XXII. kerület,London,128
BUDAPEST,18,Budapest XXII. kerület,Los Angeles,8
BUDAPEST,18,Budapest XXII. kerület,Luxembourg,21
BUDAPEST,18,Budapest XXII. kerület,Lyon,9
BUDAPEST,18,Budapest XXII. kerület,Madrid,13
BUDAPEST,18,Budapest XXII. kerület,Malaga,15
BUDAPEST,18,Budapest XXII. kerület,Manchester,33
BUDAPEST,18,Budapest XXII. kerület,Manila,3
BUDAPEST,18,Budapest XXII. kerület,Maszkat,1
BUDAPEST,18,Budapest XXII. kerület,Melbourne,5
BUDAPEST,18,Budapest XXII. kerület,Mexikóváros,1
BUDAPEST,18,Budapest XXII. kerület,Miami,5
BUDAPEST,18,Budapest XXII. kerület,Milánó,17
BUDAPEST,18,Budapest XXII. kerület,Montreal,2
BUDAPEST,18,Budapest XXII. kerület,Moszkva,2
BUDAPEST,18,Budapest XXII. kerület,München,44
BUDAPEST,18,Budapest XXII. kerület,New York,15
BUDAPEST,18,Budapest XXII. kerület,Nicosia,3
BUDAPEST,18,Budapest XXII. kerület,Nürnberg,20
BUDAPEST,18,Budapest XXII. kerület,Oslo,15
BUDAPEST,18,Budapest XXII. kerület,Ottawa,5
BUDAPEST,18,Budapest XXII. kerület,Párizs,33
BUDAPEST,18,Budapest XXII. kerület,Podgorica,2
BUDAPEST,18,Budapest XXII. kerület,Pozsony,3
BUDAPEST,18,Budapest XXII. kerület,Prága,18
BUDAPEST,18,Budapest XXII. kerület,Pretoria,4
BUDAPEST,18,Budapest XXII. kerület,Quito,2
BUDAPEST,18,Budapest XXII. kerület,Rabat,1
BUDAPEST,18,Budapest XXII. kerület,Rijád,1
BUDAPEST,18,Budapest XXII. kerület,Róma,12
BUDAPEST,18,Budapest XXII. kerület,San Francisco,7
BUDAPEST,18,Budapest XXII. kerület,Sanghaj,4
BUDAPEST,18,Budapest XXII. kerület,Santiago de Chile,1
BUDAPEST,18,Budapest XXII. kerület,Sao Paulo,2
BUDAPEST,18,Budapest XXII. kerület,Stockholm,33
BUDAPEST,18,Budapest XXII. kerület,Strasbourg,7
BUDAPEST,18,Budapest XXII. kerület,Stuttgart,41
BUDAPEST,18,Budapest XXII. kerület,Sydney,14
BUDAPEST,18,Budapest XXII. kerület,Szabadka,17
BUDAPEST,18,Budapest XXII. kerület,Szarajevó,1
BUDAPEST,18,Budapest XXII. kerület,Szentpétervár,1
BUDAPEST,18,Budapest XXII. kerület,Szingapúr,5
BUDAPEST,18,Budapest XXII. kerület,Szófia,3
BUDAPEST,18,Budapest XXII. kerület,Szöul,1
BUDAPEST,18,Budapest XXII. kerület,Tallinn,1
BUDAPEST,18,Budapest XXII. kerület,Taskent,3
BUDAPEST,18,Budapest XXII. kerület,Tel-Aviv,5
BUDAPEST,18,Budapest XXII. kerület,Tirana,2
BUDAPEST,18,Budapest XXII. kerület,Tokió,3
BUDAPEST,18,Budapest XXII. kerület,Toronto,3
BUDAPEST,18,Budapest XXII. kerület,Újdelhi,2
BUDAPEST,18,Budapest XXII. kerület,Ungvár,3
BUDAPEST,18,Budapest XXII. kerület,Valletta,11
BUDAPEST,18,Budapest XXII. kerület,Vancouver,6
BUDAPEST,18,Budapest XXII. kerület,Varsó,8
BUDAPEST,18,Budapest XXII. kerület,Vilnius,1
BUDAPEST,18,Budapest XXII. kerület,Washington,16
BUDAPEST,18,Budapest XXII. kerület,Wellington,1
BUDAPEST,18,Budapest XXII. kerület,Zágráb,4
BARANYA,01,Pécs,Athén,2
BARANYA,01,Pécs,Bangkok,2
BARANYA,01,Pécs,Barcelona,8
BARANYA,01,Pécs,Bécs,28
BARANYA,01,Pécs,Bejrút,1
BARANYA,01,Pécs,Belgrád,1
BARANYA,01,Pécs,Berlin,37
BARANYA,01,Pécs,Bern,39
BARANYA,01,Pécs,Brüsszel,25
BARANYA,01,Pécs,Chicago,9
BARANYA,01,Pécs,Csíkszereda,8
BARANYA,01,Pécs,Doha,1
BARANYA,01,Pécs,Dublin,25
BARANYA,01,Pécs,Düsseldorf,28
BARANYA,01,Pécs,Edinburgh,15
BARANYA,01,Pécs,Erbil,2
BARANYA,01,Pécs,Eszék,4
BARANYA,01,Pécs,Genf,4
BARANYA,01,Pécs,Hága,30
BARANYA,01,Pécs,Hanoi,1
BARANYA,01,Pécs,Helsinki,13
BARANYA,01,Pécs,Houston,6
BARANYA,01,Pécs,Innsbruck,15
BARANYA,01,Pécs,Isztambul,1
BARANYA,01,Pécs,Kassa,1
BARANYA,01,Pécs,Kolozsvár,6
BARANYA,01,Pécs,Koppenhága,22
BARANYA,01,Pécs,Krakkó,2
BARANYA,01,Pécs,Kuala Lumpur,1
BARANYA,01,Pécs,Lisszabon,9
BARANYA,01,Pécs,Ljubljana,2
BARANYA,01,Pécs,London,126
BARANYA,01,Pécs,Los Angeles,5
BARANYA,01,Pécs,Luxembourg,13
BARANYA,01,Pécs,Lyon,4
BARANYA,01,Pécs,Madrid,13
BARANYA,01,Pécs,Malaga,4
BARANYA,01,Pécs,Manchester,34
BARANYA,01,Pécs,Mexikóváros,1
BARANYA,01,Pécs,Miami,5
BARANYA,01,Pécs,Milánó,6
BARANYA,01,Pécs,Moszkva,1
BARANYA,01,Pécs,München,83
BARANYA,01,Pécs,New York,5
BARANYA,01,Pécs,Nicosia,3
BARANYA,01,Pécs,Nürnberg,24
BARANYA,01,Pécs,Oslo,12
BARANYA,01,Pécs,Párizs,24
BARANYA,01,Pécs,Peking,2
BARANYA,01,Pécs,Pozsony,3
BARANYA,01,Pécs,Prága,4
BARANYA,01,Pécs,Pretoria,3
BARANYA,01,Pécs,Róma,4
BARANYA,01,Pécs,San Francisco,3
BARANYA,01,Pécs,Sao Paulo,2
BARANYA,01,Pécs,Stockholm,11
BARANYA,01,Pécs,Strasbourg,3
BARANYA,01,Pécs,Stuttgart,67
BARANYA,01,Pécs,Sydney,4
BARANYA,01,Pécs,Szabadka,6
BARANYA,01,Pécs,Szarajevó,4
BARANYA,01,Pécs,Szkopje,1
BARANYA,01,Pécs,Szófia,2
BARANYA,01,Pécs,Szöul,1
BARANYA,01,Pécs,Tallinn,5
BARANYA,01,Pécs,Tirana,1
BARANYA,01,Pécs,Tokió,3
BARANYA,01,Pécs,Toronto,7
BARANYA,01,Pécs,Valletta,4
BARANYA,01,Pécs,Vancouver,1
BARANYA,01,Pécs,Varsó,4
BARANYA,01,Pécs,Washington,7
BARANYA,01,Pécs,Wellington,1
BARANYA,01,Pécs,Wroclaw,1
BARANYA,01,Pécs,Zágráb,2
BARANYA,02,Pécs,Abu Dhabi,2
BARANYA,02,Pécs,Athén,5
BARANYA,02,Pécs,Barcelona,6
BARANYA,02,Pécs,Bécs,24
BARANYA,02,Pécs,Bejrút,2
BARANYA,02,Pécs,Berlin,27
BARANYA,02,Pécs,Bern,29
BARANYA,02,Pécs,Biskek,1
BARANYA,02,Pécs,Brüsszel,14
BARANYA,02,Pécs,Chicago,3
BARANYA,02,Pécs,Csíkszereda,10
BARANYA,02,Pécs,Dublin,11
BARANYA,02,Pécs,Düsseldorf,25
BARANYA,02,Pécs,Edinburgh,18
BARANYA,02,Pécs,Genf,5
BARANYA,02,Pécs,Hága,32
BARANYA,02,Pécs,Helsinki,5
BARANYA,02,Pécs,Ho Si Minh-város,1
BARANYA,02,Pécs,Hongkong,1
BARANYA,02,Pécs,Innsbruck,22
BARANYA,02,Pécs,Kolozsvár,2
BARANYA,02,Pécs,Koppenhága,18
BARANYA,02,Pécs,Krakkó,2
BARANYA,02,Pécs,Kuala Lumpur,1
BARANYA,02,Pécs,Lendva,1
BARANYA,02,Pécs,Lisszabon,1
BARANYA,02,Pécs,London,111
BARANYA,02,Pécs,Los Angeles,2
BARANYA,02,Pécs,Luxembourg,4
BARANYA,02,Pécs,Lyon,7
BARANYA,02,Pécs,Madrid,8
BARANYA,02,Pécs,Malaga,3
BARANYA,02,Pécs,Manchester,22
BARANYA,02,Pécs,Mexikóváros,1
BARANYA,02,Pécs,Miami,2
BARANYA,02,Pécs,Milánó,5
BARANYA,02,Pécs,Moszkva,2
BARANYA,02,Pécs,München,82
BARANYA,02,Pécs,New York,13
BARANYA,02,Pécs,Nicosia,2
BARANYA,02,Pécs,Nürnberg,19
BARANYA,02,Pécs,Oslo,4
BARANYA,02,Pécs,Ottawa,1
BARANYA,02,Pécs,Párizs,4
BARANYA,02,Pécs,Peking,1
BARANYA,02,Pécs,Pozsony,5
BARANYA,02,Pécs,Prága,2
BARANYA,02,Pécs,Pristina,1
BARANYA,02,Pécs,Róma,6
BARANYA,02,Pécs,San Francisco,6
BARANYA,02,Pécs,Stockholm,19
BARANYA,02,Pécs,Strasbourg,4
BARANYA,02,Pécs,Stuttgart,83
BARANYA,02,Pécs,Sydney,5
BARANYA,02,Pécs,Szabadka,5
BARANYA,02,Pécs,Szarajevó,2
BARANYA,02,Pécs,Szingapúr,1
BARANYA,02,Pécs,Szkopje,1
BARANYA,02,Pécs,Szófia,2
BARANYA,02,Pécs,Szöul,2
BARANYA,02,Pécs,Tallinn,2
BARANYA,02,Pécs,Tirana,1
BARANYA,02,Pécs,Toronto,4
BARANYA,02,Pécs,Valletta,1
BARANYA,02,Pécs,Vancouver,1
BARANYA,02,Pécs,Vilnius,1
BARANYA,02,Pécs,Washington,4
BARANYA,02,Pécs,Wellington,1
BARANYA,02,Pécs,Wroclaw,1
BARANYA,02,Pécs,Zágráb,4
BARANYA,03,Mohács,Abu Dhabi,1
BARANYA,03,Mohács,Athén,1
BARANYA,03,Mohács,Bangkok,1
BARANYA,03,Mohács,Barcelona,6
BARANYA,03,Mohács,Bécs,27
BARANYA,03,Mohács,Bejrút,1
BARANYA,03,Mohács,Beregszász,2
BARANYA,03,Mohács,Berlin,14
BARANYA,03,Mohács,Bern,35
BARANYA,03,Mohács,Bogota,2
BARANYA,03,Mohács,Brüsszel,9
BARANYA,03,Mohács,Chicago,1
BARANYA,03,Mohács,Csíkszereda,11
BARANYA,03,Mohács,Dublin,7
BARANYA,03,Mohács,Düsseldorf,16
BARANYA,03,Mohács,Edinburgh,3
BARANYA,03,Mohács,Eszék,5
BARANYA,03,Mohács,Genf,1
BARANYA,03,Mohács,Hága,22
BARANYA,03,Mohács,Helsinki,4
BARANYA,03,Mohács,Innsbruck,11
BARANYA,03,Mohács,Isztambul,1
BARANYA,03,Mohács,Kolozsvár,1
BARANYA,03,Mohács,Koppenhága,4
BARANYA,03,Mohács,Kuvait,1
BARANYA,03,Mohács,Lisszabon,2
BARANYA,03,Mohács,Ljubljana,3
BARANYA,03,Mohács,London,34
BARANYA,03,Mohács,Luxembourg,7
BARANYA,03,Mohács,Lyon,2
BARANYA,03,Mohács,Madrid,1
BARANYA,03,Mohács,Malaga,2
BARANYA,03,Mohács,Manchester,10
BARANYA,03,Mohács,Milánó,2
BARANYA,03,Mohács,München,70
BARANYA,03,Mohács,Nürnberg,20
BARANYA,03,Mohács,Oslo,2
BARANYA,03,Mohács,Párizs,4
BARANYA,03,Mohács,Prága,3
BARANYA,03,Mohács,Pretoria,2
BARANYA,03,Mohács,Pristina,1
BARANYA,03,Mohács,Róma,2
BARANYA,03,Mohács,San Francisco,1
BARANYA,03,Mohács,Stockholm,10
BARANYA,03,Mohács,Strasbourg,5
BARANYA,03,Mohács,Stuttgart,42
BARANYA,03,Mohács,Sydney,2
BARANYA,03,Mohács,Szabadka,3
BARANYA,03,Mohács,Szkopje,1
BARANYA,03,Mohács,Tbiliszi,1
BARANYA,03,Mohács,Toronto,5
BARANYA,03,Mohács,Valletta,3
BARANYA,03,Mohács,Vancouver,1
BARANYA,03,Mohács,Zágráb,2
BARANYA,04,Szigetvár,Barcelona,1
BARANYA,04,Szigetvár,Bécs,12
BARANYA,04,Szigetvár,Belgrád,5
BARANYA,04,Szigetvár,Berlin,17
BARANYA,04,Szigetvár,Bern,16
BARANYA,04,Szigetvár,Brüsszel,9
BARANYA,04,Szigetvár,Buenos Aires,1
BARANYA,04,Szigetvár,Csíkszereda,6
BARANYA,04,Szigetvár,Dublin,11
BARANYA,04,Szigetvár,Düsseldorf,8
BARANYA,04,Szigetvár,Edinburgh,14
BARANYA,04,Szigetvár,Eszék,5
BARANYA,04,Szigetvár,Genf,2
BARANYA,04,Szigetvár,Hága,16
BARANYA,04,Szigetvár,Houston,1
BARANYA,04,Szigetvár,Innsbruck,28
BARANYA,04,Szigetvár,Kolozsvár,1
BARANYA,04,Szigetvár,Koppenhága,7
BARANYA,04,Szigetvár,Lisszabon,1
BARANYA,04,Szigetvár,London,30
BARANYA,04,Szigetvár,Luxembourg,2
BARANYA,04,Szigetvár,Madrid,1
BARANYA,04,Szigetvár,Malaga,4
BARANYA,04,Szigetvár,Manchester,31
BARANYA,04,Szigetvár,Miami,2
BARANYA,04,Szigetvár,Milánó,1
BARANYA,04,Szigetvár,München,49
BARANYA,04,Szigetvár,New York,3
BARANYA,04,Szigetvár,Nürnberg,17
BARANYA,04,Szigetvár,Oslo,4
BARANYA,04,Szigetvár,Párizs,4
BARANYA,04,Szigetvár,Prága,3
BARANYA,04,Szigetvár,Pristina,2
BARANYA,04,Szigetvár,Róma,4
BARANYA,04,Szigetvár,San Francisco,2
BARANYA,04,Szigetvár,Stockholm,2
BARANYA,04,Szigetvár,Strasbourg,2
BARANYA,04,Szigetvár,Stuttgart,37
BARANYA,04,Szigetvár,Szabadka,9
BARANYA,04,Szigetvár,Toronto,1
BARANYA,04,Szigetvár,Ungvár,1
BARANYA,04,Szigetvár,Vancouver,1
BARANYA,04,Szigetvár,Washington,3
BARANYA,04,Szigetvár,Zágráb,5
BÁCS-KISKUN,01,Kecskemét,Abu Dhabi,3
BÁCS-KISKUN,01,Kecskemét,Athén,1
BÁCS-KISKUN,01,Kecskemét,Barcelona,14
BÁCS-KISKUN,01,Kecskemét,Bécs,9
BÁCS-KISKUN,01,Kecskemét,Beregszász,1
BÁCS-KISKUN,01,Kecskemét,Berlin,15
BÁCS-KISKUN,01,Kecskemét,Bern,19
BÁCS-KISKUN,01,Kecskemét,Brazíliaváros,1
BÁCS-KISKUN,01,Kecskemét,Brüsszel,12
BÁCS-KISKUN,01,Kecskemét,Chicago,2
BÁCS-KISKUN,01,Kecskemét,Csíkszereda,18
BÁCS-KISKUN,01,Kecskemét,Dublin,4
BÁCS-KISKUN,01,Kecskemét,Düsseldorf,18
BÁCS-KISKUN,01,Kecskemét,Edinburgh,6
BÁCS-KISKUN,01,Kecskemét,Genf,4
BÁCS-KISKUN,01,Kecskemét,Hága,16
BÁCS-KISKUN,01,Kecskemét,Helsinki,4
BÁCS-KISKUN,01,Kecskemét,Hongkong,1
BÁCS-KISKUN,01,Kecskemét,Innsbruck,11
BÁCS-KISKUN,01,Kecskemét,Jakarta,1
BÁCS-KISKUN,01,Kecskemét,Kairó,1
BÁCS-KISKUN,01,Kecskemét,Koppenhága,18
BÁCS-KISKUN,01,Kecskemét,Krakkó,1
BÁCS-KISKUN,01,Kecskemét,Lisszabon,5
BÁCS-KISKUN,01,Kecskemét,Ljubljana,3
BÁCS-KISKUN,01,Kecskemét,London,65
BÁCS-KISKUN,01,Kecskemét,Lyon,2
BÁCS-KISKUN,01,Kecskemét,Madrid,2
BÁCS-KISKUN,01,Kecskemét,Malaga,3
BÁCS-KISKUN,01,Kecskemét,Manchester,14
BÁCS-KISKUN,01,Kecskemét,Melbourne,1
BÁCS-KISKUN,01,Kecskemét,Miami,4
BÁCS-KISKUN,01,Kecskemét,Milánó,4
BÁCS-KISKUN,01,Kecskemét,München,30
BÁCS-KISKUN,01,Kecskemét,New York,8
BÁCS-KISKUN,01,Kecskemét,Nürnberg,6
BÁCS-KISKUN,01,Kecskemét,Párizs,4
BÁCS-KISKUN,01,Kecskemét,Prága,5
BÁCS-KISKUN,01,Kecskemét,Pristina,2
BÁCS-KISKUN,01,Kecskemét,Róma,4
BÁCS-KISKUN,01,Kecskemét,San Francisco,1
BÁCS-KISKUN,01,Kecskemét,Stockholm,7
BÁCS-KISKUN,01,Kecskemét,Strasbourg,2
BÁCS-KISKUN,01,Kecskemét,Stuttgart,47
BÁCS-KISKUN,01,Kecskemét,Sydney,1
BÁCS-KISKUN,01,Kecskemét,Szabadka,8
BÁCS-KISKUN,01,Kecskemét,Szarajevó,1
BÁCS-KISKUN,01,Kecskemét,Tokió,1
BÁCS-KISKUN,01,Kecskemét,Toronto,7
BÁCS-KISKUN,01,Kecskemét,Valletta,7
BÁCS-KISKUN,01,Kecskemét,Vancouver,2
BÁCS-KISKUN,01,Kecskemét,Washington,1
BÁCS-KISKUN,01,Kecskemét,Wellington,1
BÁCS-KISKUN,01,Kecskemét,Zágráb,1
BÁCS-KISKUN,02,Kecskemét,Abu Dhabi,1
BÁCS-KISKUN,02,Kecskemét,Addisz-Abeba,1
BÁCS-KISKUN,02,Kecskemét,Almati,1
BÁCS-KISKUN,02,Kecskemét,Athén,3
BÁCS-KISKUN,02,Kecskemét,Bangkok,1
BÁCS-KISKUN,02,Kecskemét,Barcelona,12
BÁCS-KISKUN,02,Kecskemét,Bécs,8
BÁCS-KISKUN,02,Kecskemét,Belgrád,1
BÁCS-KISKUN,02,Kecskemét,Beregszász,5
BÁCS-KISKUN,02,Kecskemét,Berlin,21
BÁCS-KISKUN,02,Kecskemét,Bern,21
BÁCS-KISKUN,02,Kecskemét,Brüsszel,14
BÁCS-KISKUN,02,Kecskemét,Buenos Aires,1
BÁCS-KISKUN,02,Kecskemét,Chicago,2
BÁCS-KISKUN,02,Kecskemét,Csíkszereda,22
BÁCS-KISKUN,02,Kecskemét,Dakka,1
BÁCS-KISKUN,02,Kecskemét,Dublin,9
BÁCS-KISKUN,02,Kecskemét,Düsseldorf,25
BÁCS-KISKUN,02,Kecskemét,Edinburgh,3
BÁCS-KISKUN,02,Kecskemét,Genf,7
BÁCS-KISKUN,02,Kecskemét,Hága,22
BÁCS-KISKUN,02,Kecskemét,Helsinki,4
BÁCS-KISKUN,02,Kecskemét,Innsbruck,6
BÁCS-KISKUN,02,Kecskemét,Isztambul,2
BÁCS-KISKUN,02,Kecskemét,Jakarta,2
BÁCS-KISKUN,02,Kecskemét,Kairó,2
BÁCS-KISKUN,02,Kecskemét,Kazan,2
BÁCS-KISKUN,02,Kecskemét,Kolozsvár,11
BÁCS-KISKUN,02,Kecskemét,Koppenhága,16
BÁCS-KISKUN,02,Kecskemét,Krakkó,3
BÁCS-KISKUN,02,Kecskemét,Lisszabon,3
BÁCS-KISKUN,02,Kecskemét,London,67
BÁCS-KISKUN,02,Kecskemét,Los Angeles,1
BÁCS-KISKUN,02,Kecskemét,Luxembourg,1
BÁCS-KISKUN,02,Kecskemét,Lyon,4
BÁCS-KISKUN,02,Kecskemét,Madrid,4
BÁCS-KISKUN,02,Kecskemét,Malaga,2
BÁCS-KISKUN,02,Kecskemét,Manchester,16
BÁCS-KISKUN,02,Kecskemét,Melbourne,1
BÁCS-KISKUN,02,Kecskemét,Miami,5
BÁCS-KISKUN,02,Kecskemét,Milánó,8
BÁCS-KISKUN,02,Kecskemét,Montreal,3
BÁCS-KISKUN,02,Kecskemét,Mumbai,1
BÁCS-KISKUN,02,Kecskemét,München,35
BÁCS-KISKUN,02,Kecskemét,New York,13
BÁCS-KISKUN,02,Kecskemét,Nicosia,2
BÁCS-KISKUN,02,Kecskemét,Nürnberg,9
BÁCS-KISKUN,02,Kecskemét,Oslo,6
BÁCS-KISKUN,02,Kecskemét,Párizs,11
BÁCS-KISKUN,02,Kecskemét,Prága,7
BÁCS-KISKUN,02,Kecskemét,Pretoria,1
BÁCS-KISKUN,02,Kecskemét,Pristina,1
BÁCS-KISKUN,02,Kecskemét,Quito,1
BÁCS-KISKUN,02,Kecskemét,Rijád,1
BÁCS-KISKUN,02,Kecskemét,Róma,14
BÁCS-KISKUN,02,Kecskemét,San Francisco,1
BÁCS-KISKUN,02,Kecskemét,Stockholm,11
BÁCS-KISKUN,02,Kecskemét,Strasbourg,4
BÁCS-KISKUN,02,Kecskemét,Stuttgart,39
BÁCS-KISKUN,02,Kecskemét,Szabadka,25
BÁCS-KISKUN,02,Kecskemét,Szarajevó,4
BÁCS-KISKUN,02,Kecskemét,Szófia,1
BÁCS-KISKUN,02,Kecskemét,Szöul,2
BÁCS-KISKUN,02,Kecskemét,Tallinn,2
BÁCS-KISKUN,02,Kecskemét,Taskent,1
BÁCS-KISKUN,02,Kecskemét,Tokió,2
BÁCS-KISKUN,02,Kecskemét,Újdelhi,2
BÁCS-KISKUN,02,Kecskemét,Ungvár,1
BÁCS-KISKUN,02,Kecskemét,Valletta,5
BÁCS-KISKUN,02,Kecskemét,Vancouver,1
BÁCS-KISKUN,02,Kecskemét,Varsó,3
BÁCS-KISKUN,02,Kecskemét,Washington,1
BÁCS-KISKUN,02,Kecskemét,Wroclaw,1
BÁCS-KISKUN,03,Kalocsa,Barcelona,7
BÁCS-KISKUN,03,Kalocsa,Bécs,13
BÁCS-KISKUN,03,Kalocsa,Beregszász,1
BÁCS-KISKUN,03,Kalocsa,Berlin,9
BÁCS-KISKUN,03,Kalocsa,Bern,13
BÁCS-KISKUN,03,Kalocsa,Brüsszel,7
BÁCS-KISKUN,03,Kalocsa,Bukarest,3
BÁCS-KISKUN,03,Kalocsa,Csíkszereda,10
BÁCS-KISKUN,03,Kalocsa,Dublin,3
BÁCS-KISKUN,03,Kalocsa,Düsseldorf,7
BÁCS-KISKUN,03,Kalocsa,Edinburgh,7
BÁCS-KISKUN,03,Kalocsa,Hága,18
BÁCS-KISKUN,03,Kalocsa,Hanoi,1
BÁCS-KISKUN,03,Kalocsa,Helsinki,1
BÁCS-KISKUN,03,Kalocsa,Ho Si Minh-város,1
BÁCS-KISKUN,03,Kalocsa,Houston,1
BÁCS-KISKUN,03,Kalocsa,Innsbruck,7
BÁCS-KISKUN,03,Kalocsa,Kolozsvár,1
BÁCS-KISKUN,03,Kalocsa,Koppenhága,9
BÁCS-KISKUN,03,Kalocsa,Krakkó,2
BÁCS-KISKUN,03,Kalocsa,Lisszabon,1
BÁCS-KISKUN,03,Kalocsa,London,35
BÁCS-KISKUN,03,Kalocsa,Los Angeles,1
BÁCS-KISKUN,03,Kalocsa,Luxembourg,1
BÁCS-KISKUN,03,Kalocsa,Madrid,1
BÁCS-KISKUN,03,Kalocsa,Malaga,6
BÁCS-KISKUN,03,Kalocsa,Manchester,16
BÁCS-KISKUN,03,Kalocsa,Manila,1
BÁCS-KISKUN,03,Kalocsa,Miami,3
BÁCS-KISKUN,03,Kalocsa,Milánó,1
BÁCS-KISKUN,03,Kalocsa,Moszkva,2
BÁCS-KISKUN,03,Kalocsa,München,45
BÁCS-KISKUN,03,Kalocsa,New York,4
BÁCS-KISKUN,03,Kalocsa,Nicosia,1
BÁCS-KISKUN,03,Kalocsa,Nürnberg,18
BÁCS-KISKUN,03,Kalocsa,Oslo,6
BÁCS-KISKUN,03,Kalocsa,Párizs,7
BÁCS-KISKUN,03,Kalocsa,Prága,2
BÁCS-KISKUN,03,Kalocsa,Pristina,1
BÁCS-KISKUN,03,Kalocsa,Quito,1
BÁCS-KISKUN,03,Kalocsa,Róma,2
BÁCS-KISKUN,03,Kalocsa,Sanghaj,1
BÁCS-KISKUN,03,Kalocsa,Sao Paulo,1
BÁCS-KISKUN,03,Kalocsa,Stockholm,3
BÁCS-KISKUN,03,Kalocsa,Strasbourg,2
BÁCS-KISKUN,03,Kalocsa,Stuttgart,40
BÁCS-KISKUN,03,Kalocsa,Szabadka,16
BÁCS-KISKUN,03,Kalocsa,Szarajevó,2
BÁCS-KISKUN,03,Kalocsa,Tokió,1
BÁCS-KISKUN,03,Kalocsa,Ungvár,1
BÁCS-KISKUN,03,Kalocsa,Valletta,3
BÁCS-KISKUN,03,Kalocsa,Varsó,3
BÁCS-KISKUN,03,Kalocsa,Washington,1
BÁCS-KISKUN,03,Kalocsa,Wroclaw,1
BÁCS-KISKUN,04,Kiskunfélegyháza,Abu Dhabi,3
BÁCS-KISKUN,04,Kiskunfélegyháza,Athén,7
BÁCS-KISKUN,04,Kiskunfélegyháza,Bangkok,1
BÁCS-KISKUN,04,Kiskunfélegyháza,Bécs,24
BÁCS-KISKUN,04,Kiskunfélegyháza,Beregszász,4
BÁCS-KISKUN,04,Kiskunfélegyháza,Berlin,17
BÁCS-KISKUN,04,Kiskunfélegyháza,Bern,17
BÁCS-KISKUN,04,Kiskunfélegyháza,Bogota,1
BÁCS-KISKUN,04,Kiskunfélegyháza,Brüsszel,4
BÁCS-KISKUN,04,Kiskunfélegyháza,Chicago,2
BÁCS-KISKUN,04,Kiskunfélegyháza,Csíkszereda,32
BÁCS-KISKUN,04,Kiskunfélegyháza,Dublin,2
BÁCS-KISKUN,04,Kiskunfélegyháza,Düsseldorf,5
BÁCS-KISKUN,04,Kiskunfélegyháza,Edinburgh,5
BÁCS-KISKUN,04,Kiskunfélegyháza,Genf,3
BÁCS-KISKUN,04,Kiskunfélegyháza,Hága,15
BÁCS-KISKUN,04,Kiskunfélegyháza,Helsinki,5
BÁCS-KISKUN,04,Kiskunfélegyháza,Innsbruck,7
BÁCS-KISKUN,04,Kiskunfélegyháza,Kolozsvár,6
BÁCS-KISKUN,04,Kiskunfélegyháza,Koppenhága,4
BÁCS-KISKUN,04,Kiskunfélegyháza,Krakkó,2
BÁCS-KISKUN,04,Kiskunfélegyháza,Kuvait,1
BÁCS-KISKUN,04,Kiskunfélegyháza,Lima,1
BÁCS-KISKUN,04,Kiskunfélegyháza,Ljubljana,1
BÁCS-KISKUN,04,Kiskunfélegyháza,London,40
BÁCS-KISKUN,04,Kiskunfélegyháza,Luxembourg,1
BÁCS-KISKUN,04,Kiskunfélegyháza,Madrid,1
BÁCS-KISKUN,04,Kiskunfélegyháza,Manchester,19
BÁCS-KISKUN,04,Kiskunfélegyháza,Mexikóváros,1
BÁCS-KISKUN,04,Kiskunfélegyháza,Miami,1
BÁCS-KISKUN,04,Kiskunfélegyháza,München,31
BÁCS-KISKUN,04,Kiskunfélegyháza,New York,1
BÁCS-KISKUN,04,Kiskunfélegyháza,Nicosia,3
BÁCS-KISKUN,04,Kiskunfélegyháza,Nürnberg,11
BÁCS-KISKUN,04,Kiskunfélegyháza,Oslo,3
BÁCS-KISKUN,04,Kiskunfélegyháza,Párizs,4
BÁCS-KISKUN,04,Kiskunfélegyháza,Prága,1
BÁCS-KISKUN,04,Kiskunfélegyháza,Pristina,3
BÁCS-KISKUN,04,Kiskunfélegyháza,Róma,3
BÁCS-KISKUN,04,Kiskunfélegyháza,San Francisco,2
BÁCS-KISKUN,04,Kiskunfélegyháza,Sanghaj,1
BÁCS-KISKUN,04,Kiskunfélegyháza,Stockholm,5
BÁCS-KISKUN,04,Kiskunfélegyháza,Strasbourg,2
BÁCS-KISKUN,04,Kiskunfélegyháza,Stuttgart,27
BÁCS-KISKUN,04,Kiskunfélegyháza,Sydney,1
BÁCS-KISKUN,04,Kiskunfélegyháza,Szabadka,20
BÁCS-KISKUN,04,Kiskunfélegyháza,Szarajevó,2
BÁCS-KISKUN,04,Kiskunfélegyháza,Tokió,1
BÁCS-KISKUN,04,Kiskunfélegyháza,Toronto,1
BÁCS-KISKUN,04,Kiskunfélegyháza,Ungvár,1
BÁCS-KISKUN,04,Kiskunfélegyháza,Valletta,2
BÁCS-KISKUN,04,Kiskunfélegyháza,Varsó,2
BÁCS-KISKUN,04,Kiskunfélegyháza,Washington,1
BÁCS-KISKUN,05,Kiskunhalas,Abu Dhabi,2
BÁCS-KISKUN,05,Kiskunhalas,Amman,1
BÁCS-KISKUN,05,Kiskunhalas,Barcelona,2
BÁCS-KISKUN,05,Kiskunhalas,Bécs,19
BÁCS-KISKUN,05,Kiskunhalas,Belgrád,2
BÁCS-KISKUN,05,Kiskunhalas,Berlin,11
BÁCS-KISKUN,05,Kiskunhalas,Bern,18
BÁCS-KISKUN,05,Kiskunhalas,Biskek,1
BÁCS-KISKUN,05,Kiskunhalas,Bogota,1
BÁCS-KISKUN,05,Kiskunhalas,Brüsszel,10
BÁCS-KISKUN,05,Kiskunhalas,Canberra,3
BÁCS-KISKUN,05,Kiskunhalas,Csíkszereda,17
BÁCS-KISKUN,05,Kiskunhalas,Doha,3
BÁCS-KISKUN,05,Kiskunhalas,Dublin,11
BÁCS-KISKUN,05,Kiskunhalas,Düsseldorf,27
BÁCS-KISKUN,05,Kiskunhalas,Edinburgh,7
BÁCS-KISKUN,05,Kiskunhalas,Genf,1
BÁCS-KISKUN,05,Kiskunhalas,Hága,9
BÁCS-KISKUN,05,Kiskunhalas,Helsinki,3
BÁCS-KISKUN,05,Kiskunhalas,Hongkong,1
BÁCS-KISKUN,05,Kiskunhalas,Innsbruck,5
BÁCS-KISKUN,05,Kiskunhalas,Isztambul,1
BÁCS-KISKUN,05,Kiskunhalas,Koppenhága,12
BÁCS-KISKUN,05,Kiskunhalas,Krakkó,3
BÁCS-KISKUN,05,Kiskunhalas,Lisszabon,2
BÁCS-KISKUN,05,Kiskunhalas,London,35
BÁCS-KISKUN,05,Kiskunhalas,Luxembourg,5
BÁCS-KISKUN,05,Kiskunhalas,Manchester,14
BÁCS-KISKUN,05,Kiskunhalas,Maszkat,1
BÁCS-KISKUN,05,Kiskunhalas,Milánó,3
BÁCS-KISKUN,05,Kiskunhalas,München,62
BÁCS-KISKUN,05,Kiskunhalas,New York,4
BÁCS-KISKUN,05,Kiskunhalas,Nürnberg,14
BÁCS-KISKUN,05,Kiskunhalas,Oslo,3
BÁCS-KISKUN,05,Kiskunhalas,Párizs,1
BÁCS-KISKUN,05,Kiskunhalas,Pozsony,1
BÁCS-KISKUN,05,Kiskunhalas,Pristina,5
BÁCS-KISKUN,05,Kiskunhalas,San Francisco,1
BÁCS-KISKUN,05,Kiskunhalas,Stockholm,3
BÁCS-KISKUN,05,Kiskunhalas,Strasbourg,3
BÁCS-KISKUN,05,Kiskunhalas,Stuttgart,29
BÁCS-KISKUN,05,Kiskunhalas,Sydney,5
BÁCS-KISKUN,05,Kiskunhalas,Szabadka,79
BÁCS-KISKUN,05,Kiskunhalas,Szarajevó,1
BÁCS-KISKUN,05,Kiskunhalas,Szkopje,3
BÁCS-KISKUN,05,Kiskunhalas,Tokió,2
BÁCS-KISKUN,05,Kiskunhalas,Toronto,1
BÁCS-KISKUN,05,Kiskunhalas,Varsó,1
BÁCS-KISKUN,05,Kiskunhalas,Zágráb,2
BÁCS-KISKUN,06,Baja,Abu Dhabi,2
BÁCS-KISKUN,06,Baja,Barcelona,5
BÁCS-KISKUN,06,Baja,Bécs,27
BÁCS-KISKUN,06,Baja,Beregszász,1
BÁCS-KISKUN,06,Baja,Berlin,27
BÁCS-KISKUN,06,Baja,Bern,15
BÁCS-KISKUN,06,Baja,Brüsszel,6
BÁCS-KISKUN,06,Baja,Chicago,2
BÁCS-KISKUN,06,Baja,Csíkszereda,8
BÁCS-KISKUN,06,Baja,Dublin,12
BÁCS-KISKUN,06,Baja,Düsseldorf,12
BÁCS-KISKUN,06,Baja,Edinburgh,8
BÁCS-KISKUN,06,Baja,Eszék,1
BÁCS-KISKUN,06,Baja,Genf,1
BÁCS-KISKUN,06,Baja,Hága,8
BÁCS-KISKUN,06,Baja,Helsinki,1
BÁCS-KISKUN,06,Baja,Innsbruck,4
BÁCS-KISKUN,06,Baja,Kolozsvár,2
BÁCS-KISKUN,06,Baja,Koppenhága,11
BÁCS-KISKUN,06,Baja,Krakkó,1
BÁCS-KISKUN,06,Baja,Kuvait,1
BÁCS-KISKUN,06,Baja,Lisszabon,2
BÁCS-KISKUN,06,Baja,London,52
BÁCS-KISKUN,06,Baja,Los Angeles,1
BÁCS-KISKUN,06,Baja,Luxembourg,4
BÁCS-KISKUN,06,Baja,Lyon,2
BÁCS-KISKUN,06,Baja,Madrid,1
BÁCS-KISKUN,06,Baja,Malaga,5
BÁCS-KISKUN,06,Baja,Manchester,13
BÁCS-KISKUN,06,Baja,Manila,1
BÁCS-KISKUN,06,Baja,Miami,1
BÁCS-KISKUN,06,Baja,Montreal,1
BÁCS-KISKUN,06,Baja,München,69
BÁCS-KISKUN,06,Baja,New York,7
BÁCS-KISKUN,06,Baja,Nürnberg,4
BÁCS-KISKUN,06,Baja,Oslo,2
BÁCS-KISKUN,06,Baja,Párizs,7
BÁCS-KISKUN,06,Baja,Prága,1
BÁCS-KISKUN,06,Baja,Pretoria,1
BÁCS-KISKUN,06,Baja,Pristina,3
BÁCS-KISKUN,06,Baja,Róma,3
BÁCS-KISKUN,06,Baja,San Francisco,1
BÁCS-KISKUN,06,Baja,Stockholm,3
BÁCS-KISKUN,06,Baja,Strasbourg,4
BÁCS-KISKUN,06,Baja,Stuttgart,59
BÁCS-KISKUN,06,Baja,Sydney,5
BÁCS-KISKUN,06,Baja,Szabadka,14
BÁCS-KISKUN,06,Baja,Szingapúr,1
BÁCS-KISKUN,06,Baja,Szkopje,1
BÁCS-KISKUN,06,Baja,Szöul,2
BÁCS-KISKUN,06,Baja,Tallinn,1
BÁCS-KISKUN,06,Baja,Valletta,4
BÁCS-KISKUN,06,Baja,Wroclaw,1
BÁCS-KISKUN,06,Baja,Zágráb,3
BÉKÉS,01,Békéscsaba,Abu Dhabi,5
BÉKÉS,01,Békéscsaba,Algír,1
BÉKÉS,01,Békéscsaba,Barcelona,6
BÉKÉS,01,Békéscsaba,Bécs,17
BÉKÉS,01,Békéscsaba,Beregszász,1
BÉKÉS,01,Békéscsaba,Berlin,23
BÉKÉS,01,Békéscsaba,Bern,29
BÉKÉS,01,Békéscsaba,Brüsszel,10
BÉKÉS,01,Békéscsaba,Chicago,6
BÉKÉS,01,Békéscsaba,Csíkszereda,11
BÉKÉS,01,Békéscsaba,Dublin,11
BÉKÉS,01,Békéscsaba,Düsseldorf,14
BÉKÉS,01,Békéscsaba,Edinburgh,9
BÉKÉS,01,Békéscsaba,Erbil,2
BÉKÉS,01,Békéscsaba,Gdansk,2
BÉKÉS,01,Békéscsaba,Genf,3
BÉKÉS,01,Békéscsaba,Hága,46
BÉKÉS,01,Békéscsaba,Helsinki,5
BÉKÉS,01,Békéscsaba,Innsbruck,9
BÉKÉS,01,Békéscsaba,Isztambul,3
BÉKÉS,01,Békéscsaba,Kassa,1
BÉKÉS,01,Békéscsaba,Kolozsvár,3
BÉKÉS,01,Békéscsaba,Koppenhága,11
BÉKÉS,01,Békéscsaba,Krakkó,1
BÉKÉS,01,Békéscsaba,Lisszabon,3
BÉKÉS,01,Békéscsaba,Ljubljana,1
BÉKÉS,01,Békéscsaba,London,78
BÉKÉS,01,Békéscsaba,Los Angeles,6
BÉKÉS,01,Békéscsaba,Luxembourg,2
BÉKÉS,01,Békéscsaba,Lyon,1
BÉKÉS,01,Békéscsaba,Madrid,1
BÉKÉS,01,Békéscsaba,Malaga,5
BÉKÉS,01,Békéscsaba,Manchester,39
BÉKÉS,01,Békéscsaba,Manila,1
BÉKÉS,01,Békéscsaba,Milánó,3
BÉKÉS,01,Békéscsaba,Montreal,2
BÉKÉS,01,Békéscsaba,Moszkva,1
BÉKÉS,01,Békéscsaba,München,35
BÉKÉS,01,Békéscsaba,New York,4
BÉKÉS,01,Békéscsaba,Nicosia,5
BÉKÉS,01,Békéscsaba,Nürnberg,15
BÉKÉS,01,Békéscsaba,Oslo,8
BÉKÉS,01,Békéscsaba,Párizs,4
BÉKÉS,01,Békéscsaba,Podgorica,1
BÉKÉS,01,Békéscsaba,Pozsony,2
BÉKÉS,01,Békéscsaba,Prága,3
BÉKÉS,01,Békéscsaba,Pristina,4
BÉKÉS,01,Békéscsaba,Rabat,1
BÉKÉS,01,Békéscsaba,Róma,4
BÉKÉS,01,Békéscsaba,San Francisco,1
BÉKÉS,01,Békéscsaba,Stockholm,7
BÉKÉS,01,Békéscsaba,Strasbourg,2
BÉKÉS,01,Békéscsaba,Stuttgart,28
BÉKÉS,01,Békéscsaba,Szabadka,3
BÉKÉS,01,Békéscsaba,Szöul,1
BÉKÉS,01,Békéscsaba,Tokió,2
BÉKÉS,01,Békéscsaba,Toronto,1
BÉKÉS,01,Békéscsaba,Valletta,3
BÉKÉS,01,Békéscsaba,Vancouver,1
BÉKÉS,01,Békéscsaba,Wellington,2
BÉKÉS,01,Békéscsaba,Zágráb,1
BÉKÉS,02,Békés,Abu Dhabi,1
BÉKÉS,02,Békés,Amman,1
BÉKÉS,02,Békés,Barcelona,4
BÉKÉS,02,Békés,Bécs,9
BÉKÉS,02,Békés,Beregszász,3
BÉKÉS,02,Békés,Berlin,15
BÉKÉS,02,Békés,Bern,27
BÉKÉS,02,Békés,Brüsszel,9
BÉKÉS,02,Békés,Chicago,1
BÉKÉS,02,Békés,Csíkszereda,15
BÉKÉS,02,Békés,Dublin,19
BÉKÉS,02,Békés,Düsseldorf,10
BÉKÉS,02,Békés,Edinburgh,8
BÉKÉS,02,Békés,Genf,3
BÉKÉS,02,Békés,Hága,18
BÉKÉS,02,Békés,Havanna,1
BÉKÉS,02,Békés,Helsinki,5
BÉKÉS,02,Békés,Innsbruck,6
BÉKÉS,02,Békés,Isztambul,1
BÉKÉS,02,Békés,Kolozsvár,7
BÉKÉS,02,Békés,Koppenhága,10
BÉKÉS,02,Békés,Krakkó,1
BÉKÉS,02,Békés,Lisszabon,1
BÉKÉS,02,Békés,London,65
BÉKÉS,02,Békés,Luxembourg,6
BÉKÉS,02,Békés,Lyon,2
BÉKÉS,02,Békés,Madrid,6
BÉKÉS,02,Békés,Malaga,1
BÉKÉS,02,Békés,Manchester,28
BÉKÉS,02,Békés,Maszkat,1
BÉKÉS,02,Békés,Milánó,1
BÉKÉS,02,Békés,Minszk,1
BÉKÉS,02,Békés,München,30
BÉKÉS,02,Békés,New York,3
BÉKÉS,02,Békés,Nürnberg,12
BÉKÉS,02,Békés,Párizs,7
BÉKÉS,02,Békés,Pozsony,2
BÉKÉS,02,Békés,Pristina,2
BÉKÉS,02,Békés,Róma,2
BÉKÉS,02,Békés,San Francisco,2
BÉKÉS,02,Békés,Stockholm,6
BÉKÉS,02,Békés,Stuttgart,29
BÉKÉS,02,Békés,Szabadka,4
BÉKÉS,02,Békés,Szarajevó,1
BÉKÉS,02,Békés,Tel-Aviv,1
BÉKÉS,02,Békés,Toronto,4
BÉKÉS,02,Békés,Ungvár,1
BÉKÉS,02,Békés,Valletta,2
BÉKÉS,02,Békés,Wroclaw,1
BÉKÉS,03,Gyula,Abu Dhabi,2
BÉKÉS,03,Gyula,Barcelona,2
BÉKÉS,03,Gyula,Bécs,17
BÉKÉS,03,Gyula,Beregszász,2
BÉKÉS,03,Gyula,Berlin,11
BÉKÉS,03,Gyula,Bern,20
BÉKÉS,03,Gyula,Brüsszel,5
BÉKÉS,03,Gyula,Chicago,1
BÉKÉS,03,Gyula,Csíkszereda,18
BÉKÉS,03,Gyula,Doha,1
BÉKÉS,03,Gyula,Dublin,12
BÉKÉS,03,Gyula,Düsseldorf,9
BÉKÉS,03,Gyula,Edinburgh,3
BÉKÉS,03,Gyula,Erbil,1
BÉKÉS,03,Gyula,Genf,3
BÉKÉS,03,Gyula,Hága,15
BÉKÉS,03,Gyula,Helsinki,1
BÉKÉS,03,Gyula,Hongkong,1
BÉKÉS,03,Gyula,Houston,1
BÉKÉS,03,Gyula,Innsbruck,4
BÉKÉS,03,Gyula,Kolozsvár,2
BÉKÉS,03,Gyula,Koppenhága,6
BÉKÉS,03,Gyula,Krakkó,1
BÉKÉS,03,Gyula,Lisszabon,2
BÉKÉS,03,Gyula,London,55
BÉKÉS,03,Gyula,Los Angeles,1
BÉKÉS,03,Gyula,Luxembourg,4
BÉKÉS,03,Gyula,Lyon,1
BÉKÉS,03,Gyula,Malaga,2
BÉKÉS,03,Gyula,Manchester,21
BÉKÉS,03,Gyula,Melbourne,1
BÉKÉS,03,Gyula,Miami,2
BÉKÉS,03,Gyula,Milánó,3
BÉKÉS,03,Gyula,München,37
BÉKÉS,03,Gyula,New York,3
BÉKÉS,03,Gyula,Nürnberg,6
BÉKÉS,03,Gyula,Oslo,3
BÉKÉS,03,Gyula,Párizs,1
BÉKÉS,03,Gyula,Podgorica,1
BÉKÉS,03,Gyula,Prága,2
BÉKÉS,03,Gyula,Pretoria,2
BÉKÉS,03,Gyula,Pristina,4
BÉKÉS,03,Gyula,Róma,3
BÉKÉS,03,Gyula,San Francisco,1
BÉKÉS,03,Gyula,Santiago de Chile,1
BÉKÉS,03,Gyula,Stockholm,8
BÉKÉS,03,Gyula,Strasbourg,1
BÉKÉS,03,Gyula,Stuttgart,23
BÉKÉS,03,Gyula,Sydney,1
BÉKÉS,03,Gyula,Szabadka,2
BÉKÉS,03,Gyula,Szingapúr,1
BÉKÉS,03,Gyula,Szkopje,1
BÉKÉS,03,Gyula,Szófia,1
BÉKÉS,03,Gyula,Szöul,1
BÉKÉS,03,Gyula,Tallinn,2
BÉKÉS,03,Gyula,Tel-Aviv,2
BÉKÉS,03,Gyula,Tirana,2
BÉKÉS,03,Gyula,Toronto,1
BÉKÉS,03,Gyula,Ungvár,1
BÉKÉS,03,Gyula,Valletta,1
BÉKÉS,04,Orosháza,Barcelona,2
BÉKÉS,04,Orosháza,Bécs,12
BÉKÉS,04,Orosháza,Belgrád,1
BÉKÉS,04,Orosháza,Berlin,8
BÉKÉS,04,Orosháza,Bern,30
BÉKÉS,04,Orosháza,Brüsszel,4
BÉKÉS,04,Orosháza,Bukarest,1
BÉKÉS,04,Orosháza,Chicago,1
BÉKÉS,04,Orosháza,Csíkszereda,22
BÉKÉS,04,Orosháza,Doha,1
BÉKÉS,04,Orosháza,Dublin,13
BÉKÉS,04,Orosháza,Düsseldorf,14
BÉKÉS,04,Orosháza,Edinburgh,11
BÉKÉS,04,Orosháza,Genf,9
BÉKÉS,04,Orosháza,Hága,19
BÉKÉS,04,Orosháza,Helsinki,1
BÉKÉS,04,Orosháza,Innsbruck,2
BÉKÉS,04,Orosháza,Isztambul,2
BÉKÉS,04,Orosháza,Kairó,1
BÉKÉS,04,Orosháza,Kolozsvár,2
BÉKÉS,04,Orosháza,Koppenhága,8
BÉKÉS,04,Orosháza,Krakkó,1
BÉKÉS,04,Orosháza,Lisszabon,1
BÉKÉS,04,Orosháza,London,88
BÉKÉS,04,Orosháza,Los Angeles,1
BÉKÉS,04,Orosháza,Luxembourg,3
BÉKÉS,04,Orosháza,Lyon,1
BÉKÉS,04,Orosháza,Madrid,3
BÉKÉS,04,Orosháza,Malaga,6
BÉKÉS,04,Orosháza,Manchester,31
BÉKÉS,04,Orosháza,Miami,1
BÉKÉS,04,Orosháza,Milánó,2
BÉKÉS,04,Orosháza,Moszkva,1
BÉKÉS,04,Orosháza,München,35
BÉKÉS,04,Orosháza,New York,1
BÉKÉS,04,Orosháza,Nicosia,3
BÉKÉS,04,Orosháza,Nürnberg,13
BÉKÉS,04,Orosháza,Oslo,1
BÉKÉS,04,Orosháza,Panamaváros,2
BÉKÉS,04,Orosháza,Párizs,2
BÉKÉS,04,Orosháza,Pristina,17
BÉKÉS,04,Orosháza,Róma,2
BÉKÉS,04,Orosháza,Sanghaj,1
BÉKÉS,04,Orosháza,Stockholm,6
BÉKÉS,04,Orosháza,Strasbourg,2
BÉKÉS,04,Orosháza,Stuttgart,25
BÉKÉS,04,Orosháza,Szabadka,5
BÉKÉS,04,Orosháza,Szarajevó,1
BÉKÉS,04,Orosháza,Szingapúr,1
BÉKÉS,04,Orosháza,Szkopje,2
BÉKÉS,04,Orosháza,Szófia,1
BÉKÉS,04,Orosháza,Toronto,3
BÉKÉS,04,Orosháza,Újdelhi,1
BÉKÉS,04,Orosháza,Ungvár,1
BÉKÉS,04,Orosháza,Valletta,3
BÉKÉS,04,Orosháza,Varsó,5
BÉKÉS,04,Orosháza,Vilnius,1
BÉKÉS,04,Orosháza,Washington,1
BÉKÉS,04,Orosháza,Wroclaw,1
BÉKÉS,04,Orosháza,Zágráb,1
BORSOD-ABAÚJ-ZEMPLÉN,01,Miskolc,Abu Dhabi,1
BORSOD-ABAÚJ-ZEMPLÉN,01,Miskolc,Accra,1
BORSOD-ABAÚJ-ZEMPLÉN,01,Miskolc,Athén,4
BORSOD-ABAÚJ-ZEMPLÉN,01,Miskolc,Barcelona,7
BORSOD-ABAÚJ-ZEMPLÉN,01,Miskolc,Bécs,14
BORSOD-ABAÚJ-ZEMPLÉN,01,Miskolc,Beregszász,3
BORSOD-ABAÚJ-ZEMPLÉN,01,Miskolc,Berlin,28
BORSOD-ABAÚJ-ZEMPLÉN,01,Miskolc,Bern,26
BORSOD-ABAÚJ-ZEMPLÉN,01,Miskolc,Bogota,2
BORSOD-ABAÚJ-ZEMPLÉN,01,Miskolc,Brüsszel,21
BORSOD-ABAÚJ-ZEMPLÉN,01,Miskolc,Chicago,1
BORSOD-ABAÚJ-ZEMPLÉN,01,Miskolc,Csíkszereda,6
BORSOD-ABAÚJ-ZEMPLÉN,01,Miskolc,Doha,2
BORSOD-ABAÚJ-ZEMPLÉN,01,Miskolc,Dublin,21
BORSOD-ABAÚJ-ZEMPLÉN,01,Miskolc,Düsseldorf,16
BORSOD-ABAÚJ-ZEMPLÉN,01,Miskolc,Edinburgh,8
BORSOD-ABAÚJ-ZEMPLÉN,01,Miskolc,Gdansk,2
BORSOD-ABAÚJ-ZEMPLÉN,01,Miskolc,Genf,2
BORSOD-ABAÚJ-ZEMPLÉN,01,Miskolc,Hága,36
BORSOD-ABAÚJ-ZEMPLÉN,01,Miskolc,Helsinki,10
BORSOD-ABAÚJ-ZEMPLÉN,01,Miskolc,Houston,1
BORSOD-ABAÚJ-ZEMPLÉN,01,Miskolc,Innsbruck,8
BORSOD-ABAÚJ-ZEMPLÉN,01,Miskolc,Isztambul,2
BORSOD-ABAÚJ-ZEMPLÉN,01,Miskolc,Kolozsvár,5
BORSOD-ABAÚJ-ZEMPLÉN,01,Miskolc,Koppenhága,19
BORSOD-ABAÚJ-ZEMPLÉN,01,Miskolc,Krakkó,2
BORSOD-ABAÚJ-ZEMPLÉN,01,Miskolc,Kuala Lumpur,2
BORSOD-ABAÚJ-ZEMPLÉN,01,Miskolc,Lisszabon,1
BORSOD-ABAÚJ-ZEMPLÉN,01,Miskolc,Ljubljana,3
BORSOD-ABAÚJ-ZEMPLÉN,01,Miskolc,London,77
BORSOD-ABAÚJ-ZEMPLÉN,01,Miskolc,Los Angeles,1
BORSOD-ABAÚJ-ZEMPLÉN,01,Miskolc,Luanda,2
BORSOD-ABAÚJ-ZEMPLÉN,01,Miskolc,Luxembourg,4
BORSOD-ABAÚJ-ZEMPLÉN,01,Miskolc,Lyon,6
BORSOD-ABAÚJ-ZEMPLÉN,01,Miskolc,Madrid,5
BORSOD-ABAÚJ-ZEMPLÉN,01,Miskolc,Malaga,4
BORSOD-ABAÚJ-ZEMPLÉN,01,Miskolc,Manchester,22
BORSOD-ABAÚJ-ZEMPLÉN,01,Miskolc,Manila,1
BORSOD-ABAÚJ-ZEMPLÉN,01,Miskolc,Maszkat,1
BORSOD-ABAÚJ-ZEMPLÉN,01,Miskolc,Miami,7
BORSOD-ABAÚJ-ZEMPLÉN,01,Miskolc,Milánó,3
BORSOD-ABAÚJ-ZEMPLÉN,01,Miskolc,Moszkva,1
BORSOD-ABAÚJ-ZEMPLÉN,01,Miskolc,Mumbai,1
BORSOD-ABAÚJ-ZEMPLÉN,01,Miskolc,München,63
BORSOD-ABAÚJ-ZEMPLÉN,01,Miskolc,New York,7
BORSOD-ABAÚJ-ZEMPLÉN,01,Miskolc,Nicosia,4
BORSOD-ABAÚJ-ZEMPLÉN,01,Miskolc,Nürnberg,19
BORSOD-ABAÚJ-ZEMPLÉN,01,Miskolc,Oslo,5
BORSOD-ABAÚJ-ZEMPLÉN,01,Miskolc,Párizs,9
BORSOD-ABAÚJ-ZEMPLÉN,01,Miskolc,Pozsony,1
BORSOD-ABAÚJ-ZEMPLÉN,01,Miskolc,Prága,5
BORSOD-ABAÚJ-ZEMPLÉN,01,Miskolc,Pretoria,1
BORSOD-ABAÚJ-ZEMPLÉN,01,Miskolc,Pristina,1
BORSOD-ABAÚJ-ZEMPLÉN,01,Miskolc,Riga,1
BORSOD-ABAÚJ-ZEMPLÉN,01,Miskolc,Róma,4
BORSOD-ABAÚJ-ZEMPLÉN,01,Miskolc,Sanghaj,1
BORSOD-ABAÚJ-ZEMPLÉN,01,Miskolc,Stockholm,5
BORSOD-ABAÚJ-ZEMPLÉN,01,Miskolc,Strasbourg,7
BORSOD-ABAÚJ-ZEMPLÉN,01,Miskolc,Stuttgart,54
BORSOD-ABAÚJ-ZEMPLÉN,01,Miskolc,Sydney,1
BORSOD-ABAÚJ-ZEMPLÉN,01,Miskolc,Szingapúr,1
BORSOD-ABAÚJ-ZEMPLÉN,01,Miskolc,Tokió,2
BORSOD-ABAÚJ-ZEMPLÉN,01,Miskolc,Toronto,6
BORSOD-ABAÚJ-ZEMPLÉN,01,Miskolc,Valletta,3
BORSOD-ABAÚJ-ZEMPLÉN,01,Miskolc,Washington,2
BORSOD-ABAÚJ-ZEMPLÉN,02,Miskolc,Abu Dhabi,1
BORSOD-ABAÚJ-ZEMPLÉN,02,Miskolc,Almati,1
BORSOD-ABAÚJ-ZEMPLÉN,02,Miskolc,Athén,1
BORSOD-ABAÚJ-ZEMPLÉN,02,Miskolc,Barcelona,1
BORSOD-ABAÚJ-ZEMPLÉN,02,Miskolc,Bécs,17
BORSOD-ABAÚJ-ZEMPLÉN,02,Miskolc,Belgrád,3
BORSOD-ABAÚJ-ZEMPLÉN,02,Miskolc,Beregszász,5
BORSOD-ABAÚJ-ZEMPLÉN,02,Miskolc,Berlin,20
BORSOD-ABAÚJ-ZEMPLÉN,02,Miskolc,Bern,24
BORSOD-ABAÚJ-ZEMPLÉN,02,Miskolc,Brüsszel,20
BORSOD-ABAÚJ-ZEMPLÉN,02,Miskolc,Chicago,1
BORSOD-ABAÚJ-ZEMPLÉN,02,Miskolc,Csíkszereda,5
BORSOD-ABAÚJ-ZEMPLÉN,02,Miskolc,Doha,2
BORSOD-ABAÚJ-ZEMPLÉN,02,Miskolc,Dublin,22
BORSOD-ABAÚJ-ZEMPLÉN,02,Miskolc,Düsseldorf,19
BORSOD-ABAÚJ-ZEMPLÉN,02,Miskolc,Edinburgh,13
BORSOD-ABAÚJ-ZEMPLÉN,02,Miskolc,Genf,2
BORSOD-ABAÚJ-ZEMPLÉN,02,Miskolc,Hága,42
BORSOD-ABAÚJ-ZEMPLÉN,02,Miskolc,Hanoi,1
BORSOD-ABAÚJ-ZEMPLÉN,02,Miskolc,Helsinki,5
BORSOD-ABAÚJ-ZEMPLÉN,02,Miskolc,Houston,1
BORSOD-ABAÚJ-ZEMPLÉN,02,Miskolc,Innsbruck,9
BORSOD-ABAÚJ-ZEMPLÉN,02,Miskolc,Isztambul,1
BORSOD-ABAÚJ-ZEMPLÉN,02,Miskolc,Koppenhága,17
BORSOD-ABAÚJ-ZEMPLÉN,02,Miskolc,Krakkó,1
BORSOD-ABAÚJ-ZEMPLÉN,02,Miskolc,Lima,1
BORSOD-ABAÚJ-ZEMPLÉN,02,Miskolc,Lisszabon,1
BORSOD-ABAÚJ-ZEMPLÉN,02,Miskolc,London,82
BORSOD-ABAÚJ-ZEMPLÉN,02,Miskolc,Los Angeles,1
BORSOD-ABAÚJ-ZEMPLÉN,02,Miskolc,Luxembourg,15
BORSOD-ABAÚJ-ZEMPLÉN,02,Miskolc,Lyon,1
BORSOD-ABAÚJ-ZEMPLÉN,02,Miskolc,Madrid,3
BORSOD-ABAÚJ-ZEMPLÉN,02,Miskolc,Malaga,2
BORSOD-ABAÚJ-ZEMPLÉN,02,Miskolc,Manchester,26
BORSOD-ABAÚJ-ZEMPLÉN,02,Miskolc,Melbourne,4
BORSOD-ABAÚJ-ZEMPLÉN,02,Miskolc,Miami,5
BORSOD-ABAÚJ-ZEMPLÉN,02,Miskolc,Milánó,1
BORSOD-ABAÚJ-ZEMPLÉN,02,Miskolc,Montreal,3
BORSOD-ABAÚJ-ZEMPLÉN,02,Miskolc,München,69
BORSOD-ABAÚJ-ZEMPLÉN,02,Miskolc,New York,4
BORSOD-ABAÚJ-ZEMPLÉN,02,Miskolc,Nicosia,1
BORSOD-ABAÚJ-ZEMPLÉN,02,Miskolc,Nürnberg,18
BORSOD-ABAÚJ-ZEMPLÉN,02,Miskolc,Oslo,2
BORSOD-ABAÚJ-ZEMPLÉN,02,Miskolc,Ottawa,2
BORSOD-ABAÚJ-ZEMPLÉN,02,Miskolc,Panamaváros,1
BORSOD-ABAÚJ-ZEMPLÉN,02,Miskolc,Párizs,13
BORSOD-ABAÚJ-ZEMPLÉN,02,Miskolc,Prága,2
BORSOD-ABAÚJ-ZEMPLÉN,02,Miskolc,Róma,8
BORSOD-ABAÚJ-ZEMPLÉN,02,Miskolc,San Francisco,1
BORSOD-ABAÚJ-ZEMPLÉN,02,Miskolc,Stockholm,13
BORSOD-ABAÚJ-ZEMPLÉN,02,Miskolc,Strasbourg,7
BORSOD-ABAÚJ-ZEMPLÉN,02,Miskolc,Stuttgart,41
BORSOD-ABAÚJ-ZEMPLÉN,02,Miskolc,Szarajevó,1
BORSOD-ABAÚJ-ZEMPLÉN,02,Miskolc,Szingapúr,1
BORSOD-ABAÚJ-ZEMPLÉN,02,Miskolc,Szöul,1
BORSOD-ABAÚJ-ZEMPLÉN,02,Miskolc,Tbiliszi,1
BORSOD-ABAÚJ-ZEMPLÉN,02,Miskolc,Tel-Aviv,2
BORSOD-ABAÚJ-ZEMPLÉN,02,Miskolc,Toronto,1
BORSOD-ABAÚJ-ZEMPLÉN,02,Miskolc,Ungvár,3
BORSOD-ABAÚJ-ZEMPLÉN,02,Miskolc,Valletta,7
BORSOD-ABAÚJ-ZEMPLÉN,02,Miskolc,Vancouver,2
BORSOD-ABAÚJ-ZEMPLÉN,02,Miskolc,Varsó,3
BORSOD-ABAÚJ-ZEMPLÉN,02,Miskolc,Washington,5
BORSOD-ABAÚJ-ZEMPLÉN,03,Ózd,Abu Dhabi,4
BORSOD-ABAÚJ-ZEMPLÉN,03,Ózd,Amman,1
BORSOD-ABAÚJ-ZEMPLÉN,03,Ózd,Athén,1
BORSOD-ABAÚJ-ZEMPLÉN,03,Ózd,Barcelona,3
BORSOD-ABAÚJ-ZEMPLÉN,03,Ózd,Bécs,9
BORSOD-ABAÚJ-ZEMPLÉN,03,Ózd,Beregszász,7
BORSOD-ABAÚJ-ZEMPLÉN,03,Ózd,Berlin,4
BORSOD-ABAÚJ-ZEMPLÉN,03,Ózd,Bern,17
BORSOD-ABAÚJ-ZEMPLÉN,03,Ózd,Bogota,1
BORSOD-ABAÚJ-ZEMPLÉN,03,Ózd,Brüsszel,2
BORSOD-ABAÚJ-ZEMPLÉN,03,Ózd,Dublin,4
BORSOD-ABAÚJ-ZEMPLÉN,03,Ózd,Düsseldorf,10
BORSOD-ABAÚJ-ZEMPLÉN,03,Ózd,Edinburgh,1
BORSOD-ABAÚJ-ZEMPLÉN,03,Ózd,Erbil,1
BORSOD-ABAÚJ-ZEMPLÉN,03,Ózd,Genf,3
BORSOD-ABAÚJ-ZEMPLÉN,03,Ózd,Hága,12
BORSOD-ABAÚJ-ZEMPLÉN,03,Ózd,Helsinki,1
BORSOD-ABAÚJ-ZEMPLÉN,03,Ózd,Hongkong,1
BORSOD-ABAÚJ-ZEMPLÉN,03,Ózd,Houston,1
BORSOD-ABAÚJ-ZEMPLÉN,03,Ózd,Innsbruck,10
BORSOD-ABAÚJ-ZEMPLÉN,03,Ózd,Isztambul,1
BORSOD-ABAÚJ-ZEMPLÉN,03,Ózd,Kolozsvár,2
BORSOD-ABAÚJ-ZEMPLÉN,03,Ózd,Koppenhága,5
BORSOD-ABAÚJ-ZEMPLÉN,03,Ózd,Krakkó,2
BORSOD-ABAÚJ-ZEMPLÉN,03,Ózd,Lisszabon,3
BORSOD-ABAÚJ-ZEMPLÉN,03,Ózd,London,29
BORSOD-ABAÚJ-ZEMPLÉN,03,Ózd,Los Angeles,1
BORSOD-ABAÚJ-ZEMPLÉN,03,Ózd,Luxembourg,1
BORSOD-ABAÚJ-ZEMPLÉN,03,Ózd,Lyon,3
BORSOD-ABAÚJ-ZEMPLÉN,03,Ózd,Malaga,2
BORSOD-ABAÚJ-ZEMPLÉN,03,Ózd,Manchester,5
BORSOD-ABAÚJ-ZEMPLÉN,03,Ózd,Mexikóváros,1
BORSOD-ABAÚJ-ZEMPLÉN,03,Ózd,Miami,1
BORSOD-ABAÚJ-ZEMPLÉN,03,Ózd,Milánó,1
BORSOD-ABAÚJ-ZEMPLÉN,03,Ózd,Montreal,1
BORSOD-ABAÚJ-ZEMPLÉN,03,Ózd,München,37
BORSOD-ABAÚJ-ZEMPLÉN,03,Ózd,New York,4
BORSOD-ABAÚJ-ZEMPLÉN,03,Ózd,Nicosia,1
BORSOD-ABAÚJ-ZEMPLÉN,03,Ózd,Nürnberg,17
BORSOD-ABAÚJ-ZEMPLÉN,03,Ózd,Oslo,2
BORSOD-ABAÚJ-ZEMPLÉN,03,Ózd,Párizs,4
BORSOD-ABAÚJ-ZEMPLÉN,03,Ózd,Prága,1
BORSOD-ABAÚJ-ZEMPLÉN,03,Ózd,Róma,1
BORSOD-ABAÚJ-ZEMPLÉN,03,Ózd,San Francisco,1
BORSOD-ABAÚJ-ZEMPLÉN,03,Ózd,Stockholm,4
BORSOD-ABAÚJ-ZEMPLÉN,03,Ózd,Strasbourg,1
BORSOD-ABAÚJ-ZEMPLÉN,03,Ózd,Stuttgart,22
BORSOD-ABAÚJ-ZEMPLÉN,03,Ózd,Sydney,1
BORSOD-ABAÚJ-ZEMPLÉN,03,Ózd,Toronto,1
BORSOD-ABAÚJ-ZEMPLÉN,03,Ózd,Valletta,2
BORSOD-ABAÚJ-ZEMPLÉN,03,Ózd,Wroclaw,1
BORSOD-ABAÚJ-ZEMPLÉN,04,Kazincbarcika,Barcelona,3
BORSOD-ABAÚJ-ZEMPLÉN,04,Kazincbarcika,Bécs,12
BORSOD-ABAÚJ-ZEMPLÉN,04,Kazincbarcika,Beregszász,4
BORSOD-ABAÚJ-ZEMPLÉN,04,Kazincbarcika,Berlin,17
BORSOD-ABAÚJ-ZEMPLÉN,04,Kazincbarcika,Bern,24
BORSOD-ABAÚJ-ZEMPLÉN,04,Kazincbarcika,Brüsszel,3
BORSOD-ABAÚJ-ZEMPLÉN,04,Kazincbarcika,Csíkszereda,8
BORSOD-ABAÚJ-ZEMPLÉN,04,Kazincbarcika,Dublin,14
BORSOD-ABAÚJ-ZEMPLÉN,04,Kazincbarcika,Düsseldorf,17
BORSOD-ABAÚJ-ZEMPLÉN,04,Kazincbarcika,Edinburgh,2
BORSOD-ABAÚJ-ZEMPLÉN,04,Kazincbarcika,Erbil,1
BORSOD-ABAÚJ-ZEMPLÉN,04,Kazincbarcika,Genf,3
BORSOD-ABAÚJ-ZEMPLÉN,04,Kazincbarcika,Hága,18
BORSOD-ABAÚJ-ZEMPLÉN,04,Kazincbarcika,Helsinki,2
BORSOD-ABAÚJ-ZEMPLÉN,04,Kazincbarcika,Innsbruck,1
BORSOD-ABAÚJ-ZEMPLÉN,04,Kazincbarcika,Koppenhága,15
BORSOD-ABAÚJ-ZEMPLÉN,04,Kazincbarcika,London,46
BORSOD-ABAÚJ-ZEMPLÉN,04,Kazincbarcika,Los Angeles,1
BORSOD-ABAÚJ-ZEMPLÉN,04,Kazincbarcika,Luxembourg,10
BORSOD-ABAÚJ-ZEMPLÉN,04,Kazincbarcika,Lyon,1
BORSOD-ABAÚJ-ZEMPLÉN,04,Kazincbarcika,Madrid,2
BORSOD-ABAÚJ-ZEMPLÉN,04,Kazincbarcika,Manchester,7
BORSOD-ABAÚJ-ZEMPLÉN,04,Kazincbarcika,Melbourne,1
BORSOD-ABAÚJ-ZEMPLÉN,04,Kazincbarcika,Miami,2
BORSOD-ABAÚJ-ZEMPLÉN,04,Kazincbarcika,München,23
BORSOD-ABAÚJ-ZEMPLÉN,04,Kazincbarcika,New York,2
BORSOD-ABAÚJ-ZEMPLÉN,04,Kazincbarcika,Nürnberg,10
BORSOD-ABAÚJ-ZEMPLÉN,04,Kazincbarcika,Oslo,4
BORSOD-ABAÚJ-ZEMPLÉN,04,Kazincbarcika,Ottawa,1
BORSOD-ABAÚJ-ZEMPLÉN,04,Kazincbarcika,Párizs,1
BORSOD-ABAÚJ-ZEMPLÉN,04,Kazincbarcika,Prága,1
BORSOD-ABAÚJ-ZEMPLÉN,04,Kazincbarcika,Pretoria,1
BORSOD-ABAÚJ-ZEMPLÉN,04,Kazincbarcika,Pristina,1
BORSOD-ABAÚJ-ZEMPLÉN,04,Kazincbarcika,Riga,1
BORSOD-ABAÚJ-ZEMPLÉN,04,Kazincbarcika,Róma,6
BORSOD-ABAÚJ-ZEMPLÉN,04,Kazincbarcika,Stockholm,4
BORSOD-ABAÚJ-ZEMPLÉN,04,Kazincbarcika,Strasbourg,1
BORSOD-ABAÚJ-ZEMPLÉN,04,Kazincbarcika,Stuttgart,27
BORSOD-ABAÚJ-ZEMPLÉN,04,Kazincbarcika,Szöul,1
BORSOD-ABAÚJ-ZEMPLÉN,04,Kazincbarcika,Toronto,1
BORSOD-ABAÚJ-ZEMPLÉN,04,Kazincbarcika,Valletta,4
BORSOD-ABAÚJ-ZEMPLÉN,04,Kazincbarcika,Washington,2
BORSOD-ABAÚJ-ZEMPLÉN,04,Kazincbarcika,Wroclaw,1
BORSOD-ABAÚJ-ZEMPLÉN,05,Sátoraljaújhely,Abu Dhabi,1
BORSOD-ABAÚJ-ZEMPLÉN,05,Sátoraljaújhely,Athén,2
BORSOD-ABAÚJ-ZEMPLÉN,05,Sátoraljaújhely,Barcelona,4
BORSOD-ABAÚJ-ZEMPLÉN,05,Sátoraljaújhely,Bécs,8
BORSOD-ABAÚJ-ZEMPLÉN,05,Sátoraljaújhely,Belgrád,2
BORSOD-ABAÚJ-ZEMPLÉN,05,Sátoraljaújhely,Beregszász,17
BORSOD-ABAÚJ-ZEMPLÉN,05,Sátoraljaújhely,Berlin,11
BORSOD-ABAÚJ-ZEMPLÉN,05,Sátoraljaújhely,Bern,7
BORSOD-ABAÚJ-ZEMPLÉN,05,Sátoraljaújhely,Brüsszel,5
BORSOD-ABAÚJ-ZEMPLÉN,05,Sátoraljaújhely,Chicago,1
BORSOD-ABAÚJ-ZEMPLÉN,05,Sátoraljaújhely,Csíkszereda,3
BORSOD-ABAÚJ-ZEMPLÉN,05,Sátoraljaújhely,Doha,1
BORSOD-ABAÚJ-ZEMPLÉN,05,Sátoraljaújhely,Dublin,12
BORSOD-ABAÚJ-ZEMPLÉN,05,Sátoraljaújhely,Düsseldorf,9
BORSOD-ABAÚJ-ZEMPLÉN,05,Sátoraljaújhely,Edinburgh,4
BORSOD-ABAÚJ-ZEMPLÉN,05,Sátoraljaújhely,Erbil,1
BORSOD-ABAÚJ-ZEMPLÉN,05,Sátoraljaújhely,Genf,1
BORSOD-ABAÚJ-ZEMPLÉN,05,Sátoraljaújhely,Hága,9
BORSOD-ABAÚJ-ZEMPLÉN,05,Sátoraljaújhely,Helsinki,2
BORSOD-ABAÚJ-ZEMPLÉN,05,Sátoraljaújhely,Houston,1
BORSOD-ABAÚJ-ZEMPLÉN,05,Sátoraljaújhely,Innsbruck,3
BORSOD-ABAÚJ-ZEMPLÉN,05,Sátoraljaújhely,Kassa,1
BORSOD-ABAÚJ-ZEMPLÉN,05,Sátoraljaújhely,Kolozsvár,1
BORSOD-ABAÚJ-ZEMPLÉN,05,Sátoraljaújhely,Koppenhága,8
BORSOD-ABAÚJ-ZEMPLÉN,05,Sátoraljaújhely,Krakkó,1
BORSOD-ABAÚJ-ZEMPLÉN,05,Sátoraljaújhely,Lisszabon,2
BORSOD-ABAÚJ-ZEMPLÉN,05,Sátoraljaújhely,London,43
BORSOD-ABAÚJ-ZEMPLÉN,05,Sátoraljaújhely,Luanda,1
BORSOD-ABAÚJ-ZEMPLÉN,05,Sátoraljaújhely,Luxembourg,6
BORSOD-ABAÚJ-ZEMPLÉN,05,Sátoraljaújhely,Lyon,3
BORSOD-ABAÚJ-ZEMPLÉN,05,Sátoraljaújhely,Malaga,2
BORSOD-ABAÚJ-ZEMPLÉN,05,Sátoraljaújhely,Manchester,17
BORSOD-ABAÚJ-ZEMPLÉN,05,Sátoraljaújhely,Manila,2
BORSOD-ABAÚJ-ZEMPLÉN,05,Sátoraljaújhely,Milánó,1
BORSOD-ABAÚJ-ZEMPLÉN,05,Sátoraljaújhely,Minszk,2
BORSOD-ABAÚJ-ZEMPLÉN,05,Sátoraljaújhely,München,15
BORSOD-ABAÚJ-ZEMPLÉN,05,Sátoraljaújhely,New York,7
BORSOD-ABAÚJ-ZEMPLÉN,05,Sátoraljaújhely,Nürnberg,14
BORSOD-ABAÚJ-ZEMPLÉN,05,Sátoraljaújhely,Oslo,3
BORSOD-ABAÚJ-ZEMPLÉN,05,Sátoraljaújhely,Párizs,1
BORSOD-ABAÚJ-ZEMPLÉN,05,Sátoraljaújhely,Prága,4
BORSOD-ABAÚJ-ZEMPLÉN,05,Sátoraljaújhely,Pretoria,1
BORSOD-ABAÚJ-ZEMPLÉN,05,Sátoraljaújhely,Pristina,2
BORSOD-ABAÚJ-ZEMPLÉN,05,Sátoraljaújhely,Róma,3
BORSOD-ABAÚJ-ZEMPLÉN,05,Sátoraljaújhely,Sanghaj,1
BORSOD-ABAÚJ-ZEMPLÉN,05,Sátoraljaújhely,Stockholm,5
BORSOD-ABAÚJ-ZEMPLÉN,05,Sátoraljaújhely,Strasbourg,2
BORSOD-ABAÚJ-ZEMPLÉN,05,Sátoraljaújhely,Stuttgart,23
BORSOD-ABAÚJ-ZEMPLÉN,05,Sátoraljaújhely,Sydney,1
BORSOD-ABAÚJ-ZEMPLÉN,05,Sátoraljaújhely,Szingapúr,1
BORSOD-ABAÚJ-ZEMPLÉN,05,Sátoraljaújhely,Szkopje,1
BORSOD-ABAÚJ-ZEMPLÉN,05,Sátoraljaújhely,Szöul,1
BORSOD-ABAÚJ-ZEMPLÉN,05,Sátoraljaújhely,Tbiliszi,1
BORSOD-ABAÚJ-ZEMPLÉN,05,Sátoraljaújhely,Tel-Aviv,2
BORSOD-ABAÚJ-ZEMPLÉN,05,Sátoraljaújhely,Ungvár,8
BORSOD-ABAÚJ-ZEMPLÉN,05,Sátoraljaújhely,Valletta,3
BORSOD-ABAÚJ-ZEMPLÉN,05,Sátoraljaújhely,Vancouver,2
BORSOD-ABAÚJ-ZEMPLÉN,05,Sátoraljaújhely,Washington,1
BORSOD-ABAÚJ-ZEMPLÉN,05,Sátoraljaújhely,Wellington,1
BORSOD-ABAÚJ-ZEMPLÉN,06,Tiszaújváros,Abu Dhabi,1
BORSOD-ABAÚJ-ZEMPLÉN,06,Tiszaújváros,Ankara,1
BORSOD-ABAÚJ-ZEMPLÉN,06,Tiszaújváros,Barcelona,4
BORSOD-ABAÚJ-ZEMPLÉN,06,Tiszaújváros,Bécs,7
BORSOD-ABAÚJ-ZEMPLÉN,06,Tiszaújváros,Beregszász,6
BORSOD-ABAÚJ-ZEMPLÉN,06,Tiszaújváros,Berlin,12
BORSOD-ABAÚJ-ZEMPLÉN,06,Tiszaújváros,Bern,21
BORSOD-ABAÚJ-ZEMPLÉN,06,Tiszaújváros,Brüsszel,1
BORSOD-ABAÚJ-ZEMPLÉN,06,Tiszaújváros,Chicago,1
BORSOD-ABAÚJ-ZEMPLÉN,06,Tiszaújváros,Csíkszereda,1
BORSOD-ABAÚJ-ZEMPLÉN,06,Tiszaújváros,Doha,1
BORSOD-ABAÚJ-ZEMPLÉN,06,Tiszaújváros,Dublin,12
BORSOD-ABAÚJ-ZEMPLÉN,06,Tiszaújváros,Düsseldorf,13
BORSOD-ABAÚJ-ZEMPLÉN,06,Tiszaújváros,Edinburgh,12
BORSOD-ABAÚJ-ZEMPLÉN,06,Tiszaújváros,Genf,3
BORSOD-ABAÚJ-ZEMPLÉN,06,Tiszaújváros,Hága,25
BORSOD-ABAÚJ-ZEMPLÉN,06,Tiszaújváros,Helsinki,5
BORSOD-ABAÚJ-ZEMPLÉN,06,Tiszaújváros,Houston,1
BORSOD-ABAÚJ-ZEMPLÉN,06,Tiszaújváros,Innsbruck,10
BORSOD-ABAÚJ-ZEMPLÉN,06,Tiszaújváros,Isztambul,2
BORSOD-ABAÚJ-ZEMPLÉN,06,Tiszaújváros,Kolozsvár,1
BORSOD-ABAÚJ-ZEMPLÉN,06,Tiszaújváros,Koppenhága,7
BORSOD-ABAÚJ-ZEMPLÉN,06,Tiszaújváros,Krakkó,2
BORSOD-ABAÚJ-ZEMPLÉN,06,Tiszaújváros,Lisszabon,1
BORSOD-ABAÚJ-ZEMPLÉN,06,Tiszaújváros,London,46
BORSOD-ABAÚJ-ZEMPLÉN,06,Tiszaújváros,Los Angeles,6
BORSOD-ABAÚJ-ZEMPLÉN,06,Tiszaújváros,Luxembourg,3
BORSOD-ABAÚJ-ZEMPLÉN,06,Tiszaújváros,Madrid,2
BORSOD-ABAÚJ-ZEMPLÉN,06,Tiszaújváros,Malaga,6
BORSOD-ABAÚJ-ZEMPLÉN,06,Tiszaújváros,Manchester,12
BORSOD-ABAÚJ-ZEMPLÉN,06,Tiszaújváros,Manila,1
BORSOD-ABAÚJ-ZEMPLÉN,06,Tiszaújváros,Miami,1
BORSOD-ABAÚJ-ZEMPLÉN,06,Tiszaújváros,Milánó,1
BORSOD-ABAÚJ-ZEMPLÉN,06,Tiszaújváros,München,33
BORSOD-ABAÚJ-ZEMPLÉN,06,Tiszaújváros,New York,6
BORSOD-ABAÚJ-ZEMPLÉN,06,Tiszaújváros,Nürnberg,18
BORSOD-ABAÚJ-ZEMPLÉN,06,Tiszaújváros,Oslo,2
BORSOD-ABAÚJ-ZEMPLÉN,06,Tiszaújváros,Párizs,6
BORSOD-ABAÚJ-ZEMPLÉN,06,Tiszaújváros,Prága,2
BORSOD-ABAÚJ-ZEMPLÉN,06,Tiszaújváros,Quito,1
BORSOD-ABAÚJ-ZEMPLÉN,06,Tiszaújváros,Róma,5
BORSOD-ABAÚJ-ZEMPLÉN,06,Tiszaújváros,Stockholm,7
BORSOD-ABAÚJ-ZEMPLÉN,06,Tiszaújváros,Stuttgart,23
BORSOD-ABAÚJ-ZEMPLÉN,06,Tiszaújváros,Sydney,1
BORSOD-ABAÚJ-ZEMPLÉN,06,Tiszaújváros,Szarajevó,1
BORSOD-ABAÚJ-ZEMPLÉN,06,Tiszaújváros,Szófia,1
BORSOD-ABAÚJ-ZEMPLÉN,06,Tiszaújváros,Szöul,1
BORSOD-ABAÚJ-ZEMPLÉN,06,Tiszaújváros,Toronto,3
BORSOD-ABAÚJ-ZEMPLÉN,06,Tiszaújváros,Ungvár,2
BORSOD-ABAÚJ-ZEMPLÉN,06,Tiszaújváros,Valletta,2
BORSOD-ABAÚJ-ZEMPLÉN,06,Tiszaújváros,Varsó,3
BORSOD-ABAÚJ-ZEMPLÉN,06,Tiszaújváros,Wroclaw,1
BORSOD-ABAÚJ-ZEMPLÉN,07,Mezőkövesd,Abu Dhabi,3
BORSOD-ABAÚJ-ZEMPLÉN,07,Mezőkövesd,Athén,1
BORSOD-ABAÚJ-ZEMPLÉN,07,Mezőkövesd,Barcelona,1
BORSOD-ABAÚJ-ZEMPLÉN,07,Mezőkövesd,Bécs,9
BORSOD-ABAÚJ-ZEMPLÉN,07,Mezőkövesd,Beregszász,1
BORSOD-ABAÚJ-ZEMPLÉN,07,Mezőkövesd,Berlin,28
BORSOD-ABAÚJ-ZEMPLÉN,07,Mezőkövesd,Bern,9
BORSOD-ABAÚJ-ZEMPLÉN,07,Mezőkövesd,Brüsszel,7
BORSOD-ABAÚJ-ZEMPLÉN,07,Mezőkövesd,Buenos Aires,1
BORSOD-ABAÚJ-ZEMPLÉN,07,Mezőkövesd,Chicago,2
BORSOD-ABAÚJ-ZEMPLÉN,07,Mezőkövesd,Csíkszereda,1
BORSOD-ABAÚJ-ZEMPLÉN,07,Mezőkövesd,Dublin,9
BORSOD-ABAÚJ-ZEMPLÉN,07,Mezőkövesd,Düsseldorf,7
BORSOD-ABAÚJ-ZEMPLÉN,07,Mezőkövesd,Edinburgh,12
BORSOD-ABAÚJ-ZEMPLÉN,07,Mezőkövesd,Hága,22
BORSOD-ABAÚJ-ZEMPLÉN,07,Mezőkövesd,Helsinki,1
BORSOD-ABAÚJ-ZEMPLÉN,07,Mezőkövesd,Houston,2
BORSOD-ABAÚJ-ZEMPLÉN,07,Mezőkövesd,Innsbruck,10
BORSOD-ABAÚJ-ZEMPLÉN,07,Mezőkövesd,Jakarta,1
BORSOD-ABAÚJ-ZEMPLÉN,07,Mezőkövesd,Kairó,1
BORSOD-ABAÚJ-ZEMPLÉN,07,Mezőkövesd,Kolozsvár,11
BORSOD-ABAÚJ-ZEMPLÉN,07,Mezőkövesd,Koppenhága,4
BORSOD-ABAÚJ-ZEMPLÉN,07,Mezőkövesd,Krakkó,1
BORSOD-ABAÚJ-ZEMPLÉN,07,Mezőkövesd,Kuangcsou,1
BORSOD-ABAÚJ-ZEMPLÉN,07,Mezőkövesd,Lisszabon,1
BORSOD-ABAÚJ-ZEMPLÉN,07,Mezőkövesd,London,41
BORSOD-ABAÚJ-ZEMPLÉN,07,Mezőkövesd,Los Angeles,3
BORSOD-ABAÚJ-ZEMPLÉN,07,Mezőkövesd,Madrid,5
BORSOD-ABAÚJ-ZEMPLÉN,07,Mezőkövesd,Malaga,2
BORSOD-ABAÚJ-ZEMPLÉN,07,Mezőkövesd,Manchester,13
BORSOD-ABAÚJ-ZEMPLÉN,07,Mezőkövesd,Mexikóváros,1
BORSOD-ABAÚJ-ZEMPLÉN,07,Mezőkövesd,Miami,1
BORSOD-ABAÚJ-ZEMPLÉN,07,Mezőkövesd,Milánó,4
BORSOD-ABAÚJ-ZEMPLÉN,07,Mezőkövesd,München,41
BORSOD-ABAÚJ-ZEMPLÉN,07,Mezőkövesd,New York,7
BORSOD-ABAÚJ-ZEMPLÉN,07,Mezőkövesd,Nürnberg,14
BORSOD-ABAÚJ-ZEMPLÉN,07,Mezőkövesd,Oslo,3
BORSOD-ABAÚJ-ZEMPLÉN,07,Mezőkövesd,Panamaváros,1
BORSOD-ABAÚJ-ZEMPLÉN,07,Mezőkövesd,Párizs,5
BORSOD-ABAÚJ-ZEMPLÉN,07,Mezőkövesd,Pozsony,1
BORSOD-ABAÚJ-ZEMPLÉN,07,Mezőkövesd,Prága,1
BORSOD-ABAÚJ-ZEMPLÉN,07,Mezőkövesd,Pristina,2
BORSOD-ABAÚJ-ZEMPLÉN,07,Mezőkövesd,Stockholm,6
BORSOD-ABAÚJ-ZEMPLÉN,07,Mezőkövesd,Strasbourg,2
BORSOD-ABAÚJ-ZEMPLÉN,07,Mezőkövesd,Stuttgart,27
BORSOD-ABAÚJ-ZEMPLÉN,07,Mezőkövesd,Sydney,1
BORSOD-ABAÚJ-ZEMPLÉN,07,Mezőkövesd,Szabadka,3
BORSOD-ABAÚJ-ZEMPLÉN,07,Mezőkövesd,Szarajevó,2
BORSOD-ABAÚJ-ZEMPLÉN,07,Mezőkövesd,Ungvár,3
BORSOD-ABAÚJ-ZEMPLÉN,07,Mezőkövesd,Valletta,1
BORSOD-ABAÚJ-ZEMPLÉN,07,Mezőkövesd,Washington,1
CSONGRÁD-CSANÁD,01,Szeged,Abu Dhabi,6
CSONGRÁD-CSANÁD,01,Szeged,Amman,1
CSONGRÁD-CSANÁD,01,Szeged,Athén,1
CSONGRÁD-CSANÁD,01,Szeged,Bangkok,1
CSONGRÁD-CSANÁD,01,Szeged,Barcelona,13
CSONGRÁD-CSANÁD,01,Szeged,Bécs,31
CSONGRÁD-CSANÁD,01,Szeged,Bejrút,1
CSONGRÁD-CSANÁD,01,Szeged,Belgrád,1
CSONGRÁD-CSANÁD,01,Szeged,Beregszász,2
CSONGRÁD-CSANÁD,01,Szeged,Berlin,20
CSONGRÁD-CSANÁD,01,Szeged,Bern,41
CSONGRÁD-CSANÁD,01,Szeged,Brüsszel,36
CSONGRÁD-CSANÁD,01,Szeged,Chicago,4
CSONGRÁD-CSANÁD,01,Szeged,Csíkszereda,19
CSONGRÁD-CSANÁD,01,Szeged,Dakka,2
CSONGRÁD-CSANÁD,01,Szeged,Dublin,33
CSONGRÁD-CSANÁD,01,Szeged,Düsseldorf,17
CSONGRÁD-CSANÁD,01,Szeged,Edinburgh,18
CSONGRÁD-CSANÁD,01,Szeged,Eszék,1
CSONGRÁD-CSANÁD,01,Szeged,Genf,9
CSONGRÁD-CSANÁD,01,Szeged,Hága,47
CSONGRÁD-CSANÁD,01,Szeged,Hanoi,3
CSONGRÁD-CSANÁD,01,Szeged,Helsinki,7
CSONGRÁD-CSANÁD,01,Szeged,Hongkong,1
CSONGRÁD-CSANÁD,01,Szeged,Houston,2
CSONGRÁD-CSANÁD,01,Szeged,Innsbruck,10
CSONGRÁD-CSANÁD,01,Szeged,Iszlámábád,2
CSONGRÁD-CSANÁD,01,Szeged,Isztambul,3
CSONGRÁD-CSANÁD,01,Szeged,Kolozsvár,8
CSONGRÁD-CSANÁD,01,Szeged,Koppenhága,37
CSONGRÁD-CSANÁD,01,Szeged,Krakkó,2
CSONGRÁD-CSANÁD,01,Szeged,Kuala Lumpur,1
CSONGRÁD-CSANÁD,01,Szeged,Lendva,1
CSONGRÁD-CSANÁD,01,Szeged,Lisszabon,3
CSONGRÁD-CSANÁD,01,Szeged,Ljubljana,5
CSONGRÁD-CSANÁD,01,Szeged,London,180
CSONGRÁD-CSANÁD,01,Szeged,Los Angeles,4
CSONGRÁD-CSANÁD,01,Szeged,Luxembourg,14
CSONGRÁD-CSANÁD,01,Szeged,Lviv,1
CSONGRÁD-CSANÁD,01,Szeged,Lyon,7
CSONGRÁD-CSANÁD,01,Szeged,Madrid,6
CSONGRÁD-CSANÁD,01,Szeged,Malaga,8
CSONGRÁD-CSANÁD,01,Szeged,Manchester,31
CSONGRÁD-CSANÁD,01,Szeged,Melbourne,3
CSONGRÁD-CSANÁD,01,Szeged,Miami,6
CSONGRÁD-CSANÁD,01,Szeged,Milánó,10
CSONGRÁD-CSANÁD,01,Szeged,Montreal,5
CSONGRÁD-CSANÁD,01,Szeged,München,60
CSONGRÁD-CSANÁD,01,Szeged,New York,16
CSONGRÁD-CSANÁD,01,Szeged,Nicosia,1
CSONGRÁD-CSANÁD,01,Szeged,Nürnberg,14
CSONGRÁD-CSANÁD,01,Szeged,Oslo,8
CSONGRÁD-CSANÁD,01,Szeged,Párizs,15
CSONGRÁD-CSANÁD,01,Szeged,Pozsony,1
CSONGRÁD-CSANÁD,01,Szeged,Prága,12
CSONGRÁD-CSANÁD,01,Szeged,Pristina,8
CSONGRÁD-CSANÁD,01,Szeged,Róma,11
CSONGRÁD-CSANÁD,01,Szeged,San Francisco,5
CSONGRÁD-CSANÁD,01,Szeged,Sao Paulo,1
CSONGRÁD-CSANÁD,01,Szeged,Stockholm,15
CSONGRÁD-CSANÁD,01,Szeged,Strasbourg,8
CSONGRÁD-CSANÁD,01,Szeged,Stuttgart,59
CSONGRÁD-CSANÁD,01,Szeged,Sydney,2
CSONGRÁD-CSANÁD,01,Szeged,Szabadka,173
CSONGRÁD-CSANÁD,01,Szeged,Szentpétervár,1
CSONGRÁD-CSANÁD,01,Szeged,Szingapúr,1
CSONGRÁD-CSANÁD,01,Szeged,Szkopje,1
CSONGRÁD-CSANÁD,01,Szeged,Szófia,2
CSONGRÁD-CSANÁD,01,Szeged,Tbiliszi,1
CSONGRÁD-CSANÁD,01,Szeged,Teherán,5
CSONGRÁD-CSANÁD,01,Szeged,Tel-Aviv,2
CSONGRÁD-CSANÁD,01,Szeged,Toronto,4
CSONGRÁD-CSANÁD,01,Szeged,Újdelhi,1
CSONGRÁD-CSANÁD,01,Szeged,Valletta,3
CSONGRÁD-CSANÁD,01,Szeged,Vancouver,3
CSONGRÁD-CSANÁD,01,Szeged,Varsó,1
CSONGRÁD-CSANÁD,01,Szeged,Washington,5
CSONGRÁD-CSANÁD,01,Szeged,Wellington,1
CSONGRÁD-CSANÁD,01,Szeged,Zágráb,2
CSONGRÁD-CSANÁD,02,Szeged,Abu Dhabi,9
CSONGRÁD-CSANÁD,02,Szeged,Abuja,1
CSONGRÁD-CSANÁD,02,Szeged,Addisz-Abeba,1
CSONGRÁD-CSANÁD,02,Szeged,Athén,3
CSONGRÁD-CSANÁD,02,Szeged,Bangkok,1
CSONGRÁD-CSANÁD,02,Szeged,Barcelona,15
CSONGRÁD-CSANÁD,02,Szeged,Bécs,26
CSONGRÁD-CSANÁD,02,Szeged,Belgrád,2
CSONGRÁD-CSANÁD,02,Szeged,Beregszász,1
CSONGRÁD-CSANÁD,02,Szeged,Berlin,34
CSONGRÁD-CSANÁD,02,Szeged,Bern,53
CSONGRÁD-CSANÁD,02,Szeged,Bogota,1
CSONGRÁD-CSANÁD,02,Szeged,Brüsszel,25
CSONGRÁD-CSANÁD,02,Szeged,Buenos Aires,1
CSONGRÁD-CSANÁD,02,Szeged,Canberra,2
CSONGRÁD-CSANÁD,02,Szeged,Chicago,3
CSONGRÁD-CSANÁD,02,Szeged,Csíkszereda,30
CSONGRÁD-CSANÁD,02,Szeged,Dublin,12
CSONGRÁD-CSANÁD,02,Szeged,Düsseldorf,22
CSONGRÁD-CSANÁD,02,Szeged,Edinburgh,13
CSONGRÁD-CSANÁD,02,Szeged,Eszék,2
CSONGRÁD-CSANÁD,02,Szeged,Gdansk,1
CSONGRÁD-CSANÁD,02,Szeged,Genf,5
CSONGRÁD-CSANÁD,02,Szeged,Hága,53
CSONGRÁD-CSANÁD,02,Szeged,Helsinki,13
CSONGRÁD-CSANÁD,02,Szeged,Houston,1
CSONGRÁD-CSANÁD,02,Szeged,Innsbruck,4
CSONGRÁD-CSANÁD,02,Szeged,Isztambul,3
CSONGRÁD-CSANÁD,02,Szeged,Jakarta,1
CSONGRÁD-CSANÁD,02,Szeged,Koppenhága,43
CSONGRÁD-CSANÁD,02,Szeged,Krakkó,6
CSONGRÁD-CSANÁD,02,Szeged,Kuvait,1
CSONGRÁD-CSANÁD,02,Szeged,Lisszabon,9
CSONGRÁD-CSANÁD,02,Szeged,Ljubljana,9
CSONGRÁD-CSANÁD,02,Szeged,London,152
CSONGRÁD-CSANÁD,02,Szeged,Los Angeles,8
CSONGRÁD-CSANÁD,02,Szeged,Luxembourg,12
CSONGRÁD-CSANÁD,02,Szeged,Lviv,1
CSONGRÁD-CSANÁD,02,Szeged,Lyon,6
CSONGRÁD-CSANÁD,02,Szeged,Madrid,6
CSONGRÁD-CSANÁD,02,Szeged,Malaga,3
CSONGRÁD-CSANÁD,02,Szeged,Manchester,33
CSONGRÁD-CSANÁD,02,Szeged,Manila,1
CSONGRÁD-CSANÁD,02,Szeged,Melbourne,3
CSONGRÁD-CSANÁD,02,Szeged,Mexikóváros,1
CSONGRÁD-CSANÁD,02,Szeged,Miami,8
CSONGRÁD-CSANÁD,02,Szeged,Milánó,13
CSONGRÁD-CSANÁD,02,Szeged,Montreal,6
CSONGRÁD-CSANÁD,02,Szeged,Moszkva,2
CSONGRÁD-CSANÁD,02,Szeged,München,59
CSONGRÁD-CSANÁD,02,Szeged,New York,19
CSONGRÁD-CSANÁD,02,Szeged,Nicosia,1
CSONGRÁD-CSANÁD,02,Szeged,Nürnberg,20
CSONGRÁD-CSANÁD,02,Szeged,Oslo,9
CSONGRÁD-CSANÁD,02,Szeged,Ottawa,1
CSONGRÁD-CSANÁD,02,Szeged,Párizs,10
CSONGRÁD-CSANÁD,02,Szeged,Podgorica,1
CSONGRÁD-CSANÁD,02,Szeged,Pozsony,1
CSONGRÁD-CSANÁD,02,Szeged,Prága,4
CSONGRÁD-CSANÁD,02,Szeged,Pretoria,1
CSONGRÁD-CSANÁD,02,Szeged,Pristina,10
CSONGRÁD-CSANÁD,02,Szeged,Róma,9
CSONGRÁD-CSANÁD,02,Szeged,San Francisco,5
CSONGRÁD-CSANÁD,02,Szeged,Sanghaj,3
CSONGRÁD-CSANÁD,02,Szeged,Stockholm,18
CSONGRÁD-CSANÁD,02,Szeged,Strasbourg,2
CSONGRÁD-CSANÁD,02,Szeged,Stuttgart,78
CSONGRÁD-CSANÁD,02,Szeged,Sydney,3
CSONGRÁD-CSANÁD,02,Szeged,Szabadka,161
CSONGRÁD-CSANÁD,02,Szeged,Szingapúr,2
CSONGRÁD-CSANÁD,02,Szeged,Szófia,1
CSONGRÁD-CSANÁD,02,Szeged,Szöul,1
CSONGRÁD-CSANÁD,02,Szeged,Tel-Aviv,1
CSONGRÁD-CSANÁD,02,Szeged,Tirana,1
CSONGRÁD-CSANÁD,02,Szeged,Tokió,2
CSONGRÁD-CSANÁD,02,Szeged,Toronto,8
CSONGRÁD-CSANÁD,02,Szeged,Újdelhi,1
CSONGRÁD-CSANÁD,02,Szeged,Ungvár,3
CSONGRÁD-CSANÁD,02,Szeged,Valletta,8
CSONGRÁD-CSANÁD,02,Szeged,Vancouver,1
CSONGRÁD-CSANÁD,02,Szeged,Varsó,3
CSONGRÁD-CSANÁD,02,Szeged,Washington,10
CSONGRÁD-CSANÁD,02,Szeged,Zágráb,1
CSONGRÁD-CSANÁD,03,Szentes,Athén,1
CSONGRÁD-CSANÁD,03,Szentes,Barcelona,5
CSONGRÁD-CSANÁD,03,Szentes,Bécs,8
CSONGRÁD-CSANÁD,03,Szentes,Beregszász,2
CSONGRÁD-CSANÁD,03,Szentes,Berlin,19
CSONGRÁD-CSANÁD,03,Szentes,Bern,21
CSONGRÁD-CSANÁD,03,Szentes,Brüsszel,6
CSONGRÁD-CSANÁD,03,Szentes,Bukarest,3
CSONGRÁD-CSANÁD,03,Szentes,Chicago,2
CSONGRÁD-CSANÁD,03,Szentes,Csíkszereda,8
CSONGRÁD-CSANÁD,03,Szentes,Dublin,12
CSONGRÁD-CSANÁD,03,Szentes,Düsseldorf,18
CSONGRÁD-CSANÁD,03,Szentes,Edinburgh,18
CSONGRÁD-CSANÁD,03,Szentes,Gdansk,2
CSONGRÁD-CSANÁD,03,Szentes,Genf,2
CSONGRÁD-CSANÁD,03,Szentes,Hága,22
CSONGRÁD-CSANÁD,03,Szentes,Helsinki,2
CSONGRÁD-CSANÁD,03,Szentes,Innsbruck,8
CSONGRÁD-CSANÁD,03,Szentes,Isztambul,1
CSONGRÁD-CSANÁD,03,Szentes,Kolozsvár,3
CSONGRÁD-CSANÁD,03,Szentes,Koppenhága,9
CSONGRÁD-CSANÁD,03,Szentes,Krakkó,2
CSONGRÁD-CSANÁD,03,Szentes,Ljubljana,1
CSONGRÁD-CSANÁD,03,Szentes,London,94
CSONGRÁD-CSANÁD,03,Szentes,Luxembourg,10
CSONGRÁD-CSANÁD,03,Szentes,Lyon,4
CSONGRÁD-CSANÁD,03,Szentes,Malaga,2
CSONGRÁD-CSANÁD,03,Szentes,Manchester,19
CSONGRÁD-CSANÁD,03,Szentes,Melbourne,1
CSONGRÁD-CSANÁD,03,Szentes,Milánó,1
CSONGRÁD-CSANÁD,03,Szentes,München,30
CSONGRÁD-CSANÁD,03,Szentes,New York,2
CSONGRÁD-CSANÁD,03,Szentes,Nicosia,1
CSONGRÁD-CSANÁD,03,Szentes,Nürnberg,13
CSONGRÁD-CSANÁD,03,Szentes,Oslo,5
CSONGRÁD-CSANÁD,03,Szentes,Párizs,7
CSONGRÁD-CSANÁD,03,Szentes,Podgorica,1
CSONGRÁD-CSANÁD,03,Szentes,Pozsony,1
CSONGRÁD-CSANÁD,03,Szentes,Prága,2
CSONGRÁD-CSANÁD,03,Szentes,Pristina,13
CSONGRÁD-CSANÁD,03,Szentes,Róma,4
CSONGRÁD-CSANÁD,03,Szentes,San Francisco,1
CSONGRÁD-CSANÁD,03,Szentes,Stockholm,5
CSONGRÁD-CSANÁD,03,Szentes,Stuttgart,29
CSONGRÁD-CSANÁD,03,Szentes,Sydney,5
CSONGRÁD-CSANÁD,03,Szentes,Szabadka,14
CSONGRÁD-CSANÁD,03,Szentes,Szarajevó,1
CSONGRÁD-CSANÁD,03,Szentes,Tbiliszi,3
CSONGRÁD-CSANÁD,03,Szentes,Teherán,1
CSONGRÁD-CSANÁD,03,Szentes,Toronto,2
CSONGRÁD-CSANÁD,03,Szentes,Valletta,4
CSONGRÁD-CSANÁD,03,Szentes,Vancouver,4
CSONGRÁD-CSANÁD,04,Hódmezővásárhely,Amman,1
CSONGRÁD-CSANÁD,04,Hódmezővásárhely,Ankara,1
CSONGRÁD-CSANÁD,04,Hódmezővásárhely,Athén,1
CSONGRÁD-CSANÁD,04,Hódmezővásárhely,Bangkok,1
CSONGRÁD-CSANÁD,04,Hódmezővásárhely,Barcelona,5
CSONGRÁD-CSANÁD,04,Hódmezővásárhely,Bécs,12
CSONGRÁD-CSANÁD,04,Hódmezővásárhely,Belgrád,1
CSONGRÁD-CSANÁD,04,Hódmezővásárhely,Beregszász,1
CSONGRÁD-CSANÁD,04,Hódmezővásárhely,Berlin,19
CSONGRÁD-CSANÁD,04,Hódmezővásárhely,Bern,24
CSONGRÁD-CSANÁD,04,Hódmezővásárhely,Brüsszel,12
CSONGRÁD-CSANÁD,04,Hódmezővásárhely,Bukarest,2
CSONGRÁD-CSANÁD,04,Hódmezővásárhely,Chicago,1
CSONGRÁD-CSANÁD,04,Hódmezővásárhely,Csíkszereda,22
CSONGRÁD-CSANÁD,04,Hódmezővásárhely,Dublin,16
CSONGRÁD-CSANÁD,04,Hódmezővásárhely,Düsseldorf,12
CSONGRÁD-CSANÁD,04,Hódmezővásárhely,Edinburgh,16
CSONGRÁD-CSANÁD,04,Hódmezővásárhely,Gdansk,1
CSONGRÁD-CSANÁD,04,Hódmezővásárhely,Genf,1
CSONGRÁD-CSANÁD,04,Hódmezővásárhely,Hága,21
CSONGRÁD-CSANÁD,04,Hódmezővásárhely,Helsinki,7
CSONGRÁD-CSANÁD,04,Hódmezővásárhely,Innsbruck,8
CSONGRÁD-CSANÁD,04,Hódmezővásárhely,Isztambul,1
CSONGRÁD-CSANÁD,04,Hódmezővásárhely,Kairó,2
CSONGRÁD-CSANÁD,04,Hódmezővásárhely,Kolozsvár,5
CSONGRÁD-CSANÁD,04,Hódmezővásárhely,Koppenhága,14
CSONGRÁD-CSANÁD,04,Hódmezővásárhely,London,71
CSONGRÁD-CSANÁD,04,Hódmezővásárhely,Luxembourg,6
CSONGRÁD-CSANÁD,04,Hódmezővásárhely,Lviv,1
CSONGRÁD-CSANÁD,04,Hódmezővásárhely,Lyon,2
CSONGRÁD-CSANÁD,04,Hódmezővásárhely,Madrid,4
CSONGRÁD-CSANÁD,04,Hódmezővásárhely,Malaga,1
CSONGRÁD-CSANÁD,04,Hódmezővásárhely,Manchester,26
CSONGRÁD-CSANÁD,04,Hódmezővásárhely,Milánó,2
CSONGRÁD-CSANÁD,04,Hódmezővásárhely,Moszkva,1
CSONGRÁD-CSANÁD,04,Hódmezővásárhely,München,32
CSONGRÁD-CSANÁD,04,Hódmezővásárhely,New York,3
CSONGRÁD-CSANÁD,04,Hódmezővásárhely,Nicosia,3
CSONGRÁD-CSANÁD,04,Hódmezővásárhely,Nürnberg,21
CSONGRÁD-CSANÁD,04,Hódmezővásárhely,Oslo,2
CSONGRÁD-CSANÁD,04,Hódmezővásárhely,Párizs,5
CSONGRÁD-CSANÁD,04,Hódmezővásárhely,Pozsony,4
CSONGRÁD-CSANÁD,04,Hódmezővásárhely,Prága,3
CSONGRÁD-CSANÁD,04,Hódmezővásárhely,Pristina,57
CSONGRÁD-CSANÁD,04,Hódmezővásárhely,Rijád,1
CSONGRÁD-CSANÁD,04,Hódmezővásárhely,Róma,3
CSONGRÁD-CSANÁD,04,Hódmezővásárhely,Stockholm,3
CSONGRÁD-CSANÁD,04,Hódmezővásárhely,Strasbourg,9
CSONGRÁD-CSANÁD,04,Hódmezővásárhely,Stuttgart,42
CSONGRÁD-CSANÁD,04,Hódmezővásárhely,Sydney,1
CSONGRÁD-CSANÁD,04,Hódmezővásárhely,Szabadka,8
CSONGRÁD-CSANÁD,04,Hódmezővásárhely,Szöul,2
CSONGRÁD-CSANÁD,04,Hódmezővásárhely,Tel-Aviv,1
CSONGRÁD-CSANÁD,04,Hódmezővásárhely,Tokió,1
CSONGRÁD-CSANÁD,04,Hódmezővásárhely,Toronto,2
CSONGRÁD-CSANÁD,04,Hódmezővásárhely,Valletta,2
CSONGRÁD-CSANÁD,04,Hódmezővásárhely,Vancouver,6
CSONGRÁD-CSANÁD,04,Hódmezővásárhely,Varsó,4
CSONGRÁD-CSANÁD,04,Hódmezővásárhely,Vilnius,1
CSONGRÁD-CSANÁD,04,Hódmezővásárhely,Washington,2
CSONGRÁD-CSANÁD,04,Hódmezővásárhely,Wroclaw,2
FEJÉR,01,Székesfehérvár,Abu Dhabi,3
FEJÉR,01,Székesfehérvár,Ankara,2
FEJÉR,01,Székesfehérvár,Athén,1
FEJÉR,01,Székesfehérvár,Bangkok,2
FEJÉR,01,Székesfehérvár,Barcelona,19
FEJÉR,01,Székesfehérvár,Bécs,18
FEJÉR,01,Székesfehérvár,Bejrút,2
FEJÉR,01,Székesfehérvár,Berlin,27
FEJÉR,01,Székesfehérvár,Bern,39
FEJÉR,01,Székesfehérvár,Brüsszel,26
FEJÉR,01,Székesfehérvár,Bukarest,3
FEJÉR,01,Székesfehérvár,Chicago,1
FEJÉR,01,Székesfehérvár,Csíkszereda,22
FEJÉR,01,Székesfehérvár,Dublin,9
FEJÉR,01,Székesfehérvár,Düsseldorf,27
FEJÉR,01,Székesfehérvár,Edinburgh,12
FEJÉR,01,Székesfehérvár,Gdansk,4
FEJÉR,01,Székesfehérvár,Genf,8
FEJÉR,01,Székesfehérvár,Hága,32
FEJÉR,01,Székesfehérvár,Helsinki,7
FEJÉR,01,Székesfehérvár,Ho Si Minh-város,1
FEJÉR,01,Székesfehérvár,Houston,1
FEJÉR,01,Székesfehérvár,Innsbruck,6
FEJÉR,01,Székesfehérvár,Isztambul,5
FEJÉR,01,Székesfehérvár,Jakarta,2
FEJÉR,01,Székesfehérvár,Kampala,1
FEJÉR,01,Székesfehérvár,Kazan,1
FEJÉR,01,Székesfehérvár,Kolozsvár,2
FEJÉR,01,Székesfehérvár,Koppenhága,18
FEJÉR,01,Székesfehérvár,Krakkó,2
FEJÉR,01,Székesfehérvár,Lisszabon,6
FEJÉR,01,Székesfehérvár,Ljubljana,2
FEJÉR,01,Székesfehérvár,London,78
FEJÉR,01,Székesfehérvár,Los Angeles,9
FEJÉR,01,Székesfehérvár,Lusaka,1
FEJÉR,01,Székesfehérvár,Luxembourg,13
FEJÉR,01,Székesfehérvár,Lyon,8
FEJÉR,01,Székesfehérvár,Madrid,3
FEJÉR,01,Székesfehérvár,Malaga,12
FEJÉR,01,Székesfehérvár,Manchester,21
FEJÉR,01,Székesfehérvár,Manila,1
FEJÉR,01,Székesfehérvár,Melbourne,4
FEJÉR,01,Székesfehérvár,Mexikóváros,1
FEJÉR,01,Székesfehérvár,Miami,3
FEJÉR,01,Székesfehérvár,Milánó,14
FEJÉR,01,Székesfehérvár,Montreal,1
FEJÉR,01,Székesfehérvár,München,43
FEJÉR,01,Székesfehérvár,Nairobi,2
FEJÉR,01,Székesfehérvár,New York,9
FEJÉR,01,Székesfehérvár,Nicosia,1
FEJÉR,01,Székesfehérvár,Nürnberg,21
FEJÉR,01,Székesfehérvár,Oslo,5
FEJÉR,01,Székesfehérvár,Ottawa,1
FEJÉR,01,Székesfehérvár,Párizs,7
FEJÉR,01,Székesfehérvár,Prága,2
FEJÉR,01,Székesfehérvár,Pristina,2
FEJÉR,01,Székesfehérvár,Rabat,3
FEJÉR,01,Székesfehérvár,Róma,5
FEJÉR,01,Székesfehérvár,San Francisco,6
FEJÉR,01,Székesfehérvár,Sao Paulo,1
FEJÉR,01,Székesfehérvár,Stockholm,13
FEJÉR,01,Székesfehérvár,Strasbourg,5
FEJÉR,01,Székesfehérvár,Stuttgart,45
FEJÉR,01,Székesfehérvár,Sydney,4
FEJÉR,01,Székesfehérvár,Szabadka,6
FEJÉR,01,Székesfehérvár,Szarajevó,14
FEJÉR,01,Székesfehérvár,Szingapúr,1
FEJÉR,01,Székesfehérvár,Tallinn,1
FEJÉR,01,Székesfehérvár,Taskent,2
FEJÉR,01,Székesfehérvár,Tel-Aviv,2
FEJÉR,01,Székesfehérvár,Tirana,3
FEJÉR,01,Székesfehérvár,Tokió,1
FEJÉR,01,Székesfehérvár,Toronto,1
FEJÉR,01,Székesfehérvár,Ungvár,1
FEJÉR,01,Székesfehérvár,Valletta,9
FEJÉR,01,Székesfehérvár,Vancouver,6
FEJÉR,01,Székesfehérvár,Varsó,5
FEJÉR,01,Székesfehérvár,Vilnius,1
FEJÉR,01,Székesfehérvár,Washington,4
FEJÉR,01,Székesfehérvár,Wellington,3
FEJÉR,01,Székesfehérvár,Zágráb,3
FEJÉR,02,Székesfehérvár,Barcelona,6
FEJÉR,02,Székesfehérvár,Bécs,13
FEJÉR,02,Székesfehérvár,Bejrút,1
FEJÉR,02,Székesfehérvár,Berlin,23
FEJÉR,02,Székesfehérvár,Bern,22
FEJÉR,02,Székesfehérvár,Brüsszel,12
FEJÉR,02,Székesfehérvár,Bukarest,2
FEJÉR,02,Székesfehérvár,Chicago,3
FEJÉR,02,Székesfehérvár,Chisinau,1
FEJÉR,02,Székesfehérvár,Csíkszereda,13
FEJÉR,02,Székesfehérvár,Dublin,7
FEJÉR,02,Székesfehérvár,Düsseldorf,9
FEJÉR,02,Székesfehérvár,Edinburgh,9
FEJÉR,02,Székesfehérvár,Genf,3
FEJÉR,02,Székesfehérvár,Hága,27
FEJÉR,02,Székesfehérvár,Hanoi,2
FEJÉR,02,Székesfehérvár,Helsinki,4
FEJÉR,02,Székesfehérvár,Innsbruck,4
FEJÉR,02,Székesfehérvár,Isztambul,2
FEJÉR,02,Székesfehérvár,Jakarta,2
FEJÉR,02,Székesfehérvár,Kampala,1
FEJÉR,02,Székesfehérvár,Kolozsvár,3
FEJÉR,02,Székesfehérvár,Koppenhága,10
FEJÉR,02,Székesfehérvár,Krakkó,2
FEJÉR,02,Székesfehérvár,Kuangcsou,1
FEJÉR,02,Székesfehérvár,Lisszabon,2
FEJÉR,02,Székesfehérvár,London,52
FEJÉR,02,Székesfehérvár,Luxembourg,2
FEJÉR,02,Székesfehérvár,Lyon,4
FEJÉR,02,Székesfehérvár,Madrid,3
FEJÉR,02,Székesfehérvár,Malaga,1
FEJÉR,02,Székesfehérvár,Manchester,15
FEJÉR,02,Székesfehérvár,Melbourne,2
FEJÉR,02,Székesfehérvár,Milánó,4
FEJÉR,02,Székesfehérvár,München,44
FEJÉR,02,Székesfehérvár,New York,9
FEJÉR,02,Székesfehérvár,Nürnberg,19
FEJÉR,02,Székesfehérvár,Oslo,1
FEJÉR,02,Székesfehérvár,Panamaváros,2
FEJÉR,02,Székesfehérvár,Párizs,4
FEJÉR,02,Székesfehérvár,Peking,1
FEJÉR,02,Székesfehérvár,Pozsony,1
FEJÉR,02,Székesfehérvár,Prága,5
FEJÉR,02,Székesfehérvár,Pristina,1
FEJÉR,02,Székesfehérvár,Róma,6
FEJÉR,02,Székesfehérvár,Sao Paulo,1
FEJÉR,02,Székesfehérvár,Stockholm,5
FEJÉR,02,Székesfehérvár,Strasbourg,1
FEJÉR,02,Székesfehérvár,Stuttgart,34
FEJÉR,02,Székesfehérvár,Szabadka,1
FEJÉR,02,Székesfehérvár,Szarajevó,16
FEJÉR,02,Székesfehérvár,Szingapúr,1
FEJÉR,02,Székesfehérvár,Szkopje,2
FEJÉR,02,Székesfehérvár,Tallinn,2
FEJÉR,02,Székesfehérvár,Tel-Aviv,2
FEJÉR,02,Székesfehérvár,Tokió,1
FEJÉR,02,Székesfehérvár,Tunisz,1
FEJÉR,02,Székesfehérvár,Varsó,2
FEJÉR,02,Székesfehérvár,Washington,5
FEJÉR,02,Székesfehérvár,Wellington,1
FEJÉR,02,Székesfehérvár,Wroclaw,4
FEJÉR,02,Székesfehérvár,Zágráb,1
FEJÉR,03,Bicske,Abu Dhabi,2
FEJÉR,03,Bicske,Amman,1
FEJÉR,03,Bicske,Athén,1
FEJÉR,03,Bicske,Barcelona,4
FEJÉR,03,Bicske,Bécs,10
FEJÉR,03,Bicske,Beregszász,5
FEJÉR,03,Bicske,Berlin,26
FEJÉR,03,Bicske,Bern,34
FEJÉR,03,Bicske,Brazíliaváros,2
FEJÉR,03,Bicske,Brüsszel,20
FEJÉR,03,Bicske,Canberra,1
FEJÉR,03,Bicske,Chicago,6
FEJÉR,03,Bicske,Csíkszereda,37
FEJÉR,03,Bicske,Csungking,2
FEJÉR,03,Bicske,Doha,2
FEJÉR,03,Bicske,Dublin,12
FEJÉR,03,Bicske,Düsseldorf,20
FEJÉR,03,Bicske,Edinburgh,16
FEJÉR,03,Bicske,Genf,3
FEJÉR,03,Bicske,Hága,34
FEJÉR,03,Bicske,Havanna,1
FEJÉR,03,Bicske,Helsinki,11
FEJÉR,03,Bicske,Ho Si Minh-város,1
FEJÉR,03,Bicske,Houston,1
FEJÉR,03,Bicske,Innsbruck,6
FEJÉR,03,Bicske,Isztambul,2
FEJÉR,03,Bicske,Kairó,4
FEJÉR,03,Bicske,Kolozsvár,14
FEJÉR,03,Bicske,Koppenhága,15
FEJÉR,03,Bicske,Krakkó,4
FEJÉR,03,Bicske,Lima,1
FEJÉR,03,Bicske,Lisszabon,3
FEJÉR,03,Bicske,Ljubljana,1
FEJÉR,03,Bicske,London,55
FEJÉR,03,Bicske,Los Angeles,6
FEJÉR,03,Bicske,Luxembourg,5
FEJÉR,03,Bicske,Lyon,2
FEJÉR,03,Bicske,Madrid,6
FEJÉR,03,Bicske,Malaga,2
FEJÉR,03,Bicske,Manchester,17
FEJÉR,03,Bicske,Melbourne,2
FEJÉR,03,Bicske,Mexikóváros,1
FEJÉR,03,Bicske,Miami,2
FEJÉR,03,Bicske,Milánó,5
FEJÉR,03,Bicske,Moszkva,3
FEJÉR,03,Bicske,München,48
FEJÉR,03,Bicske,New York,4
FEJÉR,03,Bicske,Nicosia,3
FEJÉR,03,Bicske,Nürnberg,10
FEJÉR,03,Bicske,Oslo,3
FEJÉR,03,Bicske,Párizs,7
FEJÉR,03,Bicske,Peking,1
FEJÉR,03,Bicske,Prága,4
FEJÉR,03,Bicske,Pristina,1
FEJÉR,03,Bicske,Quito,1
FEJÉR,03,Bicske,Róma,5
FEJÉR,03,Bicske,San Francisco,1
FEJÉR,03,Bicske,Stockholm,11
FEJÉR,03,Bicske,Strasbourg,4
FEJÉR,03,Bicske,Stuttgart,38
FEJÉR,03,Bicske,Szabadka,10
FEJÉR,03,Bicske,Szarajevó,4
FEJÉR,03,Bicske,Szingapúr,1
FEJÉR,03,Bicske,Szófia,1
FEJÉR,03,Bicske,Tbiliszi,1
FEJÉR,03,Bicske,Tel-Aviv,2
FEJÉR,03,Bicske,Tirana,1
FEJÉR,03,Bicske,Tunisz,1
FEJÉR,03,Bicske,Ungvár,4
FEJÉR,03,Bicske,Valletta,7
FEJÉR,03,Bicske,Vancouver,2
FEJÉR,03,Bicske,Varsó,5
FEJÉR,03,Bicske,Vilnius,1
FEJÉR,03,Bicske,Washington,3
FEJÉR,03,Bicske,Wellington,1
FEJÉR,03,Bicske,Wroclaw,3
FEJÉR,03,Bicske,Zágráb,2
FEJÉR,04,Dunaújváros,Abu Dhabi,3
FEJÉR,04,Dunaújváros,Athén,3
FEJÉR,04,Dunaújváros,Bangkok,2
FEJÉR,04,Dunaújváros,Barcelona,3
FEJÉR,04,Dunaújváros,Bécs,6
FEJÉR,04,Dunaújváros,Beregszász,6
FEJÉR,04,Dunaújváros,Berlin,21
FEJÉR,04,Dunaújváros,Bern,24
FEJÉR,04,Dunaújváros,Brüsszel,10
FEJÉR,04,Dunaújváros,Chicago,2
FEJÉR,04,Dunaújváros,Csíkszereda,2
FEJÉR,04,Dunaújváros,Dakar,1
FEJÉR,04,Dunaújváros,Dublin,6
FEJÉR,04,Dunaújváros,Düsseldorf,21
FEJÉR,04,Dunaújváros,Edinburgh,10
FEJÉR,04,Dunaújváros,Hága,20
FEJÉR,04,Dunaújváros,Havanna,1
FEJÉR,04,Dunaújváros,Helsinki,6
FEJÉR,04,Dunaújváros,Innsbruck,5
FEJÉR,04,Dunaújváros,Isztambul,1
FEJÉR,04,Dunaújváros,Kolozsvár,1
FEJÉR,04,Dunaújváros,Koppenhága,11
FEJÉR,04,Dunaújváros,Krakkó,2
FEJÉR,04,Dunaújváros,Lisszabon,2
FEJÉR,04,Dunaújváros,Ljubljana,2
FEJÉR,04,Dunaújváros,London,75
FEJÉR,04,Dunaújváros,Los Angeles,3
FEJÉR,04,Dunaújváros,Luxembourg,6
FEJÉR,04,Dunaújváros,Lyon,3
FEJÉR,04,Dunaújváros,Madrid,2
FEJÉR,04,Dunaújváros,Malaga,1
FEJÉR,04,Dunaújváros,Manchester,17
FEJÉR,04,Dunaújváros,Manila,1
FEJÉR,04,Dunaújváros,Milánó,3
FEJÉR,04,Dunaújváros,Montreal,1
FEJÉR,04,Dunaújváros,Moszkva,1
FEJÉR,04,Dunaújváros,München,48
FEJÉR,04,Dunaújváros,New York,8
FEJÉR,04,Dunaújváros,Nürnberg,13
FEJÉR,04,Dunaújváros,Oslo,3
FEJÉR,04,Dunaújváros,Párizs,4
FEJÉR,04,Dunaújváros,Peking,2
FEJÉR,04,Dunaújváros,Prága,1
FEJÉR,04,Dunaújváros,Pristina,1
FEJÉR,04,Dunaújváros,Róma,1
FEJÉR,04,Dunaújváros,Sanghaj,1
FEJÉR,04,Dunaújváros,Stockholm,6
FEJÉR,04,Dunaújváros,Strasbourg,2
FEJÉR,04,Dunaújváros,Stuttgart,36
FEJÉR,04,Dunaújváros,Szöul,1
FEJÉR,04,Dunaújváros,Tallinn,1
FEJÉR,04,Dunaújváros,Tel-Aviv,2
FEJÉR,04,Dunaújváros,Valletta,2
FEJÉR,04,Dunaújváros,Varsó,1
FEJÉR,04,Dunaújváros,Washington,4
FEJÉR,05,Sárbogárd,Barcelona,2
FEJÉR,05,Sárbogárd,Bécs,7
FEJÉR,05,Sárbogárd,Belgrád,2
FEJÉR,05,Sárbogárd,Beregszász,2
FEJÉR,05,Sárbogárd,Berlin,12
FEJÉR,05,Sárbogárd,Bern,8
FEJÉR,05,Sárbogárd,Brüsszel,7
FEJÉR,05,Sárbogárd,Chicago,1
FEJÉR,05,Sárbogárd,Csíkszereda,1
FEJÉR,05,Sárbogárd,Düsseldorf,7
FEJÉR,05,Sárbogárd,Edinburgh,3
FEJÉR,05,Sárbogárd,Genf,3
FEJÉR,05,Sárbogárd,Hága,8
FEJÉR,05,Sárbogárd,Helsinki,1
FEJÉR,05,Sárbogárd,Houston,1
FEJÉR,05,Sárbogárd,Innsbruck,6
FEJÉR,05,Sárbogárd,Isztambul,1
FEJÉR,05,Sárbogárd,Kolozsvár,1
FEJÉR,05,Sárbogárd,Koppenhága,5
FEJÉR,05,Sárbogárd,Krakkó,1
FEJÉR,05,Sárbogárd,Lisszabon,1
FEJÉR,05,Sárbogárd,London,31
FEJÉR,05,Sárbogárd,Luxembourg,8
FEJÉR,05,Sárbogárd,Lyon,2
FEJÉR,05,Sárbogárd,Malaga,1
FEJÉR,05,Sárbogárd,Manchester,7
FEJÉR,05,Sárbogárd,Melbourne,1
FEJÉR,05,Sárbogárd,Milánó,1
FEJÉR,05,Sárbogárd,München,21
FEJÉR,05,Sárbogárd,New York,4
FEJÉR,05,Sárbogárd,Nicosia,1
FEJÉR,05,Sárbogárd,Nürnberg,7
FEJÉR,05,Sárbogárd,Oslo,1
FEJÉR,05,Sárbogárd,Párizs,3
FEJÉR,05,Sárbogárd,Peking,1
FEJÉR,05,Sárbogárd,Prága,3
FEJÉR,05,Sárbogárd,Róma,2
FEJÉR,05,Sárbogárd,Stockholm,2
FEJÉR,05,Sárbogárd,Stuttgart,10
FEJÉR,05,Sárbogárd,Szabadka,2
FEJÉR,05,Sárbogárd,Szarajevó,11
FEJÉR,05,Sárbogárd,Tallinn,1
FEJÉR,05,Sárbogárd,Toronto,3
FEJÉR,05,Sárbogárd,Vientián,1
FEJÉR,05,Sárbogárd,Washington,1
FEJÉR,05,Sárbogárd,Zágráb,1
GYŐR-MOSON-SOPRON,01,Győr,Abu Dhabi,4
GYŐR-MOSON-SOPRON,01,Győr,Addisz-Abeba,1
GYŐR-MOSON-SOPRON,01,Győr,Athén,2
GYŐR-MOSON-SOPRON,01,Győr,Barcelona,7
GYŐR-MOSON-SOPRON,01,Győr,Bécs,37
GYŐR-MOSON-SOPRON,01,Győr,Beregszász,3
GYŐR-MOSON-SOPRON,01,Győr,Berlin,27
GYŐR-MOSON-SOPRON,01,Győr,Bern,20
GYŐR-MOSON-SOPRON,01,Győr,Brüsszel,19
GYŐR-MOSON-SOPRON,01,Győr,Chicago,6
GYŐR-MOSON-SOPRON,01,Győr,Csíkszereda,8
GYŐR-MOSON-SOPRON,01,Győr,Doha,2
GYŐR-MOSON-SOPRON,01,Győr,Dublin,14
GYŐR-MOSON-SOPRON,01,Győr,Düsseldorf,12
GYŐR-MOSON-SOPRON,01,Győr,Edinburgh,18
GYŐR-MOSON-SOPRON,01,Győr,Genf,1
GYŐR-MOSON-SOPRON,01,Győr,Hága,31
GYŐR-MOSON-SOPRON,01,Győr,Hanoi,1
GYŐR-MOSON-SOPRON,01,Győr,Helsinki,2
GYŐR-MOSON-SOPRON,01,Győr,Ho Si Minh-város,1
GYŐR-MOSON-SOPRON,01,Győr,Houston,1
GYŐR-MOSON-SOPRON,01,Győr,Innsbruck,4
GYŐR-MOSON-SOPRON,01,Győr,Iszlámábád,1
GYŐR-MOSON-SOPRON,01,Győr,Isztambul,4
GYŐR-MOSON-SOPRON,01,Győr,Kairó,1
GYŐR-MOSON-SOPRON,01,Győr,Kassa,1
GYŐR-MOSON-SOPRON,01,Győr,Kolozsvár,8
GYŐR-MOSON-SOPRON,01,Győr,Koppenhága,14
GYŐR-MOSON-SOPRON,01,Győr,Krakkó,4
GYŐR-MOSON-SOPRON,01,Győr,Lima,1
GYŐR-MOSON-SOPRON,01,Győr,Lisszabon,2
GYŐR-MOSON-SOPRON,01,Győr,London,83
GYŐR-MOSON-SOPRON,01,Győr,Los Angeles,5
GYŐR-MOSON-SOPRON,01,Győr,Luxembourg,8
GYŐR-MOSON-SOPRON,01,Győr,Lyon,4
GYŐR-MOSON-SOPRON,01,Győr,Madrid,1
GYŐR-MOSON-SOPRON,01,Győr,Malaga,2
GYŐR-MOSON-SOPRON,01,Győr,Manchester,6
GYŐR-MOSON-SOPRON,01,Győr,Manila,1
GYŐR-MOSON-SOPRON,01,Győr,Melbourne,2
GYŐR-MOSON-SOPRON,01,Győr,Mexikóváros,1
GYŐR-MOSON-SOPRON,01,Győr,Miami,3
GYŐR-MOSON-SOPRON,01,Győr,Milánó,10
GYŐR-MOSON-SOPRON,01,Győr,Moszkva,5
GYŐR-MOSON-SOPRON,01,Győr,Mumbai,1
GYŐR-MOSON-SOPRON,01,Győr,München,50
GYŐR-MOSON-SOPRON,01,Győr,New York,5
GYŐR-MOSON-SOPRON,01,Győr,Nürnberg,11
GYŐR-MOSON-SOPRON,01,Győr,Oslo,5
GYŐR-MOSON-SOPRON,01,Győr,Ottawa,1
GYŐR-MOSON-SOPRON,01,Győr,Párizs,7
GYŐR-MOSON-SOPRON,01,Győr,Peking,4
GYŐR-MOSON-SOPRON,01,Győr,Prága,3
GYŐR-MOSON-SOPRON,01,Győr,Pristina,2
GYŐR-MOSON-SOPRON,01,Győr,Róma,11
GYŐR-MOSON-SOPRON,01,Győr,San Francisco,3
GYŐR-MOSON-SOPRON,01,Győr,Sanghaj,5
GYŐR-MOSON-SOPRON,01,Győr,Stockholm,10
GYŐR-MOSON-SOPRON,01,Győr,Strasbourg,2
GYŐR-MOSON-SOPRON,01,Győr,Stuttgart,31
GYŐR-MOSON-SOPRON,01,Győr,Sydney,4
GYŐR-MOSON-SOPRON,01,Győr,Szabadka,2
GYŐR-MOSON-SOPRON,01,Győr,Szarajevó,2
GYŐR-MOSON-SOPRON,01,Győr,Szingapúr,2
GYŐR-MOSON-SOPRON,01,Győr,Szófia,1
GYŐR-MOSON-SOPRON,01,Győr,Szöul,1
GYŐR-MOSON-SOPRON,01,Győr,Toronto,6
GYŐR-MOSON-SOPRON,01,Győr,Tunisz,1
GYŐR-MOSON-SOPRON,01,Győr,Újdelhi,1
GYŐR-MOSON-SOPRON,01,Győr,Ungvár,1
GYŐR-MOSON-SOPRON,01,Győr,Valletta,5
GYŐR-MOSON-SOPRON,01,Győr,Vancouver,2
GYŐR-MOSON-SOPRON,01,Győr,Varsó,5
GYŐR-MOSON-SOPRON,01,Győr,Vilnius,2
GYŐR-MOSON-SOPRON,01,Győr,Washington,2
GYŐR-MOSON-SOPRON,01,Győr,Zágráb,3
GYŐR-MOSON-SOPRON,02,Győr,Abu Dhabi,1
GYŐR-MOSON-SOPRON,02,Győr,Addisz-Abeba,1
GYŐR-MOSON-SOPRON,02,Győr,Amman,2
GYŐR-MOSON-SOPRON,02,Győr,Athén,2
GYŐR-MOSON-SOPRON,02,Győr,Bangkok,1
GYŐR-MOSON-SOPRON,02,Győr,Barcelona,8
GYŐR-MOSON-SOPRON,02,Győr,Bécs,22
GYŐR-MOSON-SOPRON,02,Győr,Beregszász,1
GYŐR-MOSON-SOPRON,02,Győr,Berlin,20
GYŐR-MOSON-SOPRON,02,Győr,Bern,17
GYŐR-MOSON-SOPRON,02,Győr,Bogota,1
GYŐR-MOSON-SOPRON,02,Győr,Brüsszel,9
GYŐR-MOSON-SOPRON,02,Győr,Chicago,1
GYŐR-MOSON-SOPRON,02,Győr,Csíkszereda,10
GYŐR-MOSON-SOPRON,02,Győr,Doha,1
GYŐR-MOSON-SOPRON,02,Győr,Dublin,8
GYŐR-MOSON-SOPRON,02,Győr,Düsseldorf,17
GYŐR-MOSON-SOPRON,02,Győr,Edinburgh,5
GYŐR-MOSON-SOPRON,02,Győr,Genf,2
GYŐR-MOSON-SOPRON,02,Győr,Hága,27
GYŐR-MOSON-SOPRON,02,Győr,Hanoi,1
GYŐR-MOSON-SOPRON,02,Győr,Helsinki,2
GYŐR-MOSON-SOPRON,02,Győr,Ho Si Minh-város,1
GYŐR-MOSON-SOPRON,02,Győr,Hongkong,1
GYŐR-MOSON-SOPRON,02,Győr,Innsbruck,9
GYŐR-MOSON-SOPRON,02,Győr,Jakarta,2
GYŐR-MOSON-SOPRON,02,Győr,Kolozsvár,5
GYŐR-MOSON-SOPRON,02,Győr,Koppenhága,12
GYŐR-MOSON-SOPRON,02,Győr,Krakkó,4
GYŐR-MOSON-SOPRON,02,Győr,Lisszabon,3
GYŐR-MOSON-SOPRON,02,Győr,Ljubljana,3
GYŐR-MOSON-SOPRON,02,Győr,London,56
GYŐR-MOSON-SOPRON,02,Győr,Luanda,3
GYŐR-MOSON-SOPRON,02,Győr,Luxembourg,2
GYŐR-MOSON-SOPRON,02,Győr,Lyon,1
GYŐR-MOSON-SOPRON,02,Győr,Madrid,3
GYŐR-MOSON-SOPRON,02,Győr,Malaga,6
GYŐR-MOSON-SOPRON,02,Győr,Manchester,11
GYŐR-MOSON-SOPRON,02,Győr,Miami,1
GYŐR-MOSON-SOPRON,02,Győr,Milánó,9
GYŐR-MOSON-SOPRON,02,Győr,München,53
GYŐR-MOSON-SOPRON,02,Győr,New York,3
GYŐR-MOSON-SOPRON,02,Győr,Nicosia,1
GYŐR-MOSON-SOPRON,02,Győr,Nürnberg,11
GYŐR-MOSON-SOPRON,02,Győr,Oslo,3
GYŐR-MOSON-SOPRON,02,Győr,Párizs,13
GYŐR-MOSON-SOPRON,02,Győr,Peking,1
GYŐR-MOSON-SOPRON,02,Győr,Prága,2
GYŐR-MOSON-SOPRON,02,Győr,Pristina,1
GYŐR-MOSON-SOPRON,02,Győr,Róma,2
GYŐR-MOSON-SOPRON,02,Győr,San Francisco,2
GYŐR-MOSON-SOPRON,02,Győr,Sanghaj,1
GYŐR-MOSON-SOPRON,02,Győr,Sao Paulo,1
GYŐR-MOSON-SOPRON,02,Győr,Stockholm,4
GYŐR-MOSON-SOPRON,02,Győr,Strasbourg,3
GYŐR-MOSON-SOPRON,02,Győr,Stuttgart,26
GYŐR-MOSON-SOPRON,02,Győr,Sydney,1
GYŐR-MOSON-SOPRON,02,Győr,Szabadka,5
GYŐR-MOSON-SOPRON,02,Győr,Szarajevó,2
GYŐR-MOSON-SOPRON,02,Győr,Szingapúr,1
GYŐR-MOSON-SOPRON,02,Győr,Tel-Aviv,1
GYŐR-MOSON-SOPRON,02,Győr,Tokió,1
GYŐR-MOSON-SOPRON,02,Győr,Toronto,1
GYŐR-MOSON-SOPRON,02,Győr,Ungvár,1
GYŐR-MOSON-SOPRON,02,Győr,Valletta,5
GYŐR-MOSON-SOPRON,02,Győr,Vancouver,1
GYŐR-MOSON-SOPRON,02,Győr,Varsó,3
GYŐR-MOSON-SOPRON,02,Győr,Washington,3
GYŐR-MOSON-SOPRON,02,Győr,Wroclaw,1
GYŐR-MOSON-SOPRON,03,Csorna,Athén,2
GYŐR-MOSON-SOPRON,03,Csorna,Bangkok,1
GYŐR-MOSON-SOPRON,03,Csorna,Barcelona,3
GYŐR-MOSON-SOPRON,03,Csorna,Bécs,12
GYŐR-MOSON-SOPRON,03,Csorna,Beregszász,3
GYŐR-MOSON-SOPRON,03,Csorna,Berlin,3
GYŐR-MOSON-SOPRON,03,Csorna,Bern,7
GYŐR-MOSON-SOPRON,03,Csorna,Brüsszel,3
GYŐR-MOSON-SOPRON,03,Csorna,Csíkszereda,4
GYŐR-MOSON-SOPRON,03,Csorna,Doha,1
GYŐR-MOSON-SOPRON,03,Csorna,Dublin,8
GYŐR-MOSON-SOPRON,03,Csorna,Düsseldorf,6
GYŐR-MOSON-SOPRON,03,Csorna,Edinburgh,5
GYŐR-MOSON-SOPRON,03,Csorna,Genf,1
GYŐR-MOSON-SOPRON,03,Csorna,Hága,14
GYŐR-MOSON-SOPRON,03,Csorna,Hanoi,1
GYŐR-MOSON-SOPRON,03,Csorna,Innsbruck,4
GYŐR-MOSON-SOPRON,03,Csorna,Kolozsvár,2
GYŐR-MOSON-SOPRON,03,Csorna,Koppenhága,4
GYŐR-MOSON-SOPRON,03,Csorna,Krakkó,3
GYŐR-MOSON-SOPRON,03,Csorna,Lisszabon,2
GYŐR-MOSON-SOPRON,03,Csorna,London,23
GYŐR-MOSON-SOPRON,03,Csorna,Luxembourg,2
GYŐR-MOSON-SOPRON,03,Csorna,Lyon,3
GYŐR-MOSON-SOPRON,03,Csorna,Malaga,2
GYŐR-MOSON-SOPRON,03,Csorna,Manchester,6
GYŐR-MOSON-SOPRON,03,Csorna,Milánó,1
GYŐR-MOSON-SOPRON,03,Csorna,Montreal,1
GYŐR-MOSON-SOPRON,03,Csorna,München,21
GYŐR-MOSON-SOPRON,03,Csorna,New York,2
GYŐR-MOSON-SOPRON,03,Csorna,Nicosia,1
GYŐR-MOSON-SOPRON,03,Csorna,Nürnberg,7
GYŐR-MOSON-SOPRON,03,Csorna,Párizs,1
GYŐR-MOSON-SOPRON,03,Csorna,Pozsony,1
GYŐR-MOSON-SOPRON,03,Csorna,Róma,3
GYŐR-MOSON-SOPRON,03,Csorna,San Francisco,3
GYŐR-MOSON-SOPRON,03,Csorna,Stockholm,2
GYŐR-MOSON-SOPRON,03,Csorna,Stuttgart,20
GYŐR-MOSON-SOPRON,03,Csorna,Szarajevó,2
GYŐR-MOSON-SOPRON,03,Csorna,Szingapúr,1
GYŐR-MOSON-SOPRON,03,Csorna,Tbiliszi,1
GYŐR-MOSON-SOPRON,03,Csorna,Vancouver,2
GYŐR-MOSON-SOPRON,03,Csorna,Washington,1
GYŐR-MOSON-SOPRON,03,Csorna,Wroclaw,1
GYŐR-MOSON-SOPRON,04,Sopron,Abu Dhabi,2
GYŐR-MOSON-SOPRON,04,Sopron,Almati,1
GYŐR-MOSON-SOPRON,04,Sopron,Athén,1
GYŐR-MOSON-SOPRON,04,Sopron,Barcelona,11
GYŐR-MOSON-SOPRON,04,Sopron,Bécs,33
GYŐR-MOSON-SOPRON,04,Sopron,Bejrút,1
GYŐR-MOSON-SOPRON,04,Sopron,Beregszász,5
GYŐR-MOSON-SOPRON,04,Sopron,Berlin,11
GYŐR-MOSON-SOPRON,04,Sopron,Bern,27
GYŐR-MOSON-SOPRON,04,Sopron,Biskek,1
GYŐR-MOSON-SOPRON,04,Sopron,Brüsszel,12
GYŐR-MOSON-SOPRON,04,Sopron,Bukarest,1
GYŐR-MOSON-SOPRON,04,Sopron,Chicago,1
GYŐR-MOSON-SOPRON,04,Sopron,Csíkszereda,16
GYŐR-MOSON-SOPRON,04,Sopron,Doha,1
GYŐR-MOSON-SOPRON,04,Sopron,Dublin,2
GYŐR-MOSON-SOPRON,04,Sopron,Düsseldorf,10
GYŐR-MOSON-SOPRON,04,Sopron,Edinburgh,7
GYŐR-MOSON-SOPRON,04,Sopron,Genf,2
GYŐR-MOSON-SOPRON,04,Sopron,Hága,16
GYŐR-MOSON-SOPRON,04,Sopron,Helsinki,4
GYŐR-MOSON-SOPRON,04,Sopron,Hongkong,1
GYŐR-MOSON-SOPRON,04,Sopron,Houston,1
GYŐR-MOSON-SOPRON,04,Sopron,Innsbruck,12
GYŐR-MOSON-SOPRON,04,Sopron,Isztambul,1
GYŐR-MOSON-SOPRON,04,Sopron,Jakarta,1
GYŐR-MOSON-SOPRON,04,Sopron,Kolozsvár,4
GYŐR-MOSON-SOPRON,04,Sopron,Koppenhága,7
GYŐR-MOSON-SOPRON,04,Sopron,Krakkó,1
GYŐR-MOSON-SOPRON,04,Sopron,Kuangcsou,1
GYŐR-MOSON-SOPRON,04,Sopron,Lisszabon,5
GYŐR-MOSON-SOPRON,04,Sopron,Ljubljana,1
GYŐR-MOSON-SOPRON,04,Sopron,London,33
GYŐR-MOSON-SOPRON,04,Sopron,Los Angeles,5
GYŐR-MOSON-SOPRON,04,Sopron,Lusaka,2
GYŐR-MOSON-SOPRON,04,Sopron,Luxembourg,6
GYŐR-MOSON-SOPRON,04,Sopron,Madrid,4
GYŐR-MOSON-SOPRON,04,Sopron,Malaga,4
GYŐR-MOSON-SOPRON,04,Sopron,Manchester,4
GYŐR-MOSON-SOPRON,04,Sopron,Melbourne,3
GYŐR-MOSON-SOPRON,04,Sopron,Milánó,4
GYŐR-MOSON-SOPRON,04,Sopron,München,34
GYŐR-MOSON-SOPRON,04,Sopron,New York,4
GYŐR-MOSON-SOPRON,04,Sopron,Nürnberg,8
GYŐR-MOSON-SOPRON,04,Sopron,Ottawa,1
GYŐR-MOSON-SOPRON,04,Sopron,Párizs,13
GYŐR-MOSON-SOPRON,04,Sopron,Peking,1
GYŐR-MOSON-SOPRON,04,Sopron,Prága,4
GYŐR-MOSON-SOPRON,04,Sopron,Róma,5
GYŐR-MOSON-SOPRON,04,Sopron,San Francisco,2
GYŐR-MOSON-SOPRON,04,Sopron,Sanghaj,1
GYŐR-MOSON-SOPRON,04,Sopron,Stockholm,3
GYŐR-MOSON-SOPRON,04,Sopron,Stuttgart,21
GYŐR-MOSON-SOPRON,04,Sopron,Sydney,1
GYŐR-MOSON-SOPRON,04,Sopron,Szabadka,9
GYŐR-MOSON-SOPRON,04,Sopron,Szingapúr,1
GYŐR-MOSON-SOPRON,04,Sopron,Szöul,1
GYŐR-MOSON-SOPRON,04,Sopron,Toronto,2
GYŐR-MOSON-SOPRON,04,Sopron,Ungvár,2
GYŐR-MOSON-SOPRON,04,Sopron,Valletta,5
GYŐR-MOSON-SOPRON,04,Sopron,Vancouver,1
GYŐR-MOSON-SOPRON,04,Sopron,Washington,5
GYŐR-MOSON-SOPRON,04,Sopron,Zágráb,6
GYŐR-MOSON-SOPRON,05,Mosonmagyaróvár,Abu Dhabi,1
GYŐR-MOSON-SOPRON,05,Mosonmagyaróvár,Athén,1
GYŐR-MOSON-SOPRON,05,Mosonmagyaróvár,Barcelona,6
GYŐR-MOSON-SOPRON,05,Mosonmagyaróvár,Bécs,20
GYŐR-MOSON-SOPRON,05,Mosonmagyaróvár,Beregszász,2
GYŐR-MOSON-SOPRON,05,Mosonmagyaróvár,Berlin,14
GYŐR-MOSON-SOPRON,05,Mosonmagyaróvár,Bern,19
GYŐR-MOSON-SOPRON,05,Mosonmagyaróvár,Brüsszel,4
GYŐR-MOSON-SOPRON,05,Mosonmagyaróvár,Chicago,1
GYŐR-MOSON-SOPRON,05,Mosonmagyaróvár,Csíkszereda,18
GYŐR-MOSON-SOPRON,05,Mosonmagyaróvár,Dublin,7
GYŐR-MOSON-SOPRON,05,Mosonmagyaróvár,Düsseldorf,9
GYŐR-MOSON-SOPRON,05,Mosonmagyaróvár,Edinburgh,8
GYŐR-MOSON-SOPRON,05,Mosonmagyaróvár,Erbil,1
GYŐR-MOSON-SOPRON,05,Mosonmagyaróvár,Genf,1
GYŐR-MOSON-SOPRON,05,Mosonmagyaróvár,Hága,11
GYŐR-MOSON-SOPRON,05,Mosonmagyaróvár,Helsinki,4
GYŐR-MOSON-SOPRON,05,Mosonmagyaróvár,Innsbruck,9
GYŐR-MOSON-SOPRON,05,Mosonmagyaróvár,Kassa,1
GYŐR-MOSON-SOPRON,05,Mosonmagyaróvár,Koppenhága,6
GYŐR-MOSON-SOPRON,05,Mosonmagyaróvár,Krakkó,1
GYŐR-MOSON-SOPRON,05,Mosonmagyaróvár,Lisszabon,5
GYŐR-MOSON-SOPRON,05,Mosonmagyaróvár,Ljubljana,1
GYŐR-MOSON-SOPRON,05,Mosonmagyaróvár,London,31
GYŐR-MOSON-SOPRON,05,Mosonmagyaróvár,Los Angeles,2
GYŐR-MOSON-SOPRON,05,Mosonmagyaróvár,Luxembourg,6
GYŐR-MOSON-SOPRON,05,Mosonmagyaróvár,Madrid,1
GYŐR-MOSON-SOPRON,05,Mosonmagyaróvár,Malaga,7
GYŐR-MOSON-SOPRON,05,Mosonmagyaróvár,Manchester,10
GYŐR-MOSON-SOPRON,05,Mosonmagyaróvár,Melbourne,1
GYŐR-MOSON-SOPRON,05,Mosonmagyaróvár,Miami,1
GYŐR-MOSON-SOPRON,05,Mosonmagyaróvár,Milánó,5
GYŐR-MOSON-SOPRON,05,Mosonmagyaróvár,Montreal,1
GYŐR-MOSON-SOPRON,05,Mosonmagyaróvár,München,29
GYŐR-MOSON-SOPRON,05,Mosonmagyaróvár,New York,1
GYŐR-MOSON-SOPRON,05,Mosonmagyaróvár,Nürnberg,11
GYŐR-MOSON-SOPRON,05,Mosonmagyaróvár,Oslo,1
GYŐR-MOSON-SOPRON,05,Mosonmagyaróvár,Párizs,5
GYŐR-MOSON-SOPRON,05,Mosonmagyaróvár,Pozsony,2
GYŐR-MOSON-SOPRON,05,Mosonmagyaróvár,Prága,2
GYŐR-MOSON-SOPRON,05,Mosonmagyaróvár,Ramallah,1
GYŐR-MOSON-SOPRON,05,Mosonmagyaróvár,Róma,5
GYŐR-MOSON-SOPRON,05,Mosonmagyaróvár,San Francisco,2
GYŐR-MOSON-SOPRON,05,Mosonmagyaróvár,Stockholm,6
GYŐR-MOSON-SOPRON,05,Mosonmagyaróvár,Strasbourg,2
GYŐR-MOSON-SOPRON,05,Mosonmagyaróvár,Stuttgart,19
GYŐR-MOSON-SOPRON,05,Mosonmagyaróvár,Sydney,1
GYŐR-MOSON-SOPRON,05,Mosonmagyaróvár,Szabadka,2
GYŐR-MOSON-SOPRON,05,Mosonmagyaróvár,Szarajevó,1
GYŐR-MOSON-SOPRON,05,Mosonmagyaróvár,Szingapúr,2
GYŐR-MOSON-SOPRON,05,Mosonmagyaróvár,Szófia,1
GYŐR-MOSON-SOPRON,05,Mosonmagyaróvár,Szöul,1
GYŐR-MOSON-SOPRON,05,Mosonmagyaróvár,Tel-Aviv,2
GYŐR-MOSON-SOPRON,05,Mosonmagyaróvár,Valletta,2
GYŐR-MOSON-SOPRON,05,Mosonmagyaróvár,Vancouver,1
GYŐR-MOSON-SOPRON,05,Mosonmagyaróvár,Varsó,2
GYŐR-MOSON-SOPRON,05,Mosonmagyaróvár,Washington,1
HAJDÚ-BIHAR,01,Debrecen,Abu Dhabi,4
HAJDÚ-BIHAR,01,Debrecen,Athén,1
HAJDÚ-BIHAR,01,Debrecen,Barcelona,13
HAJDÚ-BIHAR,01,Debrecen,Bécs,19
HAJDÚ-BIHAR,01,Debrecen,Beregszász,23
HAJDÚ-BIHAR,01,Debrecen,Berlin,19
HAJDÚ-BIHAR,01,Debrecen,Bern,26
HAJDÚ-BIHAR,01,Debrecen,Bogota,1
HAJDÚ-BIHAR,01,Debrecen,Brüsszel,24
HAJDÚ-BIHAR,01,Debrecen,Bukarest,2
HAJDÚ-BIHAR,01,Debrecen,Chicago,5
HAJDÚ-BIHAR,01,Debrecen,Csíkszereda,14
HAJDÚ-BIHAR,01,Debrecen,Doha,3
HAJDÚ-BIHAR,01,Debrecen,Dublin,10
HAJDÚ-BIHAR,01,Debrecen,Düsseldorf,22
HAJDÚ-BIHAR,01,Debrecen,Edinburgh,17
HAJDÚ-BIHAR,01,Debrecen,Genf,11
HAJDÚ-BIHAR,01,Debrecen,Hága,38
HAJDÚ-BIHAR,01,Debrecen,Helsinki,3
HAJDÚ-BIHAR,01,Debrecen,Houston,6
HAJDÚ-BIHAR,01,Debrecen,Innsbruck,2
HAJDÚ-BIHAR,01,Debrecen,Isztambul,1
HAJDÚ-BIHAR,01,Debrecen,Jakarta,1
HAJDÚ-BIHAR,01,Debrecen,Kairó,2
HAJDÚ-BIHAR,01,Debrecen,Kolozsvár,16
HAJDÚ-BIHAR,01,Debrecen,Koppenhága,18
HAJDÚ-BIHAR,01,Debrecen,Krakkó,2
HAJDÚ-BIHAR,01,Debrecen,Kuvait,1
HAJDÚ-BIHAR,01,Debrecen,Lisszabon,4
HAJDÚ-BIHAR,01,Debrecen,London,103
HAJDÚ-BIHAR,01,Debrecen,Los Angeles,7
HAJDÚ-BIHAR,01,Debrecen,Luxembourg,7
HAJDÚ-BIHAR,01,Debrecen,Lyon,4
HAJDÚ-BIHAR,01,Debrecen,Madrid,3
HAJDÚ-BIHAR,01,Debrecen,Malaga,14
HAJDÚ-BIHAR,01,Debrecen,Manchester,20
HAJDÚ-BIHAR,01,Debrecen,Mexikóváros,1
HAJDÚ-BIHAR,01,Debrecen,Miami,6
HAJDÚ-BIHAR,01,Debrecen,Milánó,3
HAJDÚ-BIHAR,01,Debrecen,München,36
HAJDÚ-BIHAR,01,Debrecen,New York,15
HAJDÚ-BIHAR,01,Debrecen,Nicosia,9
HAJDÚ-BIHAR,01,Debrecen,Nürnberg,28
HAJDÚ-BIHAR,01,Debrecen,Oslo,4
HAJDÚ-BIHAR,01,Debrecen,Párizs,15
HAJDÚ-BIHAR,01,Debrecen,Podgorica,4
HAJDÚ-BIHAR,01,Debrecen,Prága,2
HAJDÚ-BIHAR,01,Debrecen,Pretoria,2
HAJDÚ-BIHAR,01,Debrecen,Pristina,5
HAJDÚ-BIHAR,01,Debrecen,Rijád,1
HAJDÚ-BIHAR,01,Debrecen,Róma,10
HAJDÚ-BIHAR,01,Debrecen,San Francisco,1
HAJDÚ-BIHAR,01,Debrecen,Santiago de Chile,1
HAJDÚ-BIHAR,01,Debrecen,Stockholm,20
HAJDÚ-BIHAR,01,Debrecen,Strasbourg,2
HAJDÚ-BIHAR,01,Debrecen,Stuttgart,53
HAJDÚ-BIHAR,01,Debrecen,Sydney,2
HAJDÚ-BIHAR,01,Debrecen,Szingapúr,2
HAJDÚ-BIHAR,01,Debrecen,Szófia,2
HAJDÚ-BIHAR,01,Debrecen,Szöul,1
HAJDÚ-BIHAR,01,Debrecen,Tbiliszi,1
HAJDÚ-BIHAR,01,Debrecen,Tel-Aviv,3
HAJDÚ-BIHAR,01,Debrecen,Tokió,1
HAJDÚ-BIHAR,01,Debrecen,Toronto,3
HAJDÚ-BIHAR,01,Debrecen,Ungvár,5
HAJDÚ-BIHAR,01,Debrecen,Varsó,5
HAJDÚ-BIHAR,01,Debrecen,Washington,9
HAJDÚ-BIHAR,01,Debrecen,Zágráb,1
HAJDÚ-BIHAR,02,Debrecen,Abuja,1
HAJDÚ-BIHAR,02,Debrecen,Amman,1
HAJDÚ-BIHAR,02,Debrecen,Athén,1
HAJDÚ-BIHAR,02,Debrecen,Bangkok,1
HAJDÚ-BIHAR,02,Debrecen,Barcelona,18
HAJDÚ-BIHAR,02,Debrecen,Bécs,10
HAJDÚ-BIHAR,02,Debrecen,Beregszász,20
HAJDÚ-BIHAR,02,Debrecen,Berlin,22
HAJDÚ-BIHAR,02,Debrecen,Bern,20
HAJDÚ-BIHAR,02,Debrecen,Brüsszel,12
HAJDÚ-BIHAR,02,Debrecen,Chicago,2
HAJDÚ-BIHAR,02,Debrecen,Csíkszereda,20
HAJDÚ-BIHAR,02,Debrecen,Doha,2
HAJDÚ-BIHAR,02,Debrecen,Dublin,11
HAJDÚ-BIHAR,02,Debrecen,Düsseldorf,13
HAJDÚ-BIHAR,02,Debrecen,Edinburgh,20
HAJDÚ-BIHAR,02,Debrecen,Genf,8
HAJDÚ-BIHAR,02,Debrecen,Hága,29
HAJDÚ-BIHAR,02,Debrecen,Helsinki,5
HAJDÚ-BIHAR,02,Debrecen,Houston,4
HAJDÚ-BIHAR,02,Debrecen,Innsbruck,7
HAJDÚ-BIHAR,02,Debrecen,Kolozsvár,13
HAJDÚ-BIHAR,02,Debrecen,Koppenhága,24
HAJDÚ-BIHAR,02,Debrecen,Krakkó,1
HAJDÚ-BIHAR,02,Debrecen,Lisszabon,2
HAJDÚ-BIHAR,02,Debrecen,London,103
HAJDÚ-BIHAR,02,Debrecen,Los Angeles,4
HAJDÚ-BIHAR,02,Debrecen,Lyon,2
HAJDÚ-BIHAR,02,Debrecen,Madrid,2
HAJDÚ-BIHAR,02,Debrecen,Malaga,4
HAJDÚ-BIHAR,02,Debrecen,Manchester,20
HAJDÚ-BIHAR,02,Debrecen,Milánó,1
HAJDÚ-BIHAR,02,Debrecen,München,31
HAJDÚ-BIHAR,02,Debrecen,New York,9
HAJDÚ-BIHAR,02,Debrecen,Nicosia,7
HAJDÚ-BIHAR,02,Debrecen,Nürnberg,7
HAJDÚ-BIHAR,02,Debrecen,Oslo,4
HAJDÚ-BIHAR,02,Debrecen,Párizs,7
HAJDÚ-BIHAR,02,Debrecen,Podgorica,2
HAJDÚ-BIHAR,02,Debrecen,Pozsony,1
HAJDÚ-BIHAR,02,Debrecen,Prága,4
HAJDÚ-BIHAR,02,Debrecen,Pretoria,1
HAJDÚ-BIHAR,02,Debrecen,Pristina,6
HAJDÚ-BIHAR,02,Debrecen,Riga,1
HAJDÚ-BIHAR,02,Debrecen,Róma,6
HAJDÚ-BIHAR,02,Debrecen,San Francisco,4
HAJDÚ-BIHAR,02,Debrecen,Sanghaj,3
HAJDÚ-BIHAR,02,Debrecen,Sao Paulo,1
HAJDÚ-BIHAR,02,Debrecen,Stockholm,5
HAJDÚ-BIHAR,02,Debrecen,Strasbourg,5
HAJDÚ-BIHAR,02,Debrecen,Stuttgart,41
HAJDÚ-BIHAR,02,Debrecen,Sydney,1
HAJDÚ-BIHAR,02,Debrecen,Szarajevó,1
HAJDÚ-BIHAR,02,Debrecen,Szentpétervár,1
HAJDÚ-BIHAR,02,Debrecen,Szingapúr,3
HAJDÚ-BIHAR,02,Debrecen,Szöul,1
HAJDÚ-BIHAR,02,Debrecen,Tel-Aviv,1
HAJDÚ-BIHAR,02,Debrecen,Toronto,6
HAJDÚ-BIHAR,02,Debrecen,Ungvár,11
HAJDÚ-BIHAR,02,Debrecen,Valletta,6
HAJDÚ-BIHAR,02,Debrecen,Vancouver,1
HAJDÚ-BIHAR,02,Debrecen,Varsó,1
HAJDÚ-BIHAR,02,Debrecen,Washington,2
HAJDÚ-BIHAR,02,Debrecen,Wroclaw,1
HAJDÚ-BIHAR,03,Debrecen,Barcelona,3
HAJDÚ-BIHAR,03,Debrecen,Bécs,10
HAJDÚ-BIHAR,03,Debrecen,Beregszász,13
HAJDÚ-BIHAR,03,Debrecen,Berlin,16
HAJDÚ-BIHAR,03,Debrecen,Bern,13
HAJDÚ-BIHAR,03,Debrecen,Biskek,1
HAJDÚ-BIHAR,03,Debrecen,Brüsszel,8
HAJDÚ-BIHAR,03,Debrecen,Csíkszereda,11
HAJDÚ-BIHAR,03,Debrecen,Doha,1
HAJDÚ-BIHAR,03,Debrecen,Dublin,8
HAJDÚ-BIHAR,03,Debrecen,Düsseldorf,10
HAJDÚ-BIHAR,03,Debrecen,Edinburgh,8
HAJDÚ-BIHAR,03,Debrecen,Gdansk,2
HAJDÚ-BIHAR,03,Debrecen,Genf,2
HAJDÚ-BIHAR,03,Debrecen,Hága,22
HAJDÚ-BIHAR,03,Debrecen,Havanna,1
HAJDÚ-BIHAR,03,Debrecen,Helsinki,5
HAJDÚ-BIHAR,03,Debrecen,Innsbruck,3
HAJDÚ-BIHAR,03,Debrecen,Isztambul,1
HAJDÚ-BIHAR,03,Debrecen,Kolozsvár,18
HAJDÚ-BIHAR,03,Debrecen,Koppenhága,11
HAJDÚ-BIHAR,03,Debrecen,Krakkó,5
HAJDÚ-BIHAR,03,Debrecen,Lisszabon,2
HAJDÚ-BIHAR,03,Debrecen,Ljubljana,2
HAJDÚ-BIHAR,03,Debrecen,London,57
HAJDÚ-BIHAR,03,Debrecen,Los Angeles,1
HAJDÚ-BIHAR,03,Debrecen,Luxembourg,14
HAJDÚ-BIHAR,03,Debrecen,Lyon,2
HAJDÚ-BIHAR,03,Debrecen,Madrid,3
HAJDÚ-BIHAR,03,Debrecen,Malaga,4
HAJDÚ-BIHAR,03,Debrecen,Manchester,9
HAJDÚ-BIHAR,03,Debrecen,Mexikóváros,2
HAJDÚ-BIHAR,03,Debrecen,Milánó,3
HAJDÚ-BIHAR,03,Debrecen,Montreal,1
HAJDÚ-BIHAR,03,Debrecen,München,30
HAJDÚ-BIHAR,03,Debrecen,Nairobi,1
HAJDÚ-BIHAR,03,Debrecen,New York,4
HAJDÚ-BIHAR,03,Debrecen,Nicosia,1
HAJDÚ-BIHAR,03,Debrecen,Nürnberg,8
HAJDÚ-BIHAR,03,Debrecen,Oslo,3
HAJDÚ-BIHAR,03,Debrecen,Párizs,1
HAJDÚ-BIHAR,03,Debrecen,Prága,3
HAJDÚ-BIHAR,03,Debrecen,Pristina,2
HAJDÚ-BIHAR,03,Debrecen,Róma,3
HAJDÚ-BIHAR,03,Debrecen,Stockholm,8
HAJDÚ-BIHAR,03,Debrecen,Strasbourg,2
HAJDÚ-BIHAR,03,Debrecen,Stuttgart,17
HAJDÚ-BIHAR,03,Debrecen,Tirana,3
HAJDÚ-BIHAR,03,Debrecen,Toronto,2
HAJDÚ-BIHAR,03,Debrecen,Ungvár,3
HAJDÚ-BIHAR,03,Debrecen,Valletta,4
HAJDÚ-BIHAR,04,Berettyóújfalu,Barcelona,2
HAJDÚ-BIHAR,04,Berettyóújfalu,Bécs,5
HAJDÚ-BIHAR,04,Berettyóújfalu,Beregszász,2
HAJDÚ-BIHAR,04,Berettyóújfalu,Berlin,8
HAJDÚ-BIHAR,04,Berettyóújfalu,Bern,10
HAJDÚ-BIHAR,04,Berettyóújfalu,Brüsszel,9
HAJDÚ-BIHAR,04,Berettyóújfalu,Chicago,3
HAJDÚ-BIHAR,04,Berettyóújfalu,Csíkszereda,20
HAJDÚ-BIHAR,04,Berettyóújfalu,Dublin,6
HAJDÚ-BIHAR,04,Berettyóújfalu,Düsseldorf,8
HAJDÚ-BIHAR,04,Berettyóújfalu,Edinburgh,4
HAJDÚ-BIHAR,04,Berettyóújfalu,Erbil,1
HAJDÚ-BIHAR,04,Berettyóújfalu,Hága,14
HAJDÚ-BIHAR,04,Berettyóújfalu,Helsinki,2
HAJDÚ-BIHAR,04,Berettyóújfalu,Ho Si Minh-város,1
HAJDÚ-BIHAR,04,Berettyóújfalu,Innsbruck,3
HAJDÚ-BIHAR,04,Berettyóújfalu,Isztambul,1
HAJDÚ-BIHAR,04,Berettyóújfalu,Jakarta,1
HAJDÚ-BIHAR,04,Berettyóújfalu,Kolozsvár,17
HAJDÚ-BIHAR,04,Berettyóújfalu,Koppenhága,7
HAJDÚ-BIHAR,04,Berettyóújfalu,Krakkó,3
HAJDÚ-BIHAR,04,Berettyóújfalu,Lisszabon,4
HAJDÚ-BIHAR,04,Berettyóújfalu,Ljubljana,1
HAJDÚ-BIHAR,04,Berettyóújfalu,London,43
HAJDÚ-BIHAR,04,Berettyóújfalu,Los Angeles,1
HAJDÚ-BIHAR,04,Berettyóújfalu,Luxembourg,3
HAJDÚ-BIHAR,04,Berettyóújfalu,Malaga,1
HAJDÚ-BIHAR,04,Berettyóújfalu,Manchester,6
HAJDÚ-BIHAR,04,Berettyóújfalu,München,22
HAJDÚ-BIHAR,04,Berettyóújfalu,New York,3
HAJDÚ-BIHAR,04,Berettyóújfalu,Nicosia,1
HAJDÚ-BIHAR,04,Berettyóújfalu,Nürnberg,2
HAJDÚ-BIHAR,04,Berettyóújfalu,Oslo,2
HAJDÚ-BIHAR,04,Berettyóújfalu,Párizs,1
HAJDÚ-BIHAR,04,Berettyóújfalu,Podgorica,1
HAJDÚ-BIHAR,04,Berettyóújfalu,Prága,3
HAJDÚ-BIHAR,04,Berettyóújfalu,Pristina,2
HAJDÚ-BIHAR,04,Berettyóújfalu,Stockholm,2
HAJDÚ-BIHAR,04,Berettyóújfalu,Strasbourg,2
HAJDÚ-BIHAR,04,Berettyóújfalu,Stuttgart,11
HAJDÚ-BIHAR,04,Berettyóújfalu,Sydney,1
HAJDÚ-BIHAR,04,Berettyóújfalu,Szabadka,4
HAJDÚ-BIHAR,04,Berettyóújfalu,Szófia,1
HAJDÚ-BIHAR,04,Berettyóújfalu,Tbiliszi,1
HAJDÚ-BIHAR,04,Berettyóújfalu,Ungvár,3
HAJDÚ-BIHAR,04,Berettyóújfalu,Valletta,2
HAJDÚ-BIHAR,04,Berettyóújfalu,Vancouver,1
HAJDÚ-BIHAR,04,Berettyóújfalu,Varsó,2
HAJDÚ-BIHAR,04,Berettyóújfalu,Washington,2
HAJDÚ-BIHAR,05,Hajdúszoboszló,Algír,1
HAJDÚ-BIHAR,05,Hajdúszoboszló,Barcelona,1
HAJDÚ-BIHAR,05,Hajdúszoboszló,Bécs,10
HAJDÚ-BIHAR,05,Hajdúszoboszló,Beregszász,6
HAJDÚ-BIHAR,05,Hajdúszoboszló,Berlin,7
HAJDÚ-BIHAR,05,Hajdúszoboszló,Bern,11
HAJDÚ-BIHAR,05,Hajdúszoboszló,Brüsszel,8
HAJDÚ-BIHAR,05,Hajdúszoboszló,Buenos Aires,1
HAJDÚ-BIHAR,05,Hajdúszoboszló,Bukarest,2
HAJDÚ-BIHAR,05,Hajdúszoboszló,Csíkszereda,18
HAJDÚ-BIHAR,05,Hajdúszoboszló,Dublin,9
HAJDÚ-BIHAR,05,Hajdúszoboszló,Düsseldorf,13
HAJDÚ-BIHAR,05,Hajdúszoboszló,Edinburgh,5
HAJDÚ-BIHAR,05,Hajdúszoboszló,Erbil,1
HAJDÚ-BIHAR,05,Hajdúszoboszló,Genf,2
HAJDÚ-BIHAR,05,Hajdúszoboszló,Hága,14
HAJDÚ-BIHAR,05,Hajdúszoboszló,Helsinki,1
HAJDÚ-BIHAR,05,Hajdúszoboszló,Houston,1
HAJDÚ-BIHAR,05,Hajdúszoboszló,Innsbruck,1
HAJDÚ-BIHAR,05,Hajdúszoboszló,Isztambul,1
HAJDÚ-BIHAR,05,Hajdúszoboszló,Kolozsvár,15
HAJDÚ-BIHAR,05,Hajdúszoboszló,Koppenhága,9
HAJDÚ-BIHAR,05,Hajdúszoboszló,Krakkó,1
HAJDÚ-BIHAR,05,Hajdúszoboszló,London,58
HAJDÚ-BIHAR,05,Hajdúszoboszló,Luxembourg,4
HAJDÚ-BIHAR,05,Hajdúszoboszló,Madrid,2
HAJDÚ-BIHAR,05,Hajdúszoboszló,Malaga,5
HAJDÚ-BIHAR,05,Hajdúszoboszló,Manchester,19
HAJDÚ-BIHAR,05,Hajdúszoboszló,Miami,3
HAJDÚ-BIHAR,05,Hajdúszoboszló,Milánó,7
HAJDÚ-BIHAR,05,Hajdúszoboszló,München,31
HAJDÚ-BIHAR,05,Hajdúszoboszló,New York,3
HAJDÚ-BIHAR,05,Hajdúszoboszló,Nürnberg,6
HAJDÚ-BIHAR,05,Hajdúszoboszló,Oslo,1
HAJDÚ-BIHAR,05,Hajdúszoboszló,Párizs,3
HAJDÚ-BIHAR,05,Hajdúszoboszló,Pristina,1
HAJDÚ-BIHAR,05,Hajdúszoboszló,Quito,1
HAJDÚ-BIHAR,05,Hajdúszoboszló,Róma,3
HAJDÚ-BIHAR,05,Hajdúszoboszló,San Francisco,3
HAJDÚ-BIHAR,05,Hajdúszoboszló,Stockholm,2
HAJDÚ-BIHAR,05,Hajdúszoboszló,Strasbourg,2
HAJDÚ-BIHAR,05,Hajdúszoboszló,Stuttgart,26
HAJDÚ-BIHAR,05,Hajdúszoboszló,Sydney,1
HAJDÚ-BIHAR,05,Hajdúszoboszló,Szarajevó,1
HAJDÚ-BIHAR,05,Hajdúszoboszló,Szöul,1
HAJDÚ-BIHAR,05,Hajdúszoboszló,Tallinn,1
HAJDÚ-BIHAR,05,Hajdúszoboszló,Tel-Aviv,2
HAJDÚ-BIHAR,05,Hajdúszoboszló,Ungvár,4
HAJDÚ-BIHAR,05,Hajdúszoboszló,Vancouver,1
HAJDÚ-BIHAR,05,Hajdúszoboszló,Varsó,1
HAJDÚ-BIHAR,05,Hajdúszoboszló,Vilnius,1
HAJDÚ-BIHAR,05,Hajdúszoboszló,Washington,1
HAJDÚ-BIHAR,05,Hajdúszoboszló,Wroclaw,1
HAJDÚ-BIHAR,05,Hajdúszoboszló,Zágráb,1
HAJDÚ-BIHAR,06,Hajdúböszörmény,Barcelona,5
HAJDÚ-BIHAR,06,Hajdúböszörmény,Bécs,8
HAJDÚ-BIHAR,06,Hajdúböszörmény,Beregszász,6
HAJDÚ-BIHAR,06,Hajdúböszörmény,Berlin,9
HAJDÚ-BIHAR,06,Hajdúböszörmény,Bern,13
HAJDÚ-BIHAR,06,Hajdúböszörmény,Brüsszel,3
HAJDÚ-BIHAR,06,Hajdúböszörmény,Chicago,2
HAJDÚ-BIHAR,06,Hajdúböszörmény,Csíkszereda,11
HAJDÚ-BIHAR,06,Hajdúböszörmény,Dublin,9
HAJDÚ-BIHAR,06,Hajdúböszörmény,Düsseldorf,13
HAJDÚ-BIHAR,06,Hajdúböszörmény,Erbil,2
HAJDÚ-BIHAR,06,Hajdúböszörmény,Hága,18
HAJDÚ-BIHAR,06,Hajdúböszörmény,Innsbruck,1
HAJDÚ-BIHAR,06,Hajdúböszörmény,Kampala,1
HAJDÚ-BIHAR,06,Hajdúböszörmény,Kolozsvár,2
HAJDÚ-BIHAR,06,Hajdúböszörmény,Koppenhága,6
HAJDÚ-BIHAR,06,Hajdúböszörmény,Krakkó,1
HAJDÚ-BIHAR,06,Hajdúböszörmény,Lendva,1
HAJDÚ-BIHAR,06,Hajdúböszörmény,Lisszabon,1
HAJDÚ-BIHAR,06,Hajdúböszörmény,London,47
HAJDÚ-BIHAR,06,Hajdúböszörmény,Luxembourg,2
HAJDÚ-BIHAR,06,Hajdúböszörmény,Lyon,2
HAJDÚ-BIHAR,06,Hajdúböszörmény,Madrid,1
HAJDÚ-BIHAR,06,Hajdúböszörmény,Malaga,3
HAJDÚ-BIHAR,06,Hajdúböszörmény,Manchester,11
HAJDÚ-BIHAR,06,Hajdúböszörmény,Melbourne,2
HAJDÚ-BIHAR,06,Hajdúböszörmény,Mexikóváros,3
HAJDÚ-BIHAR,06,Hajdúböszörmény,Milánó,1
HAJDÚ-BIHAR,06,Hajdúböszörmény,München,20
HAJDÚ-BIHAR,06,Hajdúböszörmény,New York,2
HAJDÚ-BIHAR,06,Hajdúböszörmény,Nicosia,1
HAJDÚ-BIHAR,06,Hajdúböszörmény,Nürnberg,3
HAJDÚ-BIHAR,06,Hajdúböszörmény,Párizs,4
HAJDÚ-BIHAR,06,Hajdúböszörmény,Pozsony,1
HAJDÚ-BIHAR,06,Hajdúböszörmény,Prága,2
HAJDÚ-BIHAR,06,Hajdúböszörmény,Róma,1
HAJDÚ-BIHAR,06,Hajdúböszörmény,Stockholm,2
HAJDÚ-BIHAR,06,Hajdúböszörmény,Stuttgart,23
HAJDÚ-BIHAR,06,Hajdúböszörmény,Szingapúr,1
HAJDÚ-BIHAR,06,Hajdúböszörmény,Szkopje,1
HAJDÚ-BIHAR,06,Hajdúböszörmény,Szófia,2
HAJDÚ-BIHAR,06,Hajdúböszörmény,Tallinn,1
HAJDÚ-BIHAR,06,Hajdúböszörmény,Tokió,2
HAJDÚ-BIHAR,06,Hajdúböszörmény,Toronto,2
HAJDÚ-BIHAR,06,Hajdúböszörmény,Ungvár,2
HAJDÚ-BIHAR,06,Hajdúböszörmény,Valletta,1
HAJDÚ-BIHAR,06,Hajdúböszörmény,Vancouver,1
HEVES,01,Eger,Abu Dhabi,4
HEVES,01,Eger,Abuja,2
HEVES,01,Eger,Amman,1
HEVES,01,Eger,Ankara,1
HEVES,01,Eger,Barcelona,11
HEVES,01,Eger,Bécs,21
HEVES,01,Eger,Belgrád,2
HEVES,01,Eger,Beregszász,1
HEVES,01,Eger,Berlin,22
HEVES,01,Eger,Bern,28
HEVES,01,Eger,Brüsszel,13
HEVES,01,Eger,Chicago,2
HEVES,01,Eger,Csíkszereda,3
HEVES,01,Eger,Dublin,17
HEVES,01,Eger,Düsseldorf,16
HEVES,01,Eger,Edinburgh,7
HEVES,01,Eger,Genf,6
HEVES,01,Eger,Hága,27
HEVES,01,Eger,Helsinki,8
HEVES,01,Eger,Hongkong,1
HEVES,01,Eger,Houston,1
HEVES,01,Eger,Innsbruck,9
HEVES,01,Eger,Isztambul,1
HEVES,01,Eger,Kairó,3
HEVES,01,Eger,Kolozsvár,6
HEVES,01,Eger,Koppenhága,30
HEVES,01,Eger,Krakkó,1
HEVES,01,Eger,Kuala Lumpur,1
HEVES,01,Eger,Kuvait,1
HEVES,01,Eger,Lendva,1
HEVES,01,Eger,Lisszabon,7
HEVES,01,Eger,Ljubljana,1
HEVES,01,Eger,London,84
HEVES,01,Eger,Los Angeles,5
HEVES,01,Eger,Luxembourg,4
HEVES,01,Eger,Lyon,1
HEVES,01,Eger,Madrid,3
HEVES,01,Eger,Malaga,5
HEVES,01,Eger,Manchester,13
HEVES,01,Eger,Melbourne,3
HEVES,01,Eger,Mexikóváros,2
HEVES,01,Eger,Miami,1
HEVES,01,Eger,Milánó,3
HEVES,01,Eger,Montreal,1
HEVES,01,Eger,München,42
HEVES,01,Eger,New York,7
HEVES,01,Eger,Nicosia,3
HEVES,01,Eger,Nürnberg,10
HEVES,01,Eger,Oslo,7
HEVES,01,Eger,Párizs,23
HEVES,01,Eger,Pozsony,2
HEVES,01,Eger,Prága,3
HEVES,01,Eger,Pristina,2
HEVES,01,Eger,Riga,1
HEVES,01,Eger,San Francisco,1
HEVES,01,Eger,Stockholm,14
HEVES,01,Eger,Stuttgart,28
HEVES,01,Eger,Szabadka,3
HEVES,01,Eger,Szarajevó,1
HEVES,01,Eger,Tallinn,3
HEVES,01,Eger,Tel-Aviv,5
HEVES,01,Eger,Toronto,5
HEVES,01,Eger,Ungvár,4
HEVES,01,Eger,Vancouver,1
HEVES,01,Eger,Varsó,1
HEVES,01,Eger,Washington,4
HEVES,01,Eger,Wroclaw,1
HEVES,01,Eger,Zágráb,1
HEVES,02,Gyöngyös,Abu Dhabi,4
HEVES,02,Gyöngyös,Accra,1
HEVES,02,Gyöngyös,Baku,2
HEVES,02,Gyöngyös,Barcelona,5
HEVES,02,Gyöngyös,Bécs,14
HEVES,02,Gyöngyös,Bejrút,1
HEVES,02,Gyöngyös,Beregszász,5
HEVES,02,Gyöngyös,Berlin,9
HEVES,02,Gyöngyös,Bern,26
HEVES,02,Gyöngyös,Brüsszel,13
HEVES,02,Gyöngyös,Chicago,1
HEVES,02,Gyöngyös,Csíkszereda,7
HEVES,02,Gyöngyös,Doha,1
HEVES,02,Gyöngyös,Dublin,9
HEVES,02,Gyöngyös,Düsseldorf,20
HEVES,02,Gyöngyös,Edinburgh,9
HEVES,02,Gyöngyös,Erbil,1
HEVES,02,Gyöngyös,Gdansk,1
HEVES,02,Gyöngyös,Genf,7
HEVES,02,Gyöngyös,Hága,33
HEVES,02,Gyöngyös,Hanoi,1
HEVES,02,Gyöngyös,Innsbruck,2
HEVES,02,Gyöngyös,Isztambul,1
HEVES,02,Gyöngyös,Jakarta,1
HEVES,02,Gyöngyös,Kolozsvár,5
HEVES,02,Gyöngyös,Koppenhága,10
HEVES,02,Gyöngyös,Lendva,1
HEVES,02,Gyöngyös,Lisszabon,1
HEVES,02,Gyöngyös,London,57
HEVES,02,Gyöngyös,Los Angeles,1
HEVES,02,Gyöngyös,Luxembourg,3
HEVES,02,Gyöngyös,Lyon,1
HEVES,02,Gyöngyös,Malaga,4
HEVES,02,Gyöngyös,Manchester,13
HEVES,02,Gyöngyös,Miami,3
HEVES,02,Gyöngyös,Milánó,2
HEVES,02,Gyöngyös,Moszkva,1
HEVES,02,Gyöngyös,München,45
HEVES,02,Gyöngyös,New York,8
HEVES,02,Gyöngyös,Nürnberg,9
HEVES,02,Gyöngyös,Oslo,2
HEVES,02,Gyöngyös,Párizs,6
HEVES,02,Gyöngyös,Pozsony,1
HEVES,02,Gyöngyös,Prága,5
HEVES,02,Gyöngyös,Pristina,1
HEVES,02,Gyöngyös,Rabat,1
HEVES,02,Gyöngyös,Róma,3
HEVES,02,Gyöngyös,San Francisco,2
HEVES,02,Gyöngyös,Sanghaj,2
HEVES,02,Gyöngyös,Stockholm,7
HEVES,02,Gyöngyös,Stuttgart,25
HEVES,02,Gyöngyös,Sydney,1
HEVES,02,Gyöngyös,Szabadka,7
HEVES,02,Gyöngyös,Szófia,1
HEVES,02,Gyöngyös,Tallinn,2
HEVES,02,Gyöngyös,Tbiliszi,1
HEVES,02,Gyöngyös,Tel-Aviv,2
HEVES,02,Gyöngyös,Tokió,1
HEVES,02,Gyöngyös,Toronto,5
HEVES,02,Gyöngyös,Valletta,3
HEVES,02,Gyöngyös,Varsó,1
HEVES,02,Gyöngyös,Vilnius,3
HEVES,02,Gyöngyös,Washington,2
HEVES,02,Gyöngyös,Zágráb,2
HEVES,03,Hatvan,Abu Dhabi,2
HEVES,03,Hatvan,Barcelona,5
HEVES,03,Hatvan,Bécs,1
HEVES,03,Hatvan,Belgrád,1
HEVES,03,Hatvan,Beregszász,8
HEVES,03,Hatvan,Berlin,12
HEVES,03,Hatvan,Bern,12
HEVES,03,Hatvan,Besztercebánya,1
HEVES,03,Hatvan,Brüsszel,4
HEVES,03,Hatvan,Chicago,1
HEVES,03,Hatvan,Csíkszereda,7
HEVES,03,Hatvan,Dublin,7
HEVES,03,Hatvan,Düsseldorf,20
HEVES,03,Hatvan,Edinburgh,1
HEVES,03,Hatvan,Genf,3
HEVES,03,Hatvan,Hága,14
HEVES,03,Hatvan,Helsinki,3
HEVES,03,Hatvan,Innsbruck,7
HEVES,03,Hatvan,Kolozsvár,2
HEVES,03,Hatvan,Koppenhága,3
HEVES,03,Hatvan,Krakkó,2
HEVES,03,Hatvan,Kuvait,2
HEVES,03,Hatvan,Lisszabon,6
HEVES,03,Hatvan,Ljubljana,7
HEVES,03,Hatvan,London,47
HEVES,03,Hatvan,Lusaka,2
HEVES,03,Hatvan,Luxembourg,5
HEVES,03,Hatvan,Lyon,1
HEVES,03,Hatvan,Madrid,1
HEVES,03,Hatvan,Malaga,3
HEVES,03,Hatvan,Manchester,17
HEVES,03,Hatvan,Melbourne,3
HEVES,03,Hatvan,Milánó,2
HEVES,03,Hatvan,München,23
HEVES,03,Hatvan,New York,6
HEVES,03,Hatvan,Nicosia,1
HEVES,03,Hatvan,Nürnberg,5
HEVES,03,Hatvan,Oslo,3
HEVES,03,Hatvan,Párizs,3
HEVES,03,Hatvan,Prága,3
HEVES,03,Hatvan,San Francisco,1
HEVES,03,Hatvan,Sanghaj,2
HEVES,03,Hatvan,Stockholm,3
HEVES,03,Hatvan,Strasbourg,3
HEVES,03,Hatvan,Stuttgart,11
HEVES,03,Hatvan,Sydney,2
HEVES,03,Hatvan,Szabadka,1
HEVES,03,Hatvan,Szarajevó,1
HEVES,03,Hatvan,Toronto,1
HEVES,03,Hatvan,Valletta,5
HEVES,03,Hatvan,Varsó,1
HEVES,03,Hatvan,Washington,1
HEVES,03,Hatvan,Wroclaw,1
HEVES,03,Hatvan,Zágráb,1
JÁSZ-NAGYKUN-SZOLNOK,01,Szolnok,Abu Dhabi,5
JÁSZ-NAGYKUN-SZOLNOK,01,Szolnok,Athén,1
JÁSZ-NAGYKUN-SZOLNOK,01,Szolnok,Barcelona,4
JÁSZ-NAGYKUN-SZOLNOK,01,Szolnok,Bécs,25
JÁSZ-NAGYKUN-SZOLNOK,01,Szolnok,Beregszász,2
JÁSZ-NAGYKUN-SZOLNOK,01,Szolnok,Berlin,20
JÁSZ-NAGYKUN-SZOLNOK,01,Szolnok,Bern,29
JÁSZ-NAGYKUN-SZOLNOK,01,Szolnok,Bogota,2
JÁSZ-NAGYKUN-SZOLNOK,01,Szolnok,Brüsszel,25
JÁSZ-NAGYKUN-SZOLNOK,01,Szolnok,Chicago,2
JÁSZ-NAGYKUN-SZOLNOK,01,Szolnok,Csíkszereda,4
JÁSZ-NAGYKUN-SZOLNOK,01,Szolnok,Doha,1
JÁSZ-NAGYKUN-SZOLNOK,01,Szolnok,Dublin,9
JÁSZ-NAGYKUN-SZOLNOK,01,Szolnok,Düsseldorf,15
JÁSZ-NAGYKUN-SZOLNOK,01,Szolnok,Edinburgh,7
JÁSZ-NAGYKUN-SZOLNOK,01,Szolnok,Erbil,24
JÁSZ-NAGYKUN-SZOLNOK,01,Szolnok,Genf,3
JÁSZ-NAGYKUN-SZOLNOK,01,Szolnok,Hága,26
JÁSZ-NAGYKUN-SZOLNOK,01,Szolnok,Helsinki,3
JÁSZ-NAGYKUN-SZOLNOK,01,Szolnok,Houston,3
JÁSZ-NAGYKUN-SZOLNOK,01,Szolnok,Innsbruck,4
JÁSZ-NAGYKUN-SZOLNOK,01,Szolnok,Iszlámábád,2
JÁSZ-NAGYKUN-SZOLNOK,01,Szolnok,Jakarta,2
JÁSZ-NAGYKUN-SZOLNOK,01,Szolnok,Kolozsvár,3
JÁSZ-NAGYKUN-SZOLNOK,01,Szolnok,Koppenhága,15
JÁSZ-NAGYKUN-SZOLNOK,01,Szolnok,Krakkó,2
JÁSZ-NAGYKUN-SZOLNOK,01,Szolnok,Kuvait,2
JÁSZ-NAGYKUN-SZOLNOK,01,Szolnok,Lisszabon,4
JÁSZ-NAGYKUN-SZOLNOK,01,Szolnok,Ljubljana,2
JÁSZ-NAGYKUN-SZOLNOK,01,Szolnok,London,87
JÁSZ-NAGYKUN-SZOLNOK,01,Szolnok,Los Angeles,3
JÁSZ-NAGYKUN-SZOLNOK,01,Szolnok,Luxembourg,8
JÁSZ-NAGYKUN-SZOLNOK,01,Szolnok,Lyon,4
JÁSZ-NAGYKUN-SZOLNOK,01,Szolnok,Madrid,4
JÁSZ-NAGYKUN-SZOLNOK,01,Szolnok,Malaga,7
JÁSZ-NAGYKUN-SZOLNOK,01,Szolnok,Manchester,20
JÁSZ-NAGYKUN-SZOLNOK,01,Szolnok,Mexikóváros,1
JÁSZ-NAGYKUN-SZOLNOK,01,Szolnok,Miami,3
JÁSZ-NAGYKUN-SZOLNOK,01,Szolnok,Milánó,4
JÁSZ-NAGYKUN-SZOLNOK,01,Szolnok,Moszkva,2
JÁSZ-NAGYKUN-SZOLNOK,01,Szolnok,München,47
JÁSZ-NAGYKUN-SZOLNOK,01,Szolnok,New York,4
JÁSZ-NAGYKUN-SZOLNOK,01,Szolnok,Nicosia,4
JÁSZ-NAGYKUN-SZOLNOK,01,Szolnok,Nürnberg,18
JÁSZ-NAGYKUN-SZOLNOK,01,Szolnok,Oslo,14
JÁSZ-NAGYKUN-SZOLNOK,01,Szolnok,Párizs,8
JÁSZ-NAGYKUN-SZOLNOK,01,Szolnok,Phnom Penh,1
JÁSZ-NAGYKUN-SZOLNOK,01,Szolnok,Pozsony,1
JÁSZ-NAGYKUN-SZOLNOK,01,Szolnok,Prága,9
JÁSZ-NAGYKUN-SZOLNOK,01,Szolnok,Pristina,4
JÁSZ-NAGYKUN-SZOLNOK,01,Szolnok,Riga,1
JÁSZ-NAGYKUN-SZOLNOK,01,Szolnok,Róma,4
JÁSZ-NAGYKUN-SZOLNOK,01,Szolnok,San Francisco,1
JÁSZ-NAGYKUN-SZOLNOK,01,Szolnok,Stockholm,8
JÁSZ-NAGYKUN-SZOLNOK,01,Szolnok,Strasbourg,6
JÁSZ-NAGYKUN-SZOLNOK,01,Szolnok,Stuttgart,54
JÁSZ-NAGYKUN-SZOLNOK,01,Szolnok,Sydney,1
JÁSZ-NAGYKUN-SZOLNOK,01,Szolnok,Szabadka,2
JÁSZ-NAGYKUN-SZOLNOK,01,Szolnok,Szarajevó,1
JÁSZ-NAGYKUN-SZOLNOK,01,Szolnok,Szingapúr,1
JÁSZ-NAGYKUN-SZOLNOK,01,Szolnok,Szöul,2
JÁSZ-NAGYKUN-SZOLNOK,01,Szolnok,Tallinn,3
JÁSZ-NAGYKUN-SZOLNOK,01,Szolnok,Tirana,2
JÁSZ-NAGYKUN-SZOLNOK,01,Szolnok,Tokió,3
JÁSZ-NAGYKUN-SZOLNOK,01,Szolnok,Toronto,6
JÁSZ-NAGYKUN-SZOLNOK,01,Szolnok,Valletta,7
JÁSZ-NAGYKUN-SZOLNOK,01,Szolnok,Vancouver,3
JÁSZ-NAGYKUN-SZOLNOK,01,Szolnok,Varsó,1
JÁSZ-NAGYKUN-SZOLNOK,01,Szolnok,Washington,4
JÁSZ-NAGYKUN-SZOLNOK,01,Szolnok,Wellington,1
JÁSZ-NAGYKUN-SZOLNOK,02,Jászberény,Barcelona,2
JÁSZ-NAGYKUN-SZOLNOK,02,Jászberény,Bécs,4
JÁSZ-NAGYKUN-SZOLNOK,02,Jászberény,Beregszász,2
JÁSZ-NAGYKUN-SZOLNOK,02,Jászberény,Berlin,13
JÁSZ-NAGYKUN-SZOLNOK,02,Jászberény,Bern,20
JÁSZ-NAGYKUN-SZOLNOK,02,Jászberény,Brüsszel,13
JÁSZ-NAGYKUN-SZOLNOK,02,Jászberény,Chicago,2
JÁSZ-NAGYKUN-SZOLNOK,02,Jászberény,Csíkszereda,9
JÁSZ-NAGYKUN-SZOLNOK,02,Jászberény,Dublin,5
JÁSZ-NAGYKUN-SZOLNOK,02,Jászberény,Düsseldorf,9
JÁSZ-NAGYKUN-SZOLNOK,02,Jászberény,Edinburgh,4
JÁSZ-NAGYKUN-SZOLNOK,02,Jászberény,Erbil,1
JÁSZ-NAGYKUN-SZOLNOK,02,Jászberény,Genf,1
JÁSZ-NAGYKUN-SZOLNOK,02,Jászberény,Hága,12
JÁSZ-NAGYKUN-SZOLNOK,02,Jászberény,Helsinki,3
JÁSZ-NAGYKUN-SZOLNOK,02,Jászberény,Houston,1
JÁSZ-NAGYKUN-SZOLNOK,02,Jászberény,Innsbruck,1
JÁSZ-NAGYKUN-SZOLNOK,02,Jászberény,Koppenhága,10
JÁSZ-NAGYKUN-SZOLNOK,02,Jászberény,Lisszabon,4
JÁSZ-NAGYKUN-SZOLNOK,02,Jászberény,London,49
JÁSZ-NAGYKUN-SZOLNOK,02,Jászberény,Los Angeles,1
JÁSZ-NAGYKUN-SZOLNOK,02,Jászberény,Luxembourg,2
JÁSZ-NAGYKUN-SZOLNOK,02,Jászberény,Lyon,1
JÁSZ-NAGYKUN-SZOLNOK,02,Jászberény,Madrid,1
JÁSZ-NAGYKUN-SZOLNOK,02,Jászberény,Malaga,1
JÁSZ-NAGYKUN-SZOLNOK,02,Jászberény,Manchester,11
JÁSZ-NAGYKUN-SZOLNOK,02,Jászberény,Miami,9
JÁSZ-NAGYKUN-SZOLNOK,02,Jászberény,Milánó,4
JÁSZ-NAGYKUN-SZOLNOK,02,Jászberény,München,14
JÁSZ-NAGYKUN-SZOLNOK,02,Jászberény,Nürnberg,5
JÁSZ-NAGYKUN-SZOLNOK,02,Jászberény,Oslo,1
JÁSZ-NAGYKUN-SZOLNOK,02,Jászberény,Ottawa,3
JÁSZ-NAGYKUN-SZOLNOK,02,Jászberény,Párizs,5
JÁSZ-NAGYKUN-SZOLNOK,02,Jászberény,Peking,1
JÁSZ-NAGYKUN-SZOLNOK,02,Jászberény,Prága,6
JÁSZ-NAGYKUN-SZOLNOK,02,Jászberény,Róma,3
JÁSZ-NAGYKUN-SZOLNOK,02,Jászberény,San Francisco,2
JÁSZ-NAGYKUN-SZOLNOK,02,Jászberény,Stockholm,4
JÁSZ-NAGYKUN-SZOLNOK,02,Jászberény,Stuttgart,26
JÁSZ-NAGYKUN-SZOLNOK,02,Jászberény,Szarajevó,3
JÁSZ-NAGYKUN-SZOLNOK,02,Jászberény,Szkopje,1
JÁSZ-NAGYKUN-SZOLNOK,02,Jászberény,Szöul,1
JÁSZ-NAGYKUN-SZOLNOK,02,Jászberény,Tirana,1
JÁSZ-NAGYKUN-SZOLNOK,02,Jászberény,Toronto,1
JÁSZ-NAGYKUN-SZOLNOK,02,Jászberény,Ungvár,1
JÁSZ-NAGYKUN-SZOLNOK,02,Jászberény,Valletta,1
JÁSZ-NAGYKUN-SZOLNOK,02,Jászberény,Vancouver,1
JÁSZ-NAGYKUN-SZOLNOK,02,Jászberény,Washington,2
JÁSZ-NAGYKUN-SZOLNOK,03,Karcag,Abu Dhabi,1
JÁSZ-NAGYKUN-SZOLNOK,03,Karcag,Accra,3
JÁSZ-NAGYKUN-SZOLNOK,03,Karcag,Athén,2
JÁSZ-NAGYKUN-SZOLNOK,03,Karcag,Barcelona,1
JÁSZ-NAGYKUN-SZOLNOK,03,Karcag,Bécs,4
JÁSZ-NAGYKUN-SZOLNOK,03,Karcag,Beregszász,14
JÁSZ-NAGYKUN-SZOLNOK,03,Karcag,Berlin,7
JÁSZ-NAGYKUN-SZOLNOK,03,Karcag,Bern,14
JÁSZ-NAGYKUN-SZOLNOK,03,Karcag,Brüsszel,9
JÁSZ-NAGYKUN-SZOLNOK,03,Karcag,Chicago,2
JÁSZ-NAGYKUN-SZOLNOK,03,Karcag,Csíkszereda,12
JÁSZ-NAGYKUN-SZOLNOK,03,Karcag,Dublin,2
JÁSZ-NAGYKUN-SZOLNOK,03,Karcag,Düsseldorf,8
JÁSZ-NAGYKUN-SZOLNOK,03,Karcag,Edinburgh,3
JÁSZ-NAGYKUN-SZOLNOK,03,Karcag,Erbil,4
JÁSZ-NAGYKUN-SZOLNOK,03,Karcag,Genf,2
JÁSZ-NAGYKUN-SZOLNOK,03,Karcag,Hága,17
JÁSZ-NAGYKUN-SZOLNOK,03,Karcag,Helsinki,3
JÁSZ-NAGYKUN-SZOLNOK,03,Karcag,Innsbruck,2
JÁSZ-NAGYKUN-SZOLNOK,03,Karcag,Kolozsvár,6
JÁSZ-NAGYKUN-SZOLNOK,03,Karcag,Koppenhága,4
JÁSZ-NAGYKUN-SZOLNOK,03,Karcag,Krakkó,3
JÁSZ-NAGYKUN-SZOLNOK,03,Karcag,Lisszabon,1
JÁSZ-NAGYKUN-SZOLNOK,03,Karcag,Ljubljana,1
JÁSZ-NAGYKUN-SZOLNOK,03,Karcag,London,41
JÁSZ-NAGYKUN-SZOLNOK,03,Karcag,Los Angeles,3
JÁSZ-NAGYKUN-SZOLNOK,03,Karcag,Luxembourg,7
JÁSZ-NAGYKUN-SZOLNOK,03,Karcag,Madrid,2
JÁSZ-NAGYKUN-SZOLNOK,03,Karcag,Manchester,9
JÁSZ-NAGYKUN-SZOLNOK,03,Karcag,Melbourne,1
JÁSZ-NAGYKUN-SZOLNOK,03,Karcag,Miami,2
JÁSZ-NAGYKUN-SZOLNOK,03,Karcag,München,24
JÁSZ-NAGYKUN-SZOLNOK,03,Karcag,New York,7
JÁSZ-NAGYKUN-SZOLNOK,03,Karcag,Nicosia,2
JÁSZ-NAGYKUN-SZOLNOK,03,Karcag,Nürnberg,12
JÁSZ-NAGYKUN-SZOLNOK,03,Karcag,Oslo,4
JÁSZ-NAGYKUN-SZOLNOK,03,Karcag,Párizs,8
JÁSZ-NAGYKUN-SZOLNOK,03,Karcag,Pozsony,1
JÁSZ-NAGYKUN-SZOLNOK,03,Karcag,Prága,1
JÁSZ-NAGYKUN-SZOLNOK,03,Karcag,Pristina,2
JÁSZ-NAGYKUN-SZOLNOK,03,Karcag,Riga,2
JÁSZ-NAGYKUN-SZOLNOK,03,Karcag,Róma,3
JÁSZ-NAGYKUN-SZOLNOK,03,Karcag,Stockholm,8
JÁSZ-NAGYKUN-SZOLNOK,03,Karcag,Strasbourg,1
JÁSZ-NAGYKUN-SZOLNOK,03,Karcag,Stuttgart,17
JÁSZ-NAGYKUN-SZOLNOK,03,Karcag,Szingapúr,3
JÁSZ-NAGYKUN-SZOLNOK,03,Karcag,Szkopje,1
JÁSZ-NAGYKUN-SZOLNOK,03,Karcag,Tokió,1
JÁSZ-NAGYKUN-SZOLNOK,03,Karcag,Toronto,2
JÁSZ-NAGYKUN-SZOLNOK,03,Karcag,Ungvár,3
JÁSZ-NAGYKUN-SZOLNOK,03,Karcag,Valletta,3
JÁSZ-NAGYKUN-SZOLNOK,04,Törökszentmiklós,Abu Dhabi,1
JÁSZ-NAGYKUN-SZOLNOK,04,Törökszentmiklós,Abuja,1
JÁSZ-NAGYKUN-SZOLNOK,04,Törökszentmiklós,Amman,1
JÁSZ-NAGYKUN-SZOLNOK,04,Törökszentmiklós,Ankara,1
JÁSZ-NAGYKUN-SZOLNOK,04,Törökszentmiklós,Athén,4
JÁSZ-NAGYKUN-SZOLNOK,04,Törökszentmiklós,Bangkok,1
JÁSZ-NAGYKUN-SZOLNOK,04,Törökszentmiklós,Barcelona,2
JÁSZ-NAGYKUN-SZOLNOK,04,Törökszentmiklós,Bécs,9
JÁSZ-NAGYKUN-SZOLNOK,04,Törökszentmiklós,Beregszász,2
JÁSZ-NAGYKUN-SZOLNOK,04,Törökszentmiklós,Berlin,6
JÁSZ-NAGYKUN-SZOLNOK,04,Törökszentmiklós,Bern,12
JÁSZ-NAGYKUN-SZOLNOK,04,Törökszentmiklós,Brüsszel,6
JÁSZ-NAGYKUN-SZOLNOK,04,Törökszentmiklós,Chicago,3
JÁSZ-NAGYKUN-SZOLNOK,04,Törökszentmiklós,Csíkszereda,4
JÁSZ-NAGYKUN-SZOLNOK,04,Törökszentmiklós,Doha,2
JÁSZ-NAGYKUN-SZOLNOK,04,Törökszentmiklós,Dublin,7
JÁSZ-NAGYKUN-SZOLNOK,04,Törökszentmiklós,Düsseldorf,30
JÁSZ-NAGYKUN-SZOLNOK,04,Törökszentmiklós,Edinburgh,6
JÁSZ-NAGYKUN-SZOLNOK,04,Törökszentmiklós,Erbil,5
JÁSZ-NAGYKUN-SZOLNOK,04,Törökszentmiklós,Genf,2
JÁSZ-NAGYKUN-SZOLNOK,04,Törökszentmiklós,Hága,18
JÁSZ-NAGYKUN-SZOLNOK,04,Törökszentmiklós,Havanna,1
JÁSZ-NAGYKUN-SZOLNOK,04,Törökszentmiklós,Helsinki,2
JÁSZ-NAGYKUN-SZOLNOK,04,Törökszentmiklós,Houston,2
JÁSZ-NAGYKUN-SZOLNOK,04,Törökszentmiklós,Innsbruck,6
JÁSZ-NAGYKUN-SZOLNOK,04,Törökszentmiklós,Kassa,1
JÁSZ-NAGYKUN-SZOLNOK,04,Törökszentmiklós,Kolozsvár,1
JÁSZ-NAGYKUN-SZOLNOK,04,Törökszentmiklós,Koppenhága,3
JÁSZ-NAGYKUN-SZOLNOK,04,Törökszentmiklós,Lisszabon,1
JÁSZ-NAGYKUN-SZOLNOK,04,Törökszentmiklós,London,47
JÁSZ-NAGYKUN-SZOLNOK,04,Törökszentmiklós,Los Angeles,1
JÁSZ-NAGYKUN-SZOLNOK,04,Törökszentmiklós,Madrid,3
JÁSZ-NAGYKUN-SZOLNOK,04,Törökszentmiklós,Malaga,1
JÁSZ-NAGYKUN-SZOLNOK,04,Törökszentmiklós,Manchester,19
JÁSZ-NAGYKUN-SZOLNOK,04,Törökszentmiklós,Miami,1
JÁSZ-NAGYKUN-SZOLNOK,04,Törökszentmiklós,Milánó,2
JÁSZ-NAGYKUN-SZOLNOK,04,Törökszentmiklós,Moszkva,1
JÁSZ-NAGYKUN-SZOLNOK,04,Törökszentmiklós,Mumbai,1
JÁSZ-NAGYKUN-SZOLNOK,04,Törökszentmiklós,München,21
JÁSZ-NAGYKUN-SZOLNOK,04,Törökszentmiklós,New York,5
JÁSZ-NAGYKUN-SZOLNOK,04,Törökszentmiklós,Nicosia,1
JÁSZ-NAGYKUN-SZOLNOK,04,Törökszentmiklós,Nürnberg,13
JÁSZ-NAGYKUN-SZOLNOK,04,Törökszentmiklós,Oslo,4
JÁSZ-NAGYKUN-SZOLNOK,04,Törökszentmiklós,Párizs,4
JÁSZ-NAGYKUN-SZOLNOK,04,Törökszentmiklós,Prága,4
JÁSZ-NAGYKUN-SZOLNOK,04,Törökszentmiklós,Pristina,2
JÁSZ-NAGYKUN-SZOLNOK,04,Törökszentmiklós,Róma,1
JÁSZ-NAGYKUN-SZOLNOK,04,Törökszentmiklós,Stockholm,8
JÁSZ-NAGYKUN-SZOLNOK,04,Törökszentmiklós,Strasbourg,2
JÁSZ-NAGYKUN-SZOLNOK,04,Törökszentmiklós,Stuttgart,28
JÁSZ-NAGYKUN-SZOLNOK,04,Törökszentmiklós,Szabadka,3
JÁSZ-NAGYKUN-SZOLNOK,04,Törökszentmiklós,Szingapúr,1
JÁSZ-NAGYKUN-SZOLNOK,04,Törökszentmiklós,Szöul,1
JÁSZ-NAGYKUN-SZOLNOK,04,Törökszentmiklós,Tel-Aviv,1
JÁSZ-NAGYKUN-SZOLNOK,04,Törökszentmiklós,Tokió,1
JÁSZ-NAGYKUN-SZOLNOK,04,Törökszentmiklós,Toronto,2
JÁSZ-NAGYKUN-SZOLNOK,04,Törökszentmiklós,Ungvár,2
JÁSZ-NAGYKUN-SZOLNOK,04,Törökszentmiklós,Valletta,1
JÁSZ-NAGYKUN-SZOLNOK,04,Törökszentmiklós,Varsó,1
KOMÁROM-ESZTERGOM,01,Tatabánya,Abu Dhabi,3
KOMÁROM-ESZTERGOM,01,Tatabánya,Ankara,1
KOMÁROM-ESZTERGOM,01,Tatabánya,Athén,1
KOMÁROM-ESZTERGOM,01,Tatabánya,Barcelona,8
KOMÁROM-ESZTERGOM,01,Tatabánya,Bécs,14
KOMÁROM-ESZTERGOM,01,Tatabánya,Beregszász,1
KOMÁROM-ESZTERGOM,01,Tatabánya,Berlin,17
KOMÁROM-ESZTERGOM,01,Tatabánya,Bern,19
KOMÁROM-ESZTERGOM,01,Tatabánya,Brüsszel,6
KOMÁROM-ESZTERGOM,01,Tatabánya,Chicago,2
KOMÁROM-ESZTERGOM,01,Tatabánya,Csíkszereda,15
KOMÁROM-ESZTERGOM,01,Tatabánya,Dublin,16
KOMÁROM-ESZTERGOM,01,Tatabánya,Düsseldorf,16
KOMÁROM-ESZTERGOM,01,Tatabánya,Edinburgh,13
KOMÁROM-ESZTERGOM,01,Tatabánya,Genf,5
KOMÁROM-ESZTERGOM,01,Tatabánya,Hága,39
KOMÁROM-ESZTERGOM,01,Tatabánya,Havanna,2
KOMÁROM-ESZTERGOM,01,Tatabánya,Helsinki,6
KOMÁROM-ESZTERGOM,01,Tatabánya,Hongkong,1
KOMÁROM-ESZTERGOM,01,Tatabánya,Innsbruck,10
KOMÁROM-ESZTERGOM,01,Tatabánya,Isztambul,2
KOMÁROM-ESZTERGOM,01,Tatabánya,Kolozsvár,3
KOMÁROM-ESZTERGOM,01,Tatabánya,Koppenhága,9
KOMÁROM-ESZTERGOM,01,Tatabánya,Krakkó,5
KOMÁROM-ESZTERGOM,01,Tatabánya,Lisszabon,2
KOMÁROM-ESZTERGOM,01,Tatabánya,London,66
KOMÁROM-ESZTERGOM,01,Tatabánya,Los Angeles,3
KOMÁROM-ESZTERGOM,01,Tatabánya,Luxembourg,9
KOMÁROM-ESZTERGOM,01,Tatabánya,Lyon,1
KOMÁROM-ESZTERGOM,01,Tatabánya,Madrid,4
KOMÁROM-ESZTERGOM,01,Tatabánya,Malaga,3
KOMÁROM-ESZTERGOM,01,Tatabánya,Manchester,10
KOMÁROM-ESZTERGOM,01,Tatabánya,Melbourne,1
KOMÁROM-ESZTERGOM,01,Tatabánya,Mexikóváros,1
KOMÁROM-ESZTERGOM,01,Tatabánya,Miami,9
KOMÁROM-ESZTERGOM,01,Tatabánya,Milánó,7
KOMÁROM-ESZTERGOM,01,Tatabánya,Moszkva,2
KOMÁROM-ESZTERGOM,01,Tatabánya,München,59
KOMÁROM-ESZTERGOM,01,Tatabánya,New York,7
KOMÁROM-ESZTERGOM,01,Tatabánya,Nicosia,1
KOMÁROM-ESZTERGOM,01,Tatabánya,Nürnberg,17
KOMÁROM-ESZTERGOM,01,Tatabánya,Oslo,6
KOMÁROM-ESZTERGOM,01,Tatabánya,Panamaváros,1
KOMÁROM-ESZTERGOM,01,Tatabánya,Párizs,6
KOMÁROM-ESZTERGOM,01,Tatabánya,Podgorica,2
KOMÁROM-ESZTERGOM,01,Tatabánya,Prága,3
KOMÁROM-ESZTERGOM,01,Tatabánya,Pristina,3
KOMÁROM-ESZTERGOM,01,Tatabánya,Rabat,2
KOMÁROM-ESZTERGOM,01,Tatabánya,Róma,3
KOMÁROM-ESZTERGOM,01,Tatabánya,Sanghaj,1
KOMÁROM-ESZTERGOM,01,Tatabánya,Stockholm,14
KOMÁROM-ESZTERGOM,01,Tatabánya,Strasbourg,1
KOMÁROM-ESZTERGOM,01,Tatabánya,Stuttgart,55
KOMÁROM-ESZTERGOM,01,Tatabánya,Szabadka,3
KOMÁROM-ESZTERGOM,01,Tatabánya,Szöul,1
KOMÁROM-ESZTERGOM,01,Tatabánya,Tallinn,1
KOMÁROM-ESZTERGOM,01,Tatabánya,Tokió,3
KOMÁROM-ESZTERGOM,01,Tatabánya,Toronto,3
KOMÁROM-ESZTERGOM,01,Tatabánya,Ungvár,2
KOMÁROM-ESZTERGOM,01,Tatabánya,Valletta,2
KOMÁROM-ESZTERGOM,01,Tatabánya,Vancouver,3
KOMÁROM-ESZTERGOM,01,Tatabánya,Varsó,3
KOMÁROM-ESZTERGOM,01,Tatabánya,Washington,6
KOMÁROM-ESZTERGOM,01,Tatabánya,Wroclaw,2
KOMÁROM-ESZTERGOM,02,Esztergom,Abu Dhabi,1
KOMÁROM-ESZTERGOM,02,Esztergom,Amman,2
KOMÁROM-ESZTERGOM,02,Esztergom,Ankara,1
KOMÁROM-ESZTERGOM,02,Esztergom,Athén,3
KOMÁROM-ESZTERGOM,02,Esztergom,Bangkok,1
KOMÁROM-ESZTERGOM,02,Esztergom,Barcelona,9
KOMÁROM-ESZTERGOM,02,Esztergom,Bécs,16
KOMÁROM-ESZTERGOM,02,Esztergom,Beregszász,3
KOMÁROM-ESZTERGOM,02,Esztergom,Berlin,39
KOMÁROM-ESZTERGOM,02,Esztergom,Bern,24
KOMÁROM-ESZTERGOM,02,Esztergom,Brüsszel,21
KOMÁROM-ESZTERGOM,02,Esztergom,Csíkszereda,10
KOMÁROM-ESZTERGOM,02,Esztergom,Dakar,1
KOMÁROM-ESZTERGOM,02,Esztergom,Dublin,10
KOMÁROM-ESZTERGOM,02,Esztergom,Düsseldorf,17
KOMÁROM-ESZTERGOM,02,Esztergom,Edinburgh,6
KOMÁROM-ESZTERGOM,02,Esztergom,Genf,3
KOMÁROM-ESZTERGOM,02,Esztergom,Hága,16
KOMÁROM-ESZTERGOM,02,Esztergom,Helsinki,6
KOMÁROM-ESZTERGOM,02,Esztergom,Houston,2
KOMÁROM-ESZTERGOM,02,Esztergom,Innsbruck,12
KOMÁROM-ESZTERGOM,02,Esztergom,Isztambul,2
KOMÁROM-ESZTERGOM,02,Esztergom,Jakarta,1
KOMÁROM-ESZTERGOM,02,Esztergom,Jekatyerinburg,1
KOMÁROM-ESZTERGOM,02,Esztergom,Kolozsvár,6
KOMÁROM-ESZTERGOM,02,Esztergom,Koppenhága,12
KOMÁROM-ESZTERGOM,02,Esztergom,Krakkó,4
KOMÁROM-ESZTERGOM,02,Esztergom,Lisszabon,1
KOMÁROM-ESZTERGOM,02,Esztergom,Ljubljana,2
KOMÁROM-ESZTERGOM,02,Esztergom,London,68
KOMÁROM-ESZTERGOM,02,Esztergom,Los Angeles,1
KOMÁROM-ESZTERGOM,02,Esztergom,Luxembourg,5
KOMÁROM-ESZTERGOM,02,Esztergom,Lyon,5
KOMÁROM-ESZTERGOM,02,Esztergom,Madrid,6
KOMÁROM-ESZTERGOM,02,Esztergom,Malaga,2
KOMÁROM-ESZTERGOM,02,Esztergom,Manchester,26
KOMÁROM-ESZTERGOM,02,Esztergom,Melbourne,1
KOMÁROM-ESZTERGOM,02,Esztergom,Milánó,1
KOMÁROM-ESZTERGOM,02,Esztergom,München,66
KOMÁROM-ESZTERGOM,02,Esztergom,New York,7
KOMÁROM-ESZTERGOM,02,Esztergom,Nicosia,1
KOMÁROM-ESZTERGOM,02,Esztergom,Nürnberg,16
KOMÁROM-ESZTERGOM,02,Esztergom,Oslo,3
KOMÁROM-ESZTERGOM,02,Esztergom,Párizs,11
KOMÁROM-ESZTERGOM,02,Esztergom,Peking,1
KOMÁROM-ESZTERGOM,02,Esztergom,Pozsony,1
KOMÁROM-ESZTERGOM,02,Esztergom,Prága,6
KOMÁROM-ESZTERGOM,02,Esztergom,Pristina,2
KOMÁROM-ESZTERGOM,02,Esztergom,Róma,3
KOMÁROM-ESZTERGOM,02,Esztergom,San Francisco,4
KOMÁROM-ESZTERGOM,02,Esztergom,Stockholm,16
KOMÁROM-ESZTERGOM,02,Esztergom,Strasbourg,2
KOMÁROM-ESZTERGOM,02,Esztergom,Stuttgart,49
KOMÁROM-ESZTERGOM,02,Esztergom,Sydney,1
KOMÁROM-ESZTERGOM,02,Esztergom,Szabadka,1
KOMÁROM-ESZTERGOM,02,Esztergom,Szingapúr,1
KOMÁROM-ESZTERGOM,02,Esztergom,Tel-Aviv,1
KOMÁROM-ESZTERGOM,02,Esztergom,Tokió,1
KOMÁROM-ESZTERGOM,02,Esztergom,Toronto,5
KOMÁROM-ESZTERGOM,02,Esztergom,Ulánbátor,1
KOMÁROM-ESZTERGOM,02,Esztergom,Ungvár,4
KOMÁROM-ESZTERGOM,02,Esztergom,Valletta,1
KOMÁROM-ESZTERGOM,02,Esztergom,Varsó,1
KOMÁROM-ESZTERGOM,02,Esztergom,Washington,2
KOMÁROM-ESZTERGOM,02,Esztergom,Wellington,1
KOMÁROM-ESZTERGOM,02,Esztergom,Zágráb,1
KOMÁROM-ESZTERGOM,03,Komárom,Abu Dhabi,1
KOMÁROM-ESZTERGOM,03,Komárom,Bangkok,1
KOMÁROM-ESZTERGOM,03,Komárom,Barcelona,3
KOMÁROM-ESZTERGOM,03,Komárom,Bécs,10
KOMÁROM-ESZTERGOM,03,Komárom,Bejrút,1
KOMÁROM-ESZTERGOM,03,Komárom,Beregszász,1
KOMÁROM-ESZTERGOM,03,Komárom,Berlin,12
KOMÁROM-ESZTERGOM,03,Komárom,Bern,12
KOMÁROM-ESZTERGOM,03,Komárom,Brüsszel,7
KOMÁROM-ESZTERGOM,03,Komárom,Chicago,1
KOMÁROM-ESZTERGOM,03,Komárom,Csíkszereda,16
KOMÁROM-ESZTERGOM,03,Komárom,Dublin,9
KOMÁROM-ESZTERGOM,03,Komárom,Düsseldorf,11
KOMÁROM-ESZTERGOM,03,Komárom,Edinburgh,4
KOMÁROM-ESZTERGOM,03,Komárom,Eszék,1
KOMÁROM-ESZTERGOM,03,Komárom,Genf,4
KOMÁROM-ESZTERGOM,03,Komárom,Hága,21
KOMÁROM-ESZTERGOM,03,Komárom,Helsinki,5
KOMÁROM-ESZTERGOM,03,Komárom,Houston,3
KOMÁROM-ESZTERGOM,03,Komárom,Iszlámábád,1
KOMÁROM-ESZTERGOM,03,Komárom,Isztambul,2
KOMÁROM-ESZTERGOM,03,Komárom,Kassa,1
KOMÁROM-ESZTERGOM,03,Komárom,Kolozsvár,5
KOMÁROM-ESZTERGOM,03,Komárom,Koppenhága,12
KOMÁROM-ESZTERGOM,03,Komárom,Krakkó,3
KOMÁROM-ESZTERGOM,03,Komárom,Lisszabon,2
KOMÁROM-ESZTERGOM,03,Komárom,London,41
KOMÁROM-ESZTERGOM,03,Komárom,Los Angeles,2
KOMÁROM-ESZTERGOM,03,Komárom,Luxembourg,7
KOMÁROM-ESZTERGOM,03,Komárom,Madrid,4
KOMÁROM-ESZTERGOM,03,Komárom,Manchester,9
KOMÁROM-ESZTERGOM,03,Komárom,Melbourne,1
KOMÁROM-ESZTERGOM,03,Komárom,Milánó,3
KOMÁROM-ESZTERGOM,03,Komárom,Moszkva,1
KOMÁROM-ESZTERGOM,03,Komárom,München,45
KOMÁROM-ESZTERGOM,03,Komárom,Nürnberg,7
KOMÁROM-ESZTERGOM,03,Komárom,Oslo,3
KOMÁROM-ESZTERGOM,03,Komárom,Párizs,4
KOMÁROM-ESZTERGOM,03,Komárom,Podgorica,1
KOMÁROM-ESZTERGOM,03,Komárom,Pozsony,2
KOMÁROM-ESZTERGOM,03,Komárom,Prága,2
KOMÁROM-ESZTERGOM,03,Komárom,Pristina,2
KOMÁROM-ESZTERGOM,03,Komárom,Róma,4
KOMÁROM-ESZTERGOM,03,Komárom,San Francisco,1
KOMÁROM-ESZTERGOM,03,Komárom,Stockholm,7
KOMÁROM-ESZTERGOM,03,Komárom,Strasbourg,2
KOMÁROM-ESZTERGOM,03,Komárom,Stuttgart,28
KOMÁROM-ESZTERGOM,03,Komárom,Szabadka,2
KOMÁROM-ESZTERGOM,03,Komárom,Szöul,1
KOMÁROM-ESZTERGOM,03,Komárom,Tallinn,2
KOMÁROM-ESZTERGOM,03,Komárom,Tel-Aviv,1
KOMÁROM-ESZTERGOM,03,Komárom,Toronto,1
KOMÁROM-ESZTERGOM,03,Komárom,Ulánbátor,1
KOMÁROM-ESZTERGOM,03,Komárom,Ungvár,3
KOMÁROM-ESZTERGOM,03,Komárom,Valletta,1
KOMÁROM-ESZTERGOM,03,Komárom,Vancouver,2
KOMÁROM-ESZTERGOM,03,Komárom,Varsó,2
KOMÁROM-ESZTERGOM,03,Komárom,Wellington,1
NÓGRÁD,01,Salgótarján,Abu Dhabi,3
NÓGRÁD,01,Salgótarján,Bangkok,1
NÓGRÁD,01,Salgótarján,Barcelona,10
NÓGRÁD,01,Salgótarján,Bécs,12
NÓGRÁD,01,Salgótarján,Beregszász,2
NÓGRÁD,01,Salgótarján,Berlin,11
NÓGRÁD,01,Salgótarján,Bern,18
NÓGRÁD,01,Salgótarján,Bogota,2
NÓGRÁD,01,Salgótarján,Brüsszel,18
NÓGRÁD,01,Salgótarján,Chicago,1
NÓGRÁD,01,Salgótarján,Csíkszereda,2
NÓGRÁD,01,Salgótarján,Dublin,6
NÓGRÁD,01,Salgótarján,Düsseldorf,18
NÓGRÁD,01,Salgótarján,Edinburgh,8
NÓGRÁD,01,Salgótarján,Hága,21
NÓGRÁD,01,Salgótarján,Helsinki,4
NÓGRÁD,01,Salgótarján,Hongkong,1
NÓGRÁD,01,Salgótarján,Innsbruck,6
NÓGRÁD,01,Salgótarján,Isztambul,1
NÓGRÁD,01,Salgótarján,Kolozsvár,3
NÓGRÁD,01,Salgótarján,Koppenhága,13
NÓGRÁD,01,Salgótarján,Lisszabon,2
NÓGRÁD,01,Salgótarján,London,55
NÓGRÁD,01,Salgótarján,Luxembourg,2
NÓGRÁD,01,Salgótarján,Lyon,3
NÓGRÁD,01,Salgótarján,Madrid,2
NÓGRÁD,01,Salgótarján,Malaga,4
NÓGRÁD,01,Salgótarján,Manchester,9
NÓGRÁD,01,Salgótarján,Mexikóváros,1
NÓGRÁD,01,Salgótarján,Milánó,2
NÓGRÁD,01,Salgótarján,München,56
NÓGRÁD,01,Salgótarján,Nairobi,1
NÓGRÁD,01,Salgótarján,New York,4
NÓGRÁD,01,Salgótarján,Nürnberg,15
NÓGRÁD,01,Salgótarján,Oslo,6
NÓGRÁD,01,Salgótarján,Panamaváros,1
NÓGRÁD,01,Salgótarján,Párizs,11
NÓGRÁD,01,Salgótarján,Peking,2
NÓGRÁD,01,Salgótarján,Prága,1
NÓGRÁD,01,Salgótarján,Pretoria,1
NÓGRÁD,01,Salgótarján,Pristina,3
NÓGRÁD,01,Salgótarján,Rijád,1
NÓGRÁD,01,Salgótarján,San Francisco,2
NÓGRÁD,01,Salgótarján,Stockholm,7
NÓGRÁD,01,Salgótarján,Strasbourg,4
NÓGRÁD,01,Salgótarján,Stuttgart,34
NÓGRÁD,01,Salgótarján,Sydney,1
NÓGRÁD,01,Salgótarján,Szabadka,1
NÓGRÁD,01,Salgótarján,Szarajevó,1
NÓGRÁD,01,Salgótarján,Tallinn,1
NÓGRÁD,01,Salgótarján,Toronto,6
NÓGRÁD,01,Salgótarján,Ungvár,1
NÓGRÁD,01,Salgótarján,Valletta,5
NÓGRÁD,01,Salgótarján,Vancouver,2
NÓGRÁD,01,Salgótarján,Varsó,1
NÓGRÁD,01,Salgótarján,Vilnius,1
NÓGRÁD,01,Salgótarján,Zágráb,1
NÓGRÁD,02,Balassagyarmat,Bangkok,1
NÓGRÁD,02,Balassagyarmat,Barcelona,5
NÓGRÁD,02,Balassagyarmat,Bécs,13
NÓGRÁD,02,Balassagyarmat,Beregszász,4
NÓGRÁD,02,Balassagyarmat,Berlin,16
NÓGRÁD,02,Balassagyarmat,Bern,20
NÓGRÁD,02,Balassagyarmat,Brazíliaváros,1
NÓGRÁD,02,Balassagyarmat,Brüsszel,15
NÓGRÁD,02,Balassagyarmat,Csíkszereda,11
NÓGRÁD,02,Balassagyarmat,Dublin,7
NÓGRÁD,02,Balassagyarmat,Düsseldorf,28
NÓGRÁD,02,Balassagyarmat,Edinburgh,12
NÓGRÁD,02,Balassagyarmat,Hága,25
NÓGRÁD,02,Balassagyarmat,Helsinki,5
NÓGRÁD,02,Balassagyarmat,Houston,2
NÓGRÁD,02,Balassagyarmat,Innsbruck,3
NÓGRÁD,02,Balassagyarmat,Kolozsvár,3
NÓGRÁD,02,Balassagyarmat,Koppenhága,5
NÓGRÁD,02,Balassagyarmat,Krakkó,6
NÓGRÁD,02,Balassagyarmat,Lisszabon,1
NÓGRÁD,02,Balassagyarmat,London,44
NÓGRÁD,02,Balassagyarmat,Luxembourg,6
NÓGRÁD,02,Balassagyarmat,Madrid,1
NÓGRÁD,02,Balassagyarmat,Malaga,8
NÓGRÁD,02,Balassagyarmat,Manchester,8
NÓGRÁD,02,Balassagyarmat,Miami,1
NÓGRÁD,02,Balassagyarmat,Milánó,1
NÓGRÁD,02,Balassagyarmat,Montreal,1
NÓGRÁD,02,Balassagyarmat,München,41
NÓGRÁD,02,Balassagyarmat,New York,4
NÓGRÁD,02,Balassagyarmat,Nürnberg,12
NÓGRÁD,02,Balassagyarmat,Oslo,2
NÓGRÁD,02,Balassagyarmat,Ottawa,1
NÓGRÁD,02,Balassagyarmat,Párizs,7
NÓGRÁD,02,Balassagyarmat,Peking,1
NÓGRÁD,02,Balassagyarmat,Phnom Penh,1
NÓGRÁD,02,Balassagyarmat,Prága,3
NÓGRÁD,02,Balassagyarmat,Róma,5
NÓGRÁD,02,Balassagyarmat,San Francisco,3
NÓGRÁD,02,Balassagyarmat,Stockholm,7
NÓGRÁD,02,Balassagyarmat,Strasbourg,4
NÓGRÁD,02,Balassagyarmat,Stuttgart,26
NÓGRÁD,02,Balassagyarmat,Szarajevó,2
NÓGRÁD,02,Balassagyarmat,Szingapúr,2
NÓGRÁD,02,Balassagyarmat,Tel-Aviv,3
NÓGRÁD,02,Balassagyarmat,Tokió,2
NÓGRÁD,02,Balassagyarmat,Toronto,1
NÓGRÁD,02,Balassagyarmat,Valletta,2
NÓGRÁD,02,Balassagyarmat,Vancouver,1
NÓGRÁD,02,Balassagyarmat,Washington,2
NÓGRÁD,02,Balassagyarmat,Wroclaw,1
NÓGRÁD,02,Balassagyarmat,Zágráb,2
PEST,01,Érd,Abu Dhabi,5
PEST,01,Érd,Athén,4
PEST,01,Érd,Baku,2
PEST,01,Érd,Bangkok,2
PEST,01,Érd,Barcelona,19
PEST,01,Érd,Bécs,26
PEST,01,Érd,Beregszász,9
PEST,01,Érd,Berlin,37
PEST,01,Érd,Bern,30
PEST,01,Érd,Besztercebánya,1
PEST,01,Érd,Biskek,2
PEST,01,Érd,Brüsszel,29
PEST,01,Érd,Canberra,1
PEST,01,Érd,Chicago,4
PEST,01,Érd,Csíkszereda,64
PEST,01,Érd,Doha,1
PEST,01,Érd,Dublin,17
PEST,01,Érd,Düsseldorf,23
PEST,01,Érd,Edinburgh,21
PEST,01,Érd,Erbil,1
PEST,01,Érd,Genf,5
PEST,01,Érd,Hága,54
PEST,01,Érd,Havanna,1
PEST,01,Érd,Helsinki,8
PEST,01,Érd,Houston,13
PEST,01,Érd,Innsbruck,6
PEST,01,Érd,Isztambul,3
PEST,01,Érd,Kairó,4
PEST,01,Érd,Kolozsvár,23
PEST,01,Érd,Koppenhága,35
PEST,01,Érd,Krakkó,4
PEST,01,Érd,Lisszabon,9
PEST,01,Érd,Ljubljana,1
PEST,01,Érd,London,108
PEST,01,Érd,Los Angeles,4
PEST,01,Érd,Luxembourg,21
PEST,01,Érd,Lyon,3
PEST,01,Érd,Madrid,11
PEST,01,Érd,Malaga,4
PEST,01,Érd,Manchester,20
PEST,01,Érd,Manila,2
PEST,01,Érd,Maszkat,2
PEST,01,Érd,Melbourne,3
PEST,01,Érd,Mexikóváros,2
PEST,01,Érd,Miami,9
PEST,01,Érd,Milánó,6
PEST,01,Érd,Minszk,2
PEST,01,Érd,Montreal,3
PEST,01,Érd,Moszkva,2
PEST,01,Érd,München,36
PEST,01,Érd,New York,13
PEST,01,Érd,Nicosia,3
PEST,01,Érd,Nur-Szultán,2
PEST,01,Érd,Nürnberg,15
PEST,01,Érd,Oslo,10
PEST,01,Érd,Ottawa,1
PEST,01,Érd,Panamaváros,2
PEST,01,Érd,Párizs,21
PEST,01,Érd,Prága,15
PEST,01,Érd,Rijád,1
PEST,01,Érd,Róma,10
PEST,01,Érd,San Francisco,1
PEST,01,Érd,Sanghaj,1
PEST,01,Érd,Stockholm,16
PEST,01,Érd,Strasbourg,7
PEST,01,Érd,Stuttgart,70
PEST,01,Érd,Sydney,1
PEST,01,Érd,Szabadka,14
PEST,01,Érd,Szarajevó,2
PEST,01,Érd,Szingapúr,2
PEST,01,Érd,Szófia,4
PEST,01,Érd,Szöul,2
PEST,01,Érd,Tbiliszi,2
PEST,01,Érd,Tel-Aviv,2
PEST,01,Érd,Tokió,5
PEST,01,Érd,Toronto,7
PEST,01,Érd,Tunisz,3
PEST,01,Érd,Ungvár,4
PEST,01,Érd,Valletta,14
PEST,01,Érd,Vancouver,1
PEST,01,Érd,Varsó,2
PEST,01,Érd,Washington,6
PEST,01,Érd,Wroclaw,2
PEST,01,Érd,Zágráb,8
PEST,02,Budakeszi,Abu Dhabi,13
PEST,02,Budakeszi,Accra,2
PEST,02,Budakeszi,Almati,3
PEST,02,Budakeszi,Amman,2
PEST,02,Budakeszi,Ankara,1
PEST,02,Budakeszi,Athén,12
PEST,02,Budakeszi,Baku,1
PEST,02,Budakeszi,Bangkok,3
PEST,02,Budakeszi,Barcelona,33
PEST,02,Budakeszi,Bécs,62
PEST,02,Budakeszi,Bejrút,2
PEST,02,Budakeszi,Belgrád,2
PEST,02,Budakeszi,Beregszász,13
PEST,02,Budakeszi,Berlin,73
PEST,02,Budakeszi,Bern,63
PEST,02,Budakeszi,Brüsszel,63
PEST,02,Budakeszi,Buenos Aires,1
PEST,02,Budakeszi,Bukarest,4
PEST,02,Budakeszi,Canberra,3
PEST,02,Budakeszi,Chicago,5
PEST,02,Budakeszi,Chisinau,1
PEST,02,Budakeszi,Csíkszereda,72
PEST,02,Budakeszi,Dakka,1
PEST,02,Budakeszi,Doha,4
PEST,02,Budakeszi,Dublin,33
PEST,02,Budakeszi,Düsseldorf,37
PEST,02,Budakeszi,Edinburgh,28
PEST,02,Budakeszi,Erbil,1
PEST,02,Budakeszi,Gdansk,2
PEST,02,Budakeszi,Genf,18
PEST,02,Budakeszi,Hága,104
PEST,02,Budakeszi,Hanoi,1
PEST,02,Budakeszi,Helsinki,21
PEST,02,Budakeszi,Hongkong,2
PEST,02,Budakeszi,Houston,6
PEST,02,Budakeszi,Innsbruck,12
PEST,02,Budakeszi,Isztambul,2
PEST,02,Budakeszi,Jakarta,3
PEST,02,Budakeszi,Jekatyerinburg,2
PEST,02,Budakeszi,Kairó,1
PEST,02,Budakeszi,Kassa,1
PEST,02,Budakeszi,Kolozsvár,25
PEST,02,Budakeszi,Koppenhága,51
PEST,02,Budakeszi,Krakkó,5
PEST,02,Budakeszi,Kuvait,4
PEST,02,Budakeszi,Lima,2
PEST,02,Budakeszi,Lisszabon,18
PEST,02,Budakeszi,Ljubljana,1
PEST,02,Budakeszi,London,191
PEST,02,Budakeszi,Los Angeles,14
PEST,02,Budakeszi,Luxembourg,9
PEST,02,Budakeszi,Lyon,13
PEST,02,Budakeszi,Madrid,13
PEST,02,Budakeszi,Malaga,17
PEST,02,Budakeszi,Manchester,25
PEST,02,Budakeszi,Melbourne,3
PEST,02,Budakeszi,Mexikóváros,3
PEST,02,Budakeszi,Miami,6
PEST,02,Budakeszi,Milánó,17
PEST,02,Budakeszi,Montreal,4
PEST,02,Budakeszi,Moszkva,4
PEST,02,Budakeszi,München,83
PEST,02,Budakeszi,New York,17
PEST,02,Budakeszi,Nicosia,4
PEST,02,Budakeszi,Nürnberg,28
PEST,02,Budakeszi,Oslo,16
PEST,02,Budakeszi,Ottawa,2
PEST,02,Budakeszi,Panamaváros,1
PEST,02,Budakeszi,Párizs,43
PEST,02,Budakeszi,Peking,3
PEST,02,Budakeszi,Podgorica,1
PEST,02,Budakeszi,Pozsony,1
PEST,02,Budakeszi,Prága,11
PEST,02,Budakeszi,Pretoria,1
PEST,02,Budakeszi,Pristina,1
PEST,02,Budakeszi,Rabat,2
PEST,02,Budakeszi,Riga,1
PEST,02,Budakeszi,Róma,22
PEST,02,Budakeszi,San Francisco,13
PEST,02,Budakeszi,Sanghaj,1
PEST,02,Budakeszi,Santiago de Chile,1
PEST,02,Budakeszi,Stockholm,26
PEST,02,Budakeszi,Strasbourg,4
PEST,02,Budakeszi,Stuttgart,85
PEST,02,Budakeszi,Sydney,5
PEST,02,Budakeszi,Szabadka,9
PEST,02,Budakeszi,Szarajevó,3
PEST,02,Budakeszi,Szingapúr,8
PEST,02,Budakeszi,Szkopje,2
PEST,02,Budakeszi,Szófia,3
PEST,02,Budakeszi,Szöul,3
PEST,02,Budakeszi,Tallinn,8
PEST,02,Budakeszi,Tel-Aviv,10
PEST,02,Budakeszi,Tokió,9
PEST,02,Budakeszi,Toronto,7
PEST,02,Budakeszi,Tunisz,1
PEST,02,Budakeszi,Újdelhi,2
PEST,02,Budakeszi,Ungvár,3
PEST,02,Budakeszi,Valletta,17
PEST,02,Budakeszi,Vancouver,5
PEST,02,Budakeszi,Varsó,12
PEST,02,Budakeszi,Vilnius,4
PEST,02,Budakeszi,Washington,8
PEST,02,Budakeszi,Wellington,1
PEST,02,Budakeszi,Zágráb,1
PEST,03,Szentendre,Abu Dhabi,14
PEST,03,Szentendre,Accra,1
PEST,03,Szentendre,Addisz-Abeba,3
PEST,03,Szentendre,Algír,1
PEST,03,Szentendre,Amman,3
PEST,03,Szentendre,Athén,8
PEST,03,Szentendre,Bangkok,1
PEST,03,Szentendre,Barcelona,15
PEST,03,Szentendre,Bécs,50
PEST,03,Szentendre,Belgrád,6
PEST,03,Szentendre,Beregszász,6
PEST,03,Szentendre,Berlin,97
PEST,03,Szentendre,Bern,56
PEST,03,Szentendre,Brüsszel,54
PEST,03,Szentendre,Buenos Aires,5
PEST,03,Szentendre,Bukarest,2
PEST,03,Szentendre,Canberra,3
PEST,03,Szentendre,Chicago,5
PEST,03,Szentendre,Csíkszereda,34
PEST,03,Szentendre,Doha,3
PEST,03,Szentendre,Dublin,29
PEST,03,Szentendre,Düsseldorf,24
PEST,03,Szentendre,Edinburgh,20
PEST,03,Szentendre,Erbil,1
PEST,03,Szentendre,Eszék,1
PEST,03,Szentendre,Gdansk,2
PEST,03,Szentendre,Genf,14
PEST,03,Szentendre,Hága,79
PEST,03,Szentendre,Havanna,1
PEST,03,Szentendre,Helsinki,23
PEST,03,Szentendre,Ho Si Minh-város,2
PEST,03,Szentendre,Houston,4
PEST,03,Szentendre,Innsbruck,13
PEST,03,Szentendre,Iszlámábád,3
PEST,03,Szentendre,Isztambul,6
PEST,03,Szentendre,Kampala,1
PEST,03,Szentendre,Kazan,2
PEST,03,Szentendre,Kolozsvár,12
PEST,03,Szentendre,Koppenhága,44
PEST,03,Szentendre,Krakkó,3
PEST,03,Szentendre,Kuala Lumpur,2
PEST,03,Szentendre,Lima,2
PEST,03,Szentendre,Lisszabon,19
PEST,03,Szentendre,Ljubljana,9
PEST,03,Szentendre,London,149
PEST,03,Szentendre,Los Angeles,4
PEST,03,Szentendre,Luanda,1
PEST,03,Szentendre,Luxembourg,17
PEST,03,Szentendre,Lyon,4
PEST,03,Szentendre,Madrid,14
PEST,03,Szentendre,Malaga,16
PEST,03,Szentendre,Manchester,20
PEST,03,Szentendre,Manila,2
PEST,03,Szentendre,Maszkat,1
PEST,03,Szentendre,Melbourne,4
PEST,03,Szentendre,Mexikóváros,3
PEST,03,Szentendre,Miami,3
PEST,03,Szentendre,Milánó,16
PEST,03,Szentendre,Minszk,1
PEST,03,Szentendre,Montreal,4
PEST,03,Szentendre,Moszkva,5
PEST,03,Szentendre,München,70
PEST,03,Szentendre,Nairobi,3
PEST,03,Szentendre,New York,22
PEST,03,Szentendre,Nicosia,1
PEST,03,Szentendre,Nürnberg,26
PEST,03,Szentendre,Oslo,13
PEST,03,Szentendre,Ottawa,5
PEST,03,Szentendre,Párizs,47
PEST,03,Szentendre,Peking,3
PEST,03,Szentendre,Podgorica,2
PEST,03,Szentendre,Pozsony,2
PEST,03,Szentendre,Prága,11
PEST,03,Szentendre,Pristina,6
PEST,03,Szentendre,Rabat,1
PEST,03,Szentendre,Riga,3
PEST,03,Szentendre,Rijád,2
PEST,03,Szentendre,Róma,16
PEST,03,Szentendre,San Francisco,14
PEST,03,Szentendre,Sanghaj,1
PEST,03,Szentendre,Santiago de Chile,1
PEST,03,Szentendre,Stockholm,34
PEST,03,Szentendre,Strasbourg,10
PEST,03,Szentendre,Stuttgart,68
PEST,03,Szentendre,Sydney,3
PEST,03,Szentendre,Szabadka,13
PEST,03,Szentendre,Szarajevó,1
PEST,03,Szentendre,Szingapúr,2
PEST,03,Szentendre,Szkopje,1
PEST,03,Szentendre,Szófia,2
PEST,03,Szentendre,Szöul,1
PEST,03,Szentendre,Tallinn,2
PEST,03,Szentendre,Tel-Aviv,8
PEST,03,Szentendre,Tokió,4
PEST,03,Szentendre,Toronto,3
PEST,03,Szentendre,Tunisz,2
PEST,03,Szentendre,Újdelhi,1
PEST,03,Szentendre,Ulánbátor,1
PEST,03,Szentendre,Ungvár,7
PEST,03,Szentendre,Valletta,8
PEST,03,Szentendre,Vancouver,3
PEST,03,Szentendre,Varsó,8
PEST,03,Szentendre,Vilnius,1
PEST,03,Szentendre,Washington,13
PEST,03,Szentendre,Wellington,2
PEST,03,Szentendre,Zágráb,4
PEST,04,Vác,Abu Dhabi,4
PEST,04,Vác,Abuja,1
PEST,04,Vác,Athén,4
PEST,04,Vác,Barcelona,13
PEST,04,Vác,Bécs,19
PEST,04,Vác,Bejrút,2
PEST,04,Vác,Belgrád,1
PEST,04,Vác,Beregszász,5
PEST,04,Vác,Berlin,15
PEST,04,Vác,Bern,10
PEST,04,Vác,Brüsszel,13
PEST,04,Vác,Bukarest,1
PEST,04,Vác,Chicago,2
PEST,04,Vác,Csíkszereda,13
PEST,04,Vác,Doha,2
PEST,04,Vác,Dublin,12
PEST,04,Vác,Düsseldorf,24
PEST,04,Vác,Edinburgh,8
PEST,04,Vác,Erbil,1
PEST,04,Vác,Genf,6
PEST,04,Vác,Hága,33
PEST,04,Vác,Helsinki,9
PEST,04,Vác,Ho Si Minh-város,1
PEST,04,Vác,Houston,3
PEST,04,Vác,Innsbruck,11
PEST,04,Vác,Iszlámábád,2
PEST,04,Vác,Kolozsvár,3
PEST,04,Vác,Koppenhága,17
PEST,04,Vác,Krakkó,5
PEST,04,Vác,Kuvait,1
PEST,04,Vác,Lisszabon,5
PEST,04,Vác,London,65
PEST,04,Vác,Los Angeles,3
PEST,04,Vác,Luanda,2
PEST,04,Vác,Luxembourg,3
PEST,04,Vác,Lyon,2
PEST,04,Vác,Madrid,1
PEST,04,Vác,Malaga,5
PEST,04,Vác,Manchester,13
PEST,04,Vác,Manila,1
PEST,04,Vác,Milánó,7
PEST,04,Vác,Montreal,2
PEST,04,Vác,Moszkva,1
PEST,04,Vác,München,64
PEST,04,Vác,New York,3
PEST,04,Vác,Nicosia,2
PEST,04,Vác,Nürnberg,13
PEST,04,Vác,Oslo,14
PEST,04,Vác,Párizs,7
PEST,04,Vác,Podgorica,1
PEST,04,Vác,Prága,6
PEST,04,Vác,Pretoria,1
PEST,04,Vác,Pristina,1
PEST,04,Vác,Róma,9
PEST,04,Vác,Santiago de Chile,1
PEST,04,Vác,Stockholm,8
PEST,04,Vác,Stuttgart,29
PEST,04,Vác,Sydney,4
PEST,04,Vác,Szarajevó,1
PEST,04,Vác,Szingapúr,2
PEST,04,Vác,Szöul,2
PEST,04,Vác,Teherán,2
PEST,04,Vác,Tel-Aviv,1
PEST,04,Vác,Toronto,4
PEST,04,Vác,Tunisz,2
PEST,04,Vác,Ungvár,1
PEST,04,Vác,Valletta,4
PEST,04,Vác,Vancouver,3
PEST,04,Vác,Varsó,2
PEST,04,Vác,Washington,8
PEST,04,Vác,Wellington,1
PEST,04,Vác,Wroclaw,3
PEST,05,Dunakeszi,Abu Dhabi,2
PEST,05,Dunakeszi,Accra,2
PEST,05,Dunakeszi,Addisz-Abeba,1
PEST,05,Dunakeszi,Algír,1
PEST,05,Dunakeszi,Almati,3
PEST,05,Dunakeszi,Ankara,3
PEST,05,Dunakeszi,Athén,4
PEST,05,Dunakeszi,Barcelona,14
PEST,05,Dunakeszi,Bécs,25
PEST,05,Dunakeszi,Belgrád,4
PEST,05,Dunakeszi,Beregszász,4
PEST,05,Dunakeszi,Berlin,27
PEST,05,Dunakeszi,Bern,55
PEST,05,Dunakeszi,Brüsszel,23
PEST,05,Dunakeszi,Buenos Aires,1
PEST,05,Dunakeszi,Bukarest,6
PEST,05,Dunakeszi,Canberra,1
PEST,05,Dunakeszi,Csíkszereda,45
PEST,05,Dunakeszi,Doha,3
PEST,05,Dunakeszi,Dublin,18
PEST,05,Dunakeszi,Düsseldorf,40
PEST,05,Dunakeszi,Edinburgh,34
PEST,05,Dunakeszi,Erbil,1
PEST,05,Dunakeszi,Gdansk,3
PEST,05,Dunakeszi,Genf,2
PEST,05,Dunakeszi,Hága,67
PEST,05,Dunakeszi,Hanoi,1
PEST,05,Dunakeszi,Helsinki,8
PEST,05,Dunakeszi,Ho Si Minh-város,1
PEST,05,Dunakeszi,Houston,3
PEST,05,Dunakeszi,Innsbruck,5
PEST,05,Dunakeszi,Isztambul,3
PEST,05,Dunakeszi,Kassa,2
PEST,05,Dunakeszi,Kolozsvár,13
PEST,05,Dunakeszi,Koppenhága,47
PEST,05,Dunakeszi,Krakkó,6
PEST,05,Dunakeszi,Kuala Lumpur,3
PEST,05,Dunakeszi,Lima,2
PEST,05,Dunakeszi,Lisszabon,8
PEST,05,Dunakeszi,Ljubljana,7
PEST,05,Dunakeszi,London,125
PEST,05,Dunakeszi,Los Angeles,2
PEST,05,Dunakeszi,Luxembourg,20
PEST,05,Dunakeszi,Lyon,11
PEST,05,Dunakeszi,Madrid,7
PEST,05,Dunakeszi,Malaga,13
PEST,05,Dunakeszi,Manchester,21
PEST,05,Dunakeszi,Melbourne,8
PEST,05,Dunakeszi,Mexikóváros,1
PEST,05,Dunakeszi,Miami,9
PEST,05,Dunakeszi,Milánó,15
PEST,05,Dunakeszi,Minszk,1
PEST,05,Dunakeszi,Montreal,1
PEST,05,Dunakeszi,Moszkva,7
PEST,05,Dunakeszi,München,57
PEST,05,Dunakeszi,Nairobi,2
PEST,05,Dunakeszi,New York,13
PEST,05,Dunakeszi,Nürnberg,27
PEST,05,Dunakeszi,Oslo,5
PEST,05,Dunakeszi,Párizs,18
PEST,05,Dunakeszi,Peking,1
PEST,05,Dunakeszi,Pozsony,3
PEST,05,Dunakeszi,Prága,9
PEST,05,Dunakeszi,Pretoria,1
PEST,05,Dunakeszi,Pristina,2
PEST,05,Dunakeszi,Ramallah,1
PEST,05,Dunakeszi,Riga,1
PEST,05,Dunakeszi,Rijád,1
PEST,05,Dunakeszi,Róma,8
PEST,05,Dunakeszi,San Francisco,5
PEST,05,Dunakeszi,Sanghaj,2
PEST,05,Dunakeszi,Sao Paulo,1
PEST,05,Dunakeszi,Stockholm,18
PEST,05,Dunakeszi,Strasbourg,1
PEST,05,Dunakeszi,Stuttgart,47
PEST,05,Dunakeszi,Sydney,3
PEST,05,Dunakeszi,Szabadka,8
PEST,05,Dunakeszi,Szentpétervár,2
PEST,05,Dunakeszi,Szingapúr,3
PEST,05,Dunakeszi,Szkopje,1
PEST,05,Dunakeszi,Szófia,5
PEST,05,Dunakeszi,Tallinn,3
PEST,05,Dunakeszi,Tel-Aviv,2
PEST,05,Dunakeszi,Tokió,6
PEST,05,Dunakeszi,Toronto,11
PEST,05,Dunakeszi,Tunisz,2
PEST,05,Dunakeszi,Valletta,12
PEST,05,Dunakeszi,Vancouver,4
PEST,05,Dunakeszi,Varsó,11
PEST,05,Dunakeszi,Vilnius,1
PEST,05,Dunakeszi,Washington,5
PEST,05,Dunakeszi,Zágráb,3
PEST,06,Gödöllő,Abu Dhabi,4
PEST,06,Gödöllő,Algír,1
PEST,06,Gödöllő,Ankara,2
PEST,06,Gödöllő,Athén,7
PEST,06,Gödöllő,Bangkok,2
PEST,06,Gödöllő,Barcelona,12
PEST,06,Gödöllő,Bécs,25
PEST,06,Gödöllő,Belgrád,3
PEST,06,Gödöllő,Beregszász,2
PEST,06,Gödöllő,Berlin,22
PEST,06,Gödöllő,Bern,44
PEST,06,Gödöllő,Brüsszel,23
PEST,06,Gödöllő,Bukarest,5
PEST,06,Gödöllő,Chicago,4
PEST,06,Gödöllő,Chisinau,1
PEST,06,Gödöllő,Csíkszereda,31
PEST,06,Gödöllő,Doha,2
PEST,06,Gödöllő,Dublin,13
PEST,06,Gödöllő,Düsseldorf,24
PEST,06,Gödöllő,Edinburgh,13
PEST,06,Gödöllő,Erbil,2
PEST,06,Gödöllő,Genf,5
PEST,06,Gödöllő,Hága,47
PEST,06,Gödöllő,Helsinki,7
PEST,06,Gödöllő,Houston,4
PEST,06,Gödöllő,Innsbruck,6
PEST,06,Gödöllő,Iszlámábád,2
PEST,06,Gödöllő,Isztambul,2
PEST,06,Gödöllő,Kolozsvár,19
PEST,06,Gödöllő,Koppenhága,22
PEST,06,Gödöllő,Krakkó,4
PEST,06,Gödöllő,Lisszabon,10
PEST,06,Gödöllő,Ljubljana,1
PEST,06,Gödöllő,London,104
PEST,06,Gödöllő,Luxembourg,8
PEST,06,Gödöllő,Lyon,3
PEST,06,Gödöllő,Madrid,6
PEST,06,Gödöllő,Malaga,6
PEST,06,Gödöllő,Manchester,18
PEST,06,Gödöllő,Melbourne,2
PEST,06,Gödöllő,Mexikóváros,1
PEST,06,Gödöllő,Miami,3
PEST,06,Gödöllő,Milánó,8
PEST,06,Gödöllő,Minszk,2
PEST,06,Gödöllő,Montreal,1
PEST,06,Gödöllő,Moszkva,1
PEST,06,Gödöllő,Mumbai,1
PEST,06,Gödöllő,München,57
PEST,06,Gödöllő,Nairobi,1
PEST,06,Gödöllő,New York,7
PEST,06,Gödöllő,Nicosia,4
PEST,06,Gödöllő,Nürnberg,13
PEST,06,Gödöllő,Oslo,10
PEST,06,Gödöllő,Panamaváros,1
PEST,06,Gödöllő,Párizs,26
PEST,06,Gödöllő,Pozsony,1
PEST,06,Gödöllő,Prága,9
PEST,06,Gödöllő,Pristina,4
PEST,06,Gödöllő,Róma,8
PEST,06,Gödöllő,San Francisco,2
PEST,06,Gödöllő,Sanghaj,1
PEST,06,Gödöllő,Sao Paulo,1
PEST,06,Gödöllő,Stockholm,15
PEST,06,Gödöllő,Strasbourg,7
PEST,06,Gödöllő,Stuttgart,38
PEST,06,Gödöllő,Sydney,2
PEST,06,Gödöllő,Szabadka,12
PEST,06,Gödöllő,Szarajevó,3
PEST,06,Gödöllő,Szingapúr,2
PEST,06,Gödöllő,Tallinn,1
PEST,06,Gödöllő,Tbiliszi,1
PEST,06,Gödöllő,Tel-Aviv,2
PEST,06,Gödöllő,Tirana,1
PEST,06,Gödöllő,Tokió,1
PEST,06,Gödöllő,Toronto,4
PEST,06,Gödöllő,Ungvár,4
PEST,06,Gödöllő,Valletta,10
PEST,06,Gödöllő,Vancouver,6
PEST,06,Gödöllő,Varsó,3
PEST,06,Gödöllő,Vientián,1
PEST,06,Gödöllő,Vilnius,1
PEST,06,Gödöllő,Washington,4
PEST,06,Gödöllő,Wellington,2
PEST,07,Vecsés,Abu Dhabi,1
PEST,07,Vecsés,Abuja,1
PEST,07,Vecsés,Ankara,1
PEST,07,Vecsés,Athén,2
PEST,07,Vecsés,Baku,2
PEST,07,Vecsés,Bangkok,1
PEST,07,Vecsés,Barcelona,8
PEST,07,Vecsés,Bécs,21
PEST,07,Vecsés,Belgrád,3
PEST,07,Vecsés,Beregszász,12
PEST,07,Vecsés,Berlin,17
PEST,07,Vecsés,Bern,24
PEST,07,Vecsés,Brüsszel,23
PEST,07,Vecsés,Bukarest,2
PEST,07,Vecsés,Canberra,2
PEST,07,Vecsés,Chicago,5
PEST,07,Vecsés,Csíkszereda,66
PEST,07,Vecsés,Doha,3
PEST,07,Vecsés,Dublin,23
PEST,07,Vecsés,Düsseldorf,16
PEST,07,Vecsés,Edinburgh,7
PEST,07,Vecsés,Erbil,2
PEST,07,Vecsés,Gdansk,1
PEST,07,Vecsés,Genf,7
PEST,07,Vecsés,Hága,42
PEST,07,Vecsés,Havanna,3
PEST,07,Vecsés,Helsinki,5
PEST,07,Vecsés,Houston,1
PEST,07,Vecsés,Innsbruck,4
PEST,07,Vecsés,Isztambul,4
PEST,07,Vecsés,Kolozsvár,20
PEST,07,Vecsés,Koppenhága,13
PEST,07,Vecsés,Krakkó,2
PEST,07,Vecsés,Kuvait,1
PEST,07,Vecsés,Lendva,2
PEST,07,Vecsés,Lisszabon,4
PEST,07,Vecsés,Ljubljana,1
PEST,07,Vecsés,London,86
PEST,07,Vecsés,Los Angeles,1
PEST,07,Vecsés,Luxembourg,4
PEST,07,Vecsés,Lyon,1
PEST,07,Vecsés,Madrid,5
PEST,07,Vecsés,Malaga,5
PEST,07,Vecsés,Manchester,19
PEST,07,Vecsés,Melbourne,1
PEST,07,Vecsés,Mexikóváros,1
PEST,07,Vecsés,Miami,3
PEST,07,Vecsés,Milánó,6
PEST,07,Vecsés,Montreal,3
PEST,07,Vecsés,Moszkva,2
PEST,07,Vecsés,München,35
PEST,07,Vecsés,New York,6
PEST,07,Vecsés,Nicosia,2
PEST,07,Vecsés,Nürnberg,14
PEST,07,Vecsés,Oslo,11
PEST,07,Vecsés,Panamaváros,1
PEST,07,Vecsés,Párizs,16
PEST,07,Vecsés,Peking,2
PEST,07,Vecsés,Prága,8
PEST,07,Vecsés,Pristina,1
PEST,07,Vecsés,Róma,4
PEST,07,Vecsés,San Francisco,5
PEST,07,Vecsés,Sanghaj,1
PEST,07,Vecsés,Stockholm,15
PEST,07,Vecsés,Strasbourg,3
PEST,07,Vecsés,Stuttgart,49
PEST,07,Vecsés,Sydney,1
PEST,07,Vecsés,Szabadka,6
PEST,07,Vecsés,Szarajevó,1
PEST,07,Vecsés,Szingapúr,3
PEST,07,Vecsés,Szófia,1
PEST,07,Vecsés,Szöul,1
PEST,07,Vecsés,Tallinn,2
PEST,07,Vecsés,Tbiliszi,1
PEST,07,Vecsés,Teherán,1
PEST,07,Vecsés,Tel-Aviv,3
PEST,07,Vecsés,Tokió,2
PEST,07,Vecsés,Toronto,3
PEST,07,Vecsés,Újdelhi,1
PEST,07,Vecsés,Ungvár,5
PEST,07,Vecsés,Valletta,6
PEST,07,Vecsés,Vancouver,3
PEST,07,Vecsés,Varsó,1
PEST,07,Vecsés,Washington,5
PEST,07,Vecsés,Wellington,2
PEST,07,Vecsés,Zágráb,3
PEST,08,Szigetszentmiklós,Abu Dhabi,2
PEST,08,Szigetszentmiklós,Accra,2
PEST,08,Szigetszentmiklós,Almati,1
PEST,08,Szigetszentmiklós,Athén,6
PEST,08,Szigetszentmiklós,Bangkok,3
PEST,08,Szigetszentmiklós,Barcelona,12
PEST,08,Szigetszentmiklós,Bécs,20
PEST,08,Szigetszentmiklós,Belgrád,3
PEST,08,Szigetszentmiklós,Beregszász,9
PEST,08,Szigetszentmiklós,Berlin,20
PEST,08,Szigetszentmiklós,Bern,30
PEST,08,Szigetszentmiklós,Brüsszel,12
PEST,08,Szigetszentmiklós,Bukarest,1
PEST,08,Szigetszentmiklós,Chicago,6
PEST,08,Szigetszentmiklós,Csíkszereda,47
PEST,08,Szigetszentmiklós,Doha,1
PEST,08,Szigetszentmiklós,Dublin,12
PEST,08,Szigetszentmiklós,Düsseldorf,20
PEST,08,Szigetszentmiklós,Edinburgh,25
PEST,08,Szigetszentmiklós,Genf,6
PEST,08,Szigetszentmiklós,Hága,40
PEST,08,Szigetszentmiklós,Helsinki,5
PEST,08,Szigetszentmiklós,Hongkong,1
PEST,08,Szigetszentmiklós,Houston,2
PEST,08,Szigetszentmiklós,Innsbruck,7
PEST,08,Szigetszentmiklós,Isztambul,2
PEST,08,Szigetszentmiklós,Kolozsvár,16
PEST,08,Szigetszentmiklós,Koppenhága,23
PEST,08,Szigetszentmiklós,Krakkó,3
PEST,08,Szigetszentmiklós,Kuvait,1
PEST,08,Szigetszentmiklós,Lisszabon,6
PEST,08,Szigetszentmiklós,London,76
PEST,08,Szigetszentmiklós,Los Angeles,7
PEST,08,Szigetszentmiklós,Luxembourg,5
PEST,08,Szigetszentmiklós,Lyon,2
PEST,08,Szigetszentmiklós,Madrid,15
PEST,08,Szigetszentmiklós,Malaga,8
PEST,08,Szigetszentmiklós,Manchester,27
PEST,08,Szigetszentmiklós,Maszkat,1
PEST,08,Szigetszentmiklós,Melbourne,1
PEST,08,Szigetszentmiklós,Miami,3
PEST,08,Szigetszentmiklós,Milánó,4
PEST,08,Szigetszentmiklós,Minszk,2
PEST,08,Szigetszentmiklós,München,48
PEST,08,Szigetszentmiklós,New York,12
PEST,08,Szigetszentmiklós,Nicosia,1
PEST,08,Szigetszentmiklós,Nürnberg,8
PEST,08,Szigetszentmiklós,Oslo,5
PEST,08,Szigetszentmiklós,Párizs,7
PEST,08,Szigetszentmiklós,Podgorica,2
PEST,08,Szigetszentmiklós,Prága,1
PEST,08,Szigetszentmiklós,Pristina,2
PEST,08,Szigetszentmiklós,Róma,4
PEST,08,Szigetszentmiklós,San Francisco,3
PEST,08,Szigetszentmiklós,Stockholm,12
PEST,08,Szigetszentmiklós,Strasbourg,3
PEST,08,Szigetszentmiklós,Stuttgart,40
PEST,08,Szigetszentmiklós,Szabadka,5
PEST,08,Szigetszentmiklós,Szarajevó,1
PEST,08,Szigetszentmiklós,Szingapúr,2
PEST,08,Szigetszentmiklós,Szófia,2
PEST,08,Szigetszentmiklós,Szöul,1
PEST,08,Szigetszentmiklós,Tallinn,2
PEST,08,Szigetszentmiklós,Tbiliszi,1
PEST,08,Szigetszentmiklós,Tel-Aviv,2
PEST,08,Szigetszentmiklós,Tirana,2
PEST,08,Szigetszentmiklós,Tokió,1
PEST,08,Szigetszentmiklós,Toronto,3
PEST,08,Szigetszentmiklós,Tunisz,1
PEST,08,Szigetszentmiklós,Ungvár,2
PEST,08,Szigetszentmiklós,Valletta,4
PEST,08,Szigetszentmiklós,Vancouver,1
PEST,08,Szigetszentmiklós,Varsó,2
PEST,08,Szigetszentmiklós,Vientián,1
PEST,08,Szigetszentmiklós,Zágráb,2
PEST,09,Nagykáta,Athén,2
PEST,09,Nagykáta,Barcelona,2
PEST,09,Nagykáta,Bécs,10
PEST,09,Nagykáta,Belgrád,2
PEST,09,Nagykáta,Beregszász,4
PEST,09,Nagykáta,Berlin,12
PEST,09,Nagykáta,Bern,9
PEST,09,Nagykáta,Bogota,1
PEST,09,Nagykáta,Brüsszel,4
PEST,09,Nagykáta,Csíkszereda,20
PEST,09,Nagykáta,Dublin,10
PEST,09,Nagykáta,Düsseldorf,9
PEST,09,Nagykáta,Edinburgh,3
PEST,09,Nagykáta,Genf,3
PEST,09,Nagykáta,Hága,12
PEST,09,Nagykáta,Helsinki,3
PEST,09,Nagykáta,Innsbruck,3
PEST,09,Nagykáta,Kolozsvár,3
PEST,09,Nagykáta,Koppenhága,3
PEST,09,Nagykáta,Krakkó,2
PEST,09,Nagykáta,Lisszabon,3
PEST,09,Nagykáta,London,53
PEST,09,Nagykáta,Luxembourg,4
PEST,09,Nagykáta,Madrid,2
PEST,09,Nagykáta,Malaga,2
PEST,09,Nagykáta,Manchester,12
PEST,09,Nagykáta,Melbourne,2
PEST,09,Nagykáta,Miami,2
PEST,09,Nagykáta,Milánó,2
PEST,09,Nagykáta,Moszkva,1
PEST,09,Nagykáta,München,26
PEST,09,Nagykáta,Nairobi,1
PEST,09,Nagykáta,New York,8
PEST,09,Nagykáta,Nicosia,2
PEST,09,Nagykáta,Nürnberg,12
PEST,09,Nagykáta,Párizs,3
PEST,09,Nagykáta,Prága,3
PEST,09,Nagykáta,Róma,4
PEST,09,Nagykáta,San Francisco,1
PEST,09,Nagykáta,Sao Paulo,1
PEST,09,Nagykáta,Stockholm,1
PEST,09,Nagykáta,Stuttgart,7
PEST,09,Nagykáta,Szarajevó,1
PEST,09,Nagykáta,Tallinn,2
PEST,09,Nagykáta,Teherán,2
PEST,09,Nagykáta,Tel-Aviv,3
PEST,09,Nagykáta,Tokió,1
PEST,09,Nagykáta,Toronto,2
PEST,09,Nagykáta,Ungvár,1
PEST,09,Nagykáta,Valletta,2
PEST,09,Nagykáta,Varsó,1
PEST,10,Monor,Abu Dhabi,1
PEST,10,Monor,Amman,2
PEST,10,Monor,Athén,2
PEST,10,Monor,Baku,1
PEST,10,Monor,Barcelona,6
PEST,10,Monor,Bécs,8
PEST,10,Monor,Beregszász,11
PEST,10,Monor,Berlin,7
PEST,10,Monor,Bern,17
PEST,10,Monor,Brüsszel,10
PEST,10,Monor,Chicago,1
PEST,10,Monor,Chisinau,1
PEST,10,Monor,Csíkszereda,35
PEST,10,Monor,Dublin,7
PEST,10,Monor,Düsseldorf,18
PEST,10,Monor,Edinburgh,11
PEST,10,Monor,Erbil,1
PEST,10,Monor,Genf,2
PEST,10,Monor,Hága,11
PEST,10,Monor,Helsinki,4
PEST,10,Monor,Innsbruck,2
PEST,10,Monor,Isztambul,4
PEST,10,Monor,Jekatyerinburg,2
PEST,10,Monor,Kolozsvár,21
PEST,10,Monor,Koppenhága,8
PEST,10,Monor,Krakkó,2
PEST,10,Monor,Lendva,1
PEST,10,Monor,Lisszabon,4
PEST,10,Monor,London,47
PEST,10,Monor,Los Angeles,3
PEST,10,Monor,Luxembourg,7
PEST,10,Monor,Madrid,5
PEST,10,Monor,Malaga,3
PEST,10,Monor,Manchester,21
PEST,10,Monor,Mumbai,1
PEST,10,Monor,München,24
PEST,10,Monor,New York,3
PEST,10,Monor,Nicosia,1
PEST,10,Monor,Nürnberg,2
PEST,10,Monor,Oslo,2
PEST,10,Monor,Párizs,7
PEST,10,Monor,Pozsony,3
PEST,10,Monor,Prága,5
PEST,10,Monor,Riga,2
PEST,10,Monor,Róma,1
PEST,10,Monor,San Francisco,2
PEST,10,Monor,Sao Paulo,1
PEST,10,Monor,Stockholm,3
PEST,10,Monor,Strasbourg,2
PEST,10,Monor,Stuttgart,31
PEST,10,Monor,Szabadka,9
PEST,10,Monor,Szkopje,1
PEST,10,Monor,Tbiliszi,1
PEST,10,Monor,Tel-Aviv,2
PEST,10,Monor,Tokió,2
PEST,10,Monor,Ulánbátor,2
PEST,10,Monor,Valletta,2
PEST,10,Monor,Vancouver,1
PEST,10,Monor,Vilnius,2
PEST,10,Monor,Washington,1
PEST,11,Dabas,Abu Dhabi,3
PEST,11,Dabas,Athén,1
PEST,11,Dabas,Bangkok,3
PEST,11,Dabas,Barcelona,9
PEST,11,Dabas,Bécs,9
PEST,11,Dabas,Bejrút,1
PEST,11,Dabas,Beregszász,4
PEST,11,Dabas,Berlin,13
PEST,11,Dabas,Bern,23
PEST,11,Dabas,Besztercebánya,1
PEST,11,Dabas,Brüsszel,16
PEST,11,Dabas,Csíkszereda,45
PEST,11,Dabas,Dublin,19
PEST,11,Dabas,Düsseldorf,20
PEST,11,Dabas,Edinburgh,7
PEST,11,Dabas,Genf,4
PEST,11,Dabas,Hága,23
PEST,11,Dabas,Helsinki,3
PEST,11,Dabas,Houston,2
PEST,11,Dabas,Innsbruck,2
PEST,11,Dabas,Isztambul,8
PEST,11,Dabas,Kolozsvár,6
PEST,11,Dabas,Koppenhága,14
PEST,11,Dabas,Krakkó,4
PEST,11,Dabas,Kuangcsou,1
PEST,11,Dabas,Lendva,1
PEST,11,Dabas,Lisszabon,2
PEST,11,Dabas,Ljubljana,1
PEST,11,Dabas,London,42
PEST,11,Dabas,Los Angeles,1
PEST,11,Dabas,Luxembourg,11
PEST,11,Dabas,Lyon,3
PEST,11,Dabas,Madrid,3
PEST,11,Dabas,Malaga,5
PEST,11,Dabas,Manchester,13
PEST,11,Dabas,Melbourne,3
PEST,11,Dabas,Mexikóváros,1
PEST,11,Dabas,Miami,3
PEST,11,Dabas,Milánó,1
PEST,11,Dabas,München,33
PEST,11,Dabas,New York,5
PEST,11,Dabas,Nicosia,2
PEST,11,Dabas,Nürnberg,19
PEST,11,Dabas,Oslo,3
PEST,11,Dabas,Párizs,9
PEST,11,Dabas,Pozsony,1
PEST,11,Dabas,Prága,2
PEST,11,Dabas,Pristina,1
PEST,11,Dabas,Rijád,1
PEST,11,Dabas,Róma,6
PEST,11,Dabas,San Francisco,7
PEST,11,Dabas,Stockholm,11
PEST,11,Dabas,Strasbourg,2
PEST,11,Dabas,Stuttgart,39
PEST,11,Dabas,Sydney,4
PEST,11,Dabas,Szabadka,4
PEST,11,Dabas,Szarajevó,1
PEST,11,Dabas,Szingapúr,1
PEST,11,Dabas,Tallinn,1
PEST,11,Dabas,Tel-Aviv,2
PEST,11,Dabas,Tokió,3
PEST,11,Dabas,Toronto,6
PEST,11,Dabas,Ungvár,4
PEST,11,Dabas,Valletta,8
PEST,11,Dabas,Vancouver,1
PEST,11,Dabas,Washington,2
PEST,11,Dabas,Wroclaw,1
PEST,11,Dabas,Zágráb,1
PEST,12,Cegléd,Abu Dhabi,3
PEST,12,Cegléd,Barcelona,4
PEST,12,Cegléd,Bécs,8
PEST,12,Cegléd,Beregszász,2
PEST,12,Cegléd,Berlin,13
PEST,12,Cegléd,Bern,8
PEST,12,Cegléd,Brüsszel,12
PEST,12,Cegléd,Chicago,1
PEST,12,Cegléd,Csíkszereda,16
PEST,12,Cegléd,Dublin,6
PEST,12,Cegléd,Düsseldorf,13
PEST,12,Cegléd,Edinburgh,10
PEST,12,Cegléd,Erbil,11
PEST,12,Cegléd,Genf,5
PEST,12,Cegléd,Hága,9
PEST,12,Cegléd,Helsinki,4
PEST,12,Cegléd,Innsbruck,4
PEST,12,Cegléd,Kassa,1
PEST,12,Cegléd,Kolozsvár,6
PEST,12,Cegléd,Koppenhága,16
PEST,12,Cegléd,Krakkó,1
PEST,12,Cegléd,Kuangcsou,1
PEST,12,Cegléd,Lisszabon,1
PEST,12,Cegléd,London,45
PEST,12,Cegléd,Luxembourg,2
PEST,12,Cegléd,Lviv,1
PEST,12,Cegléd,Lyon,1
PEST,12,Cegléd,Madrid,2
PEST,12,Cegléd,Malaga,2
PEST,12,Cegléd,Manchester,4
PEST,12,Cegléd,Milánó,2
PEST,12,Cegléd,Mumbai,2
PEST,12,Cegléd,München,32
PEST,12,Cegléd,New York,2
PEST,12,Cegléd,Nicosia,2
PEST,12,Cegléd,Nürnberg,3
PEST,12,Cegléd,Oslo,1
PEST,12,Cegléd,Párizs,4
PEST,12,Cegléd,Podgorica,1
PEST,12,Cegléd,Prága,3
PEST,12,Cegléd,Pristina,4
PEST,12,Cegléd,Róma,3
PEST,12,Cegléd,Stockholm,5
PEST,12,Cegléd,Strasbourg,2
PEST,12,Cegléd,Stuttgart,17
PEST,12,Cegléd,Sydney,1
PEST,12,Cegléd,Szabadka,6
PEST,12,Cegléd,Szarajevó,2
PEST,12,Cegléd,Szingapúr,1
PEST,12,Cegléd,Szófia,1
PEST,12,Cegléd,Tallinn,1
PEST,12,Cegléd,Teherán,1
PEST,12,Cegléd,Tel-Aviv,1
PEST,12,Cegléd,Toronto,2
PEST,12,Cegléd,Valletta,3
PEST,12,Cegléd,Varsó,1
PEST,12,Cegléd,Washington,1
PEST,12,Cegléd,Zágráb,1
SOMOGY,01,Kaposvár,Abu Dhabi,2
SOMOGY,01,Kaposvár,Bangkok,1
SOMOGY,01,Kaposvár,Barcelona,10
SOMOGY,01,Kaposvár,Bécs,13
SOMOGY,01,Kaposvár,Berlin,16
SOMOGY,01,Kaposvár,Bern,17
SOMOGY,01,Kaposvár,Brüsszel,16
SOMOGY,01,Kaposvár,Buenos Aires,1
SOMOGY,01,Kaposvár,Bukarest,1
SOMOGY,01,Kaposvár,Chicago,1
SOMOGY,01,Kaposvár,Csíkszereda,7
SOMOGY,01,Kaposvár,Dublin,10
SOMOGY,01,Kaposvár,Düsseldorf,17
SOMOGY,01,Kaposvár,Edinburgh,6
SOMOGY,01,Kaposvár,Genf,2
SOMOGY,01,Kaposvár,Hága,19
SOMOGY,01,Kaposvár,Helsinki,4
SOMOGY,01,Kaposvár,Innsbruck,10
SOMOGY,01,Kaposvár,Isztambul,4
SOMOGY,01,Kaposvár,Kairó,1
SOMOGY,01,Kaposvár,Kolozsvár,2
SOMOGY,01,Kaposvár,Koppenhága,9
SOMOGY,01,Kaposvár,Krakkó,3
SOMOGY,01,Kaposvár,Lisszabon,3
SOMOGY,01,Kaposvár,London,76
SOMOGY,01,Kaposvár,Los Angeles,1
SOMOGY,01,Kaposvár,Lyon,1
SOMOGY,01,Kaposvár,Madrid,5
SOMOGY,01,Kaposvár,Malaga,6
SOMOGY,01,Kaposvár,Manchester,14
SOMOGY,01,Kaposvár,Mexikóváros,1
SOMOGY,01,Kaposvár,Miami,4
SOMOGY,01,Kaposvár,Milánó,1
SOMOGY,01,Kaposvár,München,33
SOMOGY,01,Kaposvár,New York,5
SOMOGY,01,Kaposvár,Nürnberg,17
SOMOGY,01,Kaposvár,Oslo,4
SOMOGY,01,Kaposvár,Párizs,2
SOMOGY,01,Kaposvár,Prága,3
SOMOGY,01,Kaposvár,Pristina,5
SOMOGY,01,Kaposvár,Róma,5
SOMOGY,01,Kaposvár,Stockholm,6
SOMOGY,01,Kaposvár,Strasbourg,1
SOMOGY,01,Kaposvár,Stuttgart,29
SOMOGY,01,Kaposvár,Sydney,1
SOMOGY,01,Kaposvár,Szabadka,3
SOMOGY,01,Kaposvár,Szarajevó,8
SOMOGY,01,Kaposvár,Szófia,1
SOMOGY,01,Kaposvár,Szöul,1
SOMOGY,01,Kaposvár,Tokió,2
SOMOGY,01,Kaposvár,Toronto,1
SOMOGY,01,Kaposvár,Valletta,3
SOMOGY,01,Kaposvár,Vancouver,1
SOMOGY,01,Kaposvár,Varsó,5
SOMOGY,01,Kaposvár,Washington,2
SOMOGY,01,Kaposvár,Wellington,1
SOMOGY,02,Barcs,Abu Dhabi,1
SOMOGY,02,Barcs,Amman,1
SOMOGY,02,Barcs,Athén,2
SOMOGY,02,Barcs,Barcelona,5
SOMOGY,02,Barcs,Bécs,9
SOMOGY,02,Barcs,Belgrád,1
SOMOGY,02,Barcs,Berlin,6
SOMOGY,02,Barcs,Bern,6
SOMOGY,02,Barcs,Brüsszel,5
SOMOGY,02,Barcs,Chicago,1
SOMOGY,02,Barcs,Csíkszereda,8
SOMOGY,02,Barcs,Dublin,6
SOMOGY,02,Barcs,Düsseldorf,7
SOMOGY,02,Barcs,Edinburgh,5
SOMOGY,02,Barcs,Erbil,2
SOMOGY,02,Barcs,Eszék,1
SOMOGY,02,Barcs,Genf,2
SOMOGY,02,Barcs,Hága,12
SOMOGY,02,Barcs,Helsinki,1
SOMOGY,02,Barcs,Innsbruck,8
SOMOGY,02,Barcs,Jakarta,1
SOMOGY,02,Barcs,Kolozsvár,2
SOMOGY,02,Barcs,Koppenhága,2
SOMOGY,02,Barcs,Krakkó,1
SOMOGY,02,Barcs,Lendva,1
SOMOGY,02,Barcs,Lisszabon,2
SOMOGY,02,Barcs,Ljubljana,1
SOMOGY,02,Barcs,London,39
SOMOGY,02,Barcs,Los Angeles,2
SOMOGY,02,Barcs,Luxembourg,5
SOMOGY,02,Barcs,Lyon,1
SOMOGY,02,Barcs,Malaga,2
SOMOGY,02,Barcs,Manchester,10
SOMOGY,02,Barcs,Miami,1
SOMOGY,02,Barcs,Milánó,2
SOMOGY,02,Barcs,München,26
SOMOGY,02,Barcs,New York,1
SOMOGY,02,Barcs,Nicosia,1
SOMOGY,02,Barcs,Nürnberg,12
SOMOGY,02,Barcs,Párizs,5
SOMOGY,02,Barcs,Prága,2
SOMOGY,02,Barcs,Pretoria,1
SOMOGY,02,Barcs,San Francisco,2
SOMOGY,02,Barcs,Santiago de Chile,1
SOMOGY,02,Barcs,Stockholm,4
SOMOGY,02,Barcs,Strasbourg,4
SOMOGY,02,Barcs,Stuttgart,21
SOMOGY,02,Barcs,Sydney,1
SOMOGY,02,Barcs,Szabadka,2
SOMOGY,02,Barcs,Szarajevó,1
SOMOGY,02,Barcs,Tbiliszi,1
SOMOGY,02,Barcs,Tokió,1
SOMOGY,02,Barcs,Toronto,2
SOMOGY,02,Barcs,Valletta,2
SOMOGY,02,Barcs,Wroclaw,1
SOMOGY,03,Marcali,Abu Dhabi,1
SOMOGY,03,Marcali,Athén,1
SOMOGY,03,Marcali,Barcelona,6
SOMOGY,03,Marcali,Bécs,11
SOMOGY,03,Marcali,Belgrád,1
SOMOGY,03,Marcali,Beregszász,1
SOMOGY,03,Marcali,Berlin,15
SOMOGY,03,Marcali,Bern,24
SOMOGY,03,Marcali,Brüsszel,7
SOMOGY,03,Marcali,Chicago,3
SOMOGY,03,Marcali,Csíkszereda,19
SOMOGY,03,Marcali,Dublin,8
SOMOGY,03,Marcali,Düsseldorf,11
SOMOGY,03,Marcali,Edinburgh,7
SOMOGY,03,Marcali,Genf,1
SOMOGY,03,Marcali,Hága,11
SOMOGY,03,Marcali,Innsbruck,27
SOMOGY,03,Marcali,Kolozsvár,2
SOMOGY,03,Marcali,Koppenhága,6
SOMOGY,03,Marcali,Krakkó,1
SOMOGY,03,Marcali,Ljubljana,1
SOMOGY,03,Marcali,London,46
SOMOGY,03,Marcali,Los Angeles,1
SOMOGY,03,Marcali,Luxembourg,7
SOMOGY,03,Marcali,Lyon,3
SOMOGY,03,Marcali,Madrid,2
SOMOGY,03,Marcali,Malaga,5
SOMOGY,03,Marcali,Manchester,11
SOMOGY,03,Marcali,Miami,1
SOMOGY,03,Marcali,Milánó,3
SOMOGY,03,Marcali,München,40
SOMOGY,03,Marcali,New York,5
SOMOGY,03,Marcali,Nicosia,1
SOMOGY,03,Marcali,Nürnberg,22
SOMOGY,03,Marcali,Oslo,5
SOMOGY,03,Marcali,Párizs,4
SOMOGY,03,Marcali,Róma,1
SOMOGY,03,Marcali,San Francisco,2
SOMOGY,03,Marcali,Stockholm,7
SOMOGY,03,Marcali,Stuttgart,29
SOMOGY,03,Marcali,Sydney,1
SOMOGY,03,Marcali,Szabadka,2
SOMOGY,03,Marcali,Szarajevó,3
SOMOGY,03,Marcali,Szingapúr,1
SOMOGY,03,Marcali,Tallinn,1
SOMOGY,03,Marcali,Tel-Aviv,2
SOMOGY,03,Marcali,Ungvár,1
SOMOGY,03,Marcali,Valletta,1
SOMOGY,03,Marcali,Varsó,1
SOMOGY,03,Marcali,Washington,1
SOMOGY,04,Siófok,Abu Dhabi,1
SOMOGY,04,Siófok,Algír,1
SOMOGY,04,Siófok,Athén,3
SOMOGY,04,Siófok,Bangkok,3
SOMOGY,04,Siófok,Barcelona,4
SOMOGY,04,Siófok,Bécs,30
SOMOGY,04,Siófok,Beregszász,3
SOMOGY,04,Siófok,Berlin,28
SOMOGY,04,Siófok,Bern,21
SOMOGY,04,Siófok,Bogota,1
SOMOGY,04,Siófok,Brüsszel,15
SOMOGY,04,Siófok,Chicago,3
SOMOGY,04,Siófok,Csíkszereda,16
SOMOGY,04,Siófok,Dublin,8
SOMOGY,04,Siófok,Düsseldorf,10
SOMOGY,04,Siófok,Edinburgh,4
SOMOGY,04,Siófok,Genf,3
SOMOGY,04,Siófok,Hága,20
SOMOGY,04,Siófok,Helsinki,5
SOMOGY,04,Siófok,Houston,1
SOMOGY,04,Siófok,Innsbruck,34
SOMOGY,04,Siófok,Kairó,1
SOMOGY,04,Siófok,Kolozsvár,10
SOMOGY,04,Siófok,Koppenhága,15
SOMOGY,04,Siófok,Lisszabon,1
SOMOGY,04,Siófok,Ljubljana,5
SOMOGY,04,Siófok,London,46
SOMOGY,04,Siófok,Los Angeles,3
SOMOGY,04,Siófok,Luxembourg,7
SOMOGY,04,Siófok,Lyon,4
SOMOGY,04,Siófok,Madrid,4
SOMOGY,04,Siófok,Malaga,1
SOMOGY,04,Siófok,Manchester,8
SOMOGY,04,Siófok,Melbourne,3
SOMOGY,04,Siófok,Miami,1
SOMOGY,04,Siófok,Milánó,3
SOMOGY,04,Siófok,Montevideo,1
SOMOGY,04,Siófok,Mumbai,1
SOMOGY,04,Siófok,München,50
SOMOGY,04,Siófok,New York,4
SOMOGY,04,Siófok,Nürnberg,12
SOMOGY,04,Siófok,Oslo,3
SOMOGY,04,Siófok,Párizs,5
SOMOGY,04,Siófok,Pozsony,1
SOMOGY,04,Siófok,Prága,3
SOMOGY,04,Siófok,Róma,2
SOMOGY,04,Siófok,San Francisco,3
SOMOGY,04,Siófok,Stockholm,9
SOMOGY,04,Siófok,Stuttgart,40
SOMOGY,04,Siófok,Szabadka,6
SOMOGY,04,Siófok,Szarajevó,2
SOMOGY,04,Siófok,Tallinn,1
SOMOGY,04,Siófok,Tirana,1
SOMOGY,04,Siófok,Toronto,4
SOMOGY,04,Siófok,Valletta,1
SOMOGY,04,Siófok,Vancouver,1
SOMOGY,04,Siófok,Varsó,3
SOMOGY,04,Siófok,Vilnius,1
SOMOGY,04,Siófok,Washington,2
SOMOGY,04,Siófok,Zágráb,2
SZABOLCS-SZATMÁR-BEREG,01,Nyíregyháza,Abu Dhabi,3
SZABOLCS-SZATMÁR-BEREG,01,Nyíregyháza,Barcelona,11
SZABOLCS-SZATMÁR-BEREG,01,Nyíregyháza,Bécs,20
SZABOLCS-SZATMÁR-BEREG,01,Nyíregyháza,Beregszász,52
SZABOLCS-SZATMÁR-BEREG,01,Nyíregyháza,Berlin,13
SZABOLCS-SZATMÁR-BEREG,01,Nyíregyháza,Bern,32
SZABOLCS-SZATMÁR-BEREG,01,Nyíregyháza,Bogota,1
SZABOLCS-SZATMÁR-BEREG,01,Nyíregyháza,Brüsszel,16
SZABOLCS-SZATMÁR-BEREG,01,Nyíregyháza,Chicago,1
SZABOLCS-SZATMÁR-BEREG,01,Nyíregyháza,Csíkszereda,17
SZABOLCS-SZATMÁR-BEREG,01,Nyíregyháza,Doha,1
SZABOLCS-SZATMÁR-BEREG,01,Nyíregyháza,Dublin,30
SZABOLCS-SZATMÁR-BEREG,01,Nyíregyháza,Düsseldorf,19
SZABOLCS-SZATMÁR-BEREG,01,Nyíregyháza,Edinburgh,10
SZABOLCS-SZATMÁR-BEREG,01,Nyíregyháza,Gdansk,2
SZABOLCS-SZATMÁR-BEREG,01,Nyíregyháza,Genf,1
SZABOLCS-SZATMÁR-BEREG,01,Nyíregyháza,Hága,28
SZABOLCS-SZATMÁR-BEREG,01,Nyíregyháza,Hanoi,1
SZABOLCS-SZATMÁR-BEREG,01,Nyíregyháza,Helsinki,7
SZABOLCS-SZATMÁR-BEREG,01,Nyíregyháza,Houston,1
SZABOLCS-SZATMÁR-BEREG,01,Nyíregyháza,Innsbruck,2
SZABOLCS-SZATMÁR-BEREG,01,Nyíregyháza,Isztambul,1
SZABOLCS-SZATMÁR-BEREG,01,Nyíregyháza,Kairó,1
SZABOLCS-SZATMÁR-BEREG,01,Nyíregyháza,Kolozsvár,8
SZABOLCS-SZATMÁR-BEREG,01,Nyíregyháza,Koppenhága,14
SZABOLCS-SZATMÁR-BEREG,01,Nyíregyháza,Krakkó,3
SZABOLCS-SZATMÁR-BEREG,01,Nyíregyháza,Kuvait,1
SZABOLCS-SZATMÁR-BEREG,01,Nyíregyháza,Lima,1
SZABOLCS-SZATMÁR-BEREG,01,Nyíregyháza,Lisszabon,2
SZABOLCS-SZATMÁR-BEREG,01,Nyíregyháza,Ljubljana,1
SZABOLCS-SZATMÁR-BEREG,01,Nyíregyháza,London,100
SZABOLCS-SZATMÁR-BEREG,01,Nyíregyháza,Luxembourg,11
SZABOLCS-SZATMÁR-BEREG,01,Nyíregyháza,Lyon,1
SZABOLCS-SZATMÁR-BEREG,01,Nyíregyháza,Madrid,6
SZABOLCS-SZATMÁR-BEREG,01,Nyíregyháza,Malaga,3
SZABOLCS-SZATMÁR-BEREG,01,Nyíregyháza,Manchester,19
SZABOLCS-SZATMÁR-BEREG,01,Nyíregyháza,Manila,1
SZABOLCS-SZATMÁR-BEREG,01,Nyíregyháza,Melbourne,5
SZABOLCS-SZATMÁR-BEREG,01,Nyíregyháza,Mexikóváros,3
SZABOLCS-SZATMÁR-BEREG,01,Nyíregyháza,Miami,1
SZABOLCS-SZATMÁR-BEREG,01,Nyíregyháza,Milánó,3
SZABOLCS-SZATMÁR-BEREG,01,Nyíregyháza,Moszkva,2
SZABOLCS-SZATMÁR-BEREG,01,Nyíregyháza,München,44
SZABOLCS-SZATMÁR-BEREG,01,Nyíregyháza,New York,13
SZABOLCS-SZATMÁR-BEREG,01,Nyíregyháza,Nicosia,3
SZABOLCS-SZATMÁR-BEREG,01,Nyíregyháza,Nürnberg,8
SZABOLCS-SZATMÁR-BEREG,01,Nyíregyháza,Oslo,2
SZABOLCS-SZATMÁR-BEREG,01,Nyíregyháza,Panamaváros,1
SZABOLCS-SZATMÁR-BEREG,01,Nyíregyháza,Párizs,13
SZABOLCS-SZATMÁR-BEREG,01,Nyíregyháza,Peking,1
SZABOLCS-SZATMÁR-BEREG,01,Nyíregyháza,Pozsony,1
SZABOLCS-SZATMÁR-BEREG,01,Nyíregyháza,Prága,3
SZABOLCS-SZATMÁR-BEREG,01,Nyíregyháza,Pretoria,1
SZABOLCS-SZATMÁR-BEREG,01,Nyíregyháza,Pristina,3
SZABOLCS-SZATMÁR-BEREG,01,Nyíregyháza,Róma,4
SZABOLCS-SZATMÁR-BEREG,01,Nyíregyháza,San Francisco,1
SZABOLCS-SZATMÁR-BEREG,01,Nyíregyháza,Stockholm,3
SZABOLCS-SZATMÁR-BEREG,01,Nyíregyháza,Strasbourg,3
SZABOLCS-SZATMÁR-BEREG,01,Nyíregyháza,Stuttgart,28
SZABOLCS-SZATMÁR-BEREG,01,Nyíregyháza,Sydney,3
SZABOLCS-SZATMÁR-BEREG,01,Nyíregyháza,Szingapúr,1
SZABOLCS-SZATMÁR-BEREG,01,Nyíregyháza,Szöul,1
SZABOLCS-SZATMÁR-BEREG,01,Nyíregyháza,Tallinn,2
SZABOLCS-SZATMÁR-BEREG,01,Nyíregyháza,Tel-Aviv,3
SZABOLCS-SZATMÁR-BEREG,01,Nyíregyháza,Tirana,5
SZABOLCS-SZATMÁR-BEREG,01,Nyíregyháza,Tokió,3
SZABOLCS-SZATMÁR-BEREG,01,Nyíregyháza,Toronto,5
SZABOLCS-SZATMÁR-BEREG,01,Nyíregyháza,Ungvár,12
SZABOLCS-SZATMÁR-BEREG,01,Nyíregyháza,Valletta,2
SZABOLCS-SZATMÁR-BEREG,01,Nyíregyháza,Vancouver,2
SZABOLCS-SZATMÁR-BEREG,01,Nyíregyháza,Varsó,3
SZABOLCS-SZATMÁR-BEREG,01,Nyíregyháza,Wellington,1
SZABOLCS-SZATMÁR-BEREG,02,Nyíregyháza,Barcelona,3
SZABOLCS-SZATMÁR-BEREG,02,Nyíregyháza,Bécs,10
SZABOLCS-SZATMÁR-BEREG,02,Nyíregyháza,Beregszász,18
SZABOLCS-SZATMÁR-BEREG,02,Nyíregyháza,Berlin,12
SZABOLCS-SZATMÁR-BEREG,02,Nyíregyháza,Bern,12
SZABOLCS-SZATMÁR-BEREG,02,Nyíregyháza,Brüsszel,9
SZABOLCS-SZATMÁR-BEREG,02,Nyíregyháza,Chicago,1
SZABOLCS-SZATMÁR-BEREG,02,Nyíregyháza,Csíkszereda,6
SZABOLCS-SZATMÁR-BEREG,02,Nyíregyháza,Dublin,16
SZABOLCS-SZATMÁR-BEREG,02,Nyíregyháza,Düsseldorf,13
SZABOLCS-SZATMÁR-BEREG,02,Nyíregyháza,Edinburgh,4
SZABOLCS-SZATMÁR-BEREG,02,Nyíregyháza,Hága,20
SZABOLCS-SZATMÁR-BEREG,02,Nyíregyháza,Houston,1
SZABOLCS-SZATMÁR-BEREG,02,Nyíregyháza,Innsbruck,3
SZABOLCS-SZATMÁR-BEREG,02,Nyíregyháza,Kairó,2
SZABOLCS-SZATMÁR-BEREG,02,Nyíregyháza,Kolozsvár,3
SZABOLCS-SZATMÁR-BEREG,02,Nyíregyháza,Koppenhága,11
SZABOLCS-SZATMÁR-BEREG,02,Nyíregyháza,Krakkó,2
SZABOLCS-SZATMÁR-BEREG,02,Nyíregyháza,Lendva,1
SZABOLCS-SZATMÁR-BEREG,02,Nyíregyháza,Lisszabon,1
SZABOLCS-SZATMÁR-BEREG,02,Nyíregyháza,London,48
SZABOLCS-SZATMÁR-BEREG,02,Nyíregyháza,Los Angeles,1
SZABOLCS-SZATMÁR-BEREG,02,Nyíregyháza,Luxembourg,3
SZABOLCS-SZATMÁR-BEREG,02,Nyíregyháza,Lyon,1
SZABOLCS-SZATMÁR-BEREG,02,Nyíregyháza,Madrid,1
SZABOLCS-SZATMÁR-BEREG,02,Nyíregyháza,Malaga,1
SZABOLCS-SZATMÁR-BEREG,02,Nyíregyháza,Manchester,8
SZABOLCS-SZATMÁR-BEREG,02,Nyíregyháza,Milánó,3
SZABOLCS-SZATMÁR-BEREG,02,Nyíregyháza,München,23
SZABOLCS-SZATMÁR-BEREG,02,Nyíregyháza,New York,3
SZABOLCS-SZATMÁR-BEREG,02,Nyíregyháza,Nürnberg,4
SZABOLCS-SZATMÁR-BEREG,02,Nyíregyháza,Párizs,4
SZABOLCS-SZATMÁR-BEREG,02,Nyíregyháza,Rijád,1
SZABOLCS-SZATMÁR-BEREG,02,Nyíregyháza,Róma,2
SZABOLCS-SZATMÁR-BEREG,02,Nyíregyháza,Stockholm,8
SZABOLCS-SZATMÁR-BEREG,02,Nyíregyháza,Stuttgart,24
SZABOLCS-SZATMÁR-BEREG,02,Nyíregyháza,Szarajevó,1
SZABOLCS-SZATMÁR-BEREG,02,Nyíregyháza,Szingapúr,1
SZABOLCS-SZATMÁR-BEREG,02,Nyíregyháza,Szófia,1
SZABOLCS-SZATMÁR-BEREG,02,Nyíregyháza,Tallinn,2
SZABOLCS-SZATMÁR-BEREG,02,Nyíregyháza,Tirana,1
SZABOLCS-SZATMÁR-BEREG,02,Nyíregyháza,Tokió,1
SZABOLCS-SZATMÁR-BEREG,02,Nyíregyháza,Toronto,1
SZABOLCS-SZATMÁR-BEREG,02,Nyíregyháza,Tunisz,1
SZABOLCS-SZATMÁR-BEREG,02,Nyíregyháza,Ulánbátor,1
SZABOLCS-SZATMÁR-BEREG,02,Nyíregyháza,Ungvár,7
SZABOLCS-SZATMÁR-BEREG,02,Nyíregyháza,Valletta,2
SZABOLCS-SZATMÁR-BEREG,02,Nyíregyháza,Vancouver,1
SZABOLCS-SZATMÁR-BEREG,02,Nyíregyháza,Washington,1
SZABOLCS-SZATMÁR-BEREG,02,Nyíregyháza,Zágráb,1
SZABOLCS-SZATMÁR-BEREG,03,Kisvárda,Abu Dhabi,1
SZABOLCS-SZATMÁR-BEREG,03,Kisvárda,Athén,2
SZABOLCS-SZATMÁR-BEREG,03,Kisvárda,Barcelona,2
SZABOLCS-SZATMÁR-BEREG,03,Kisvárda,Bécs,5
SZABOLCS-SZATMÁR-BEREG,03,Kisvárda,Beregszász,38
SZABOLCS-SZATMÁR-BEREG,03,Kisvárda,Berlin,7
SZABOLCS-SZATMÁR-BEREG,03,Kisvárda,Bern,10
SZABOLCS-SZATMÁR-BEREG,03,Kisvárda,Brüsszel,5
SZABOLCS-SZATMÁR-BEREG,03,Kisvárda,Chicago,1
SZABOLCS-SZATMÁR-BEREG,03,Kisvárda,Csíkszereda,3
SZABOLCS-SZATMÁR-BEREG,03,Kisvárda,Dublin,5
SZABOLCS-SZATMÁR-BEREG,03,Kisvárda,Düsseldorf,10
SZABOLCS-SZATMÁR-BEREG,03,Kisvárda,Edinburgh,3
SZABOLCS-SZATMÁR-BEREG,03,Kisvárda,Eszék,2
SZABOLCS-SZATMÁR-BEREG,03,Kisvárda,Hága,9
SZABOLCS-SZATMÁR-BEREG,03,Kisvárda,Helsinki,2
SZABOLCS-SZATMÁR-BEREG,03,Kisvárda,Innsbruck,5
SZABOLCS-SZATMÁR-BEREG,03,Kisvárda,Kairó,1
SZABOLCS-SZATMÁR-BEREG,03,Kisvárda,Kolozsvár,3
SZABOLCS-SZATMÁR-BEREG,03,Kisvárda,Koppenhága,4
SZABOLCS-SZATMÁR-BEREG,03,Kisvárda,Krakkó,1
SZABOLCS-SZATMÁR-BEREG,03,Kisvárda,Ljubljana,3
SZABOLCS-SZATMÁR-BEREG,03,Kisvárda,London,30
SZABOLCS-SZATMÁR-BEREG,03,Kisvárda,Lusaka,1
SZABOLCS-SZATMÁR-BEREG,03,Kisvárda,Luxembourg,2
SZABOLCS-SZATMÁR-BEREG,03,Kisvárda,Madrid,1
SZABOLCS-SZATMÁR-BEREG,03,Kisvárda,Manchester,13
SZABOLCS-SZATMÁR-BEREG,03,Kisvárda,Manila,1
SZABOLCS-SZATMÁR-BEREG,03,Kisvárda,Miami,1
SZABOLCS-SZATMÁR-BEREG,03,Kisvárda,Moszkva,1
SZABOLCS-SZATMÁR-BEREG,03,Kisvárda,München,25
SZABOLCS-SZATMÁR-BEREG,03,Kisvárda,New York,3
SZABOLCS-SZATMÁR-BEREG,03,Kisvárda,Nürnberg,8
SZABOLCS-SZATMÁR-BEREG,03,Kisvárda,Oslo,1
SZABOLCS-SZATMÁR-BEREG,03,Kisvárda,Párizs,2
SZABOLCS-SZATMÁR-BEREG,03,Kisvárda,Prága,1
SZABOLCS-SZATMÁR-BEREG,03,Kisvárda,Pristina,4
SZABOLCS-SZATMÁR-BEREG,03,Kisvárda,Róma,1
SZABOLCS-SZATMÁR-BEREG,03,Kisvárda,Sao Paulo,1
SZABOLCS-SZATMÁR-BEREG,03,Kisvárda,Stockholm,2
SZABOLCS-SZATMÁR-BEREG,03,Kisvárda,Stuttgart,20
SZABOLCS-SZATMÁR-BEREG,03,Kisvárda,Szabadka,2
SZABOLCS-SZATMÁR-BEREG,03,Kisvárda,Szöul,1
SZABOLCS-SZATMÁR-BEREG,03,Kisvárda,Tel-Aviv,1
SZABOLCS-SZATMÁR-BEREG,03,Kisvárda,Toronto,1
SZABOLCS-SZATMÁR-BEREG,03,Kisvárda,Ungvár,38
SZABOLCS-SZATMÁR-BEREG,03,Kisvárda,Valletta,2
SZABOLCS-SZATMÁR-BEREG,03,Kisvárda,Vancouver,1
SZABOLCS-SZATMÁR-BEREG,03,Kisvárda,Vilnius,1
SZABOLCS-SZATMÁR-BEREG,03,Kisvárda,Washington,2
SZABOLCS-SZATMÁR-BEREG,04,Vásárosnamény,Athén,1
SZABOLCS-SZATMÁR-BEREG,04,Vásárosnamény,Barcelona,2
SZABOLCS-SZATMÁR-BEREG,04,Vásárosnamény,Bécs,6
SZABOLCS-SZATMÁR-BEREG,04,Vásárosnamény,Beregszász,209
SZABOLCS-SZATMÁR-BEREG,04,Vásárosnamény,Berlin,22
SZABOLCS-SZATMÁR-BEREG,04,Vásárosnamény,Bern,11
SZABOLCS-SZATMÁR-BEREG,04,Vásárosnamény,Brüsszel,4
SZABOLCS-SZATMÁR-BEREG,04,Vásárosnamény,Bukarest,1
SZABOLCS-SZATMÁR-BEREG,04,Vásárosnamény,Csíkszereda,2
SZABOLCS-SZATMÁR-BEREG,04,Vásárosnamény,Dublin,8
SZABOLCS-SZATMÁR-BEREG,04,Vásárosnamény,Düsseldorf,6
SZABOLCS-SZATMÁR-BEREG,04,Vásárosnamény,Edinburgh,7
SZABOLCS-SZATMÁR-BEREG,04,Vásárosnamény,Eszék,1
SZABOLCS-SZATMÁR-BEREG,04,Vásárosnamény,Hága,13
SZABOLCS-SZATMÁR-BEREG,04,Vásárosnamény,Helsinki,1
SZABOLCS-SZATMÁR-BEREG,04,Vásárosnamény,Kolozsvár,7
SZABOLCS-SZATMÁR-BEREG,04,Vásárosnamény,Koppenhága,7
SZABOLCS-SZATMÁR-BEREG,04,Vásárosnamény,Krakkó,2
SZABOLCS-SZATMÁR-BEREG,04,Vásárosnamény,London,30
SZABOLCS-SZATMÁR-BEREG,04,Vásárosnamény,Luxembourg,3
SZABOLCS-SZATMÁR-BEREG,04,Vásárosnamény,Madrid,2
SZABOLCS-SZATMÁR-BEREG,04,Vásárosnamény,Manchester,2
SZABOLCS-SZATMÁR-BEREG,04,Vásárosnamény,Miami,2
SZABOLCS-SZATMÁR-BEREG,04,Vásárosnamény,Milánó,1
SZABOLCS-SZATMÁR-BEREG,04,Vásárosnamény,Moszkva,2
SZABOLCS-SZATMÁR-BEREG,04,Vásárosnamény,München,14
SZABOLCS-SZATMÁR-BEREG,04,Vásárosnamény,New York,2
SZABOLCS-SZATMÁR-BEREG,04,Vásárosnamény,Nürnberg,7
SZABOLCS-SZATMÁR-BEREG,04,Vásárosnamény,Oslo,1
SZABOLCS-SZATMÁR-BEREG,04,Vásárosnamény,Ottawa,1
SZABOLCS-SZATMÁR-BEREG,04,Vásárosnamény,Párizs,3
SZABOLCS-SZATMÁR-BEREG,04,Vásárosnamény,Pozsony,1
SZABOLCS-SZATMÁR-BEREG,04,Vásárosnamény,Prága,2
SZABOLCS-SZATMÁR-BEREG,04,Vásárosnamény,Róma,2
SZABOLCS-SZATMÁR-BEREG,04,Vásárosnamény,Stockholm,1
SZABOLCS-SZATMÁR-BEREG,04,Vásárosnamény,Strasbourg,2
SZABOLCS-SZATMÁR-BEREG,04,Vásárosnamény,Stuttgart,12
SZABOLCS-SZATMÁR-BEREG,04,Vásárosnamény,Szabadka,7
SZABOLCS-SZATMÁR-BEREG,04,Vásárosnamény,Szarajevó,1
SZABOLCS-SZATMÁR-BEREG,04,Vásárosnamény,Szkopje,1
SZABOLCS-SZATMÁR-BEREG,04,Vásárosnamény,Tel-Aviv,1
SZABOLCS-SZATMÁR-BEREG,04,Vásárosnamény,Tunisz,1
SZABOLCS-SZATMÁR-BEREG,04,Vásárosnamény,Ungvár,22
SZABOLCS-SZATMÁR-BEREG,04,Vásárosnamény,Valletta,1
SZABOLCS-SZATMÁR-BEREG,05,Mátészalka,Abu Dhabi,1
SZABOLCS-SZATMÁR-BEREG,05,Mátészalka,Barcelona,1
SZABOLCS-SZATMÁR-BEREG,05,Mátészalka,Bécs,5
SZABOLCS-SZATMÁR-BEREG,05,Mátészalka,Beregszász,81
SZABOLCS-SZATMÁR-BEREG,05,Mátészalka,Berlin,12
SZABOLCS-SZATMÁR-BEREG,05,Mátészalka,Bern,9
SZABOLCS-SZATMÁR-BEREG,05,Mátészalka,Brüsszel,8
SZABOLCS-SZATMÁR-BEREG,05,Mátészalka,Csíkszereda,3
SZABOLCS-SZATMÁR-BEREG,05,Mátészalka,Dublin,6
SZABOLCS-SZATMÁR-BEREG,05,Mátészalka,Düsseldorf,12
SZABOLCS-SZATMÁR-BEREG,05,Mátészalka,Edinburgh,2
SZABOLCS-SZATMÁR-BEREG,05,Mátészalka,Erbil,1
SZABOLCS-SZATMÁR-BEREG,05,Mátészalka,Eszék,1
SZABOLCS-SZATMÁR-BEREG,05,Mátészalka,Genf,2
SZABOLCS-SZATMÁR-BEREG,05,Mátészalka,Hága,13
SZABOLCS-SZATMÁR-BEREG,05,Mátészalka,Helsinki,3
SZABOLCS-SZATMÁR-BEREG,05,Mátészalka,Hongkong,1
SZABOLCS-SZATMÁR-BEREG,05,Mátészalka,Innsbruck,5
SZABOLCS-SZATMÁR-BEREG,05,Mátészalka,Kolozsvár,4
SZABOLCS-SZATMÁR-BEREG,05,Mátészalka,Koppenhága,4
SZABOLCS-SZATMÁR-BEREG,05,Mátészalka,Lisszabon,1
SZABOLCS-SZATMÁR-BEREG,05,Mátészalka,London,23
SZABOLCS-SZATMÁR-BEREG,05,Mátészalka,Los Angeles,4
SZABOLCS-SZATMÁR-BEREG,05,Mátészalka,Luxembourg,3
SZABOLCS-SZATMÁR-BEREG,05,Mátészalka,Lyon,2
SZABOLCS-SZATMÁR-BEREG,05,Mátészalka,Manchester,2
SZABOLCS-SZATMÁR-BEREG,05,Mátészalka,Maszkat,1
SZABOLCS-SZATMÁR-BEREG,05,Mátészalka,Miami,1
SZABOLCS-SZATMÁR-BEREG,05,Mátészalka,München,28
SZABOLCS-SZATMÁR-BEREG,05,Mátészalka,New York,2
SZABOLCS-SZATMÁR-BEREG,05,Mátészalka,Nürnberg,13
SZABOLCS-SZATMÁR-BEREG,05,Mátészalka,Oslo,1
SZABOLCS-SZATMÁR-BEREG,05,Mátészalka,Podgorica,1
SZABOLCS-SZATMÁR-BEREG,05,Mátészalka,Pozsony,1
SZABOLCS-SZATMÁR-BEREG,05,Mátészalka,Prága,1
SZABOLCS-SZATMÁR-BEREG,05,Mátészalka,Pristina,2
SZABOLCS-SZATMÁR-BEREG,05,Mátészalka,Róma,1
SZABOLCS-SZATMÁR-BEREG,05,Mátészalka,San Francisco,1
SZABOLCS-SZATMÁR-BEREG,05,Mátészalka,Stockholm,3
SZABOLCS-SZATMÁR-BEREG,05,Mátészalka,Stuttgart,10
SZABOLCS-SZATMÁR-BEREG,05,Mátészalka,Szarajevó,1
SZABOLCS-SZATMÁR-BEREG,05,Mátészalka,Szkopje,1
SZABOLCS-SZATMÁR-BEREG,05,Mátészalka,Tel-Aviv,1
SZABOLCS-SZATMÁR-BEREG,05,Mátészalka,Toronto,2
SZABOLCS-SZATMÁR-BEREG,05,Mátészalka,Ungvár,11
SZABOLCS-SZATMÁR-BEREG,05,Mátészalka,Valletta,1
SZABOLCS-SZATMÁR-BEREG,05,Mátészalka,Vancouver,1
SZABOLCS-SZATMÁR-BEREG,05,Mátészalka,Varsó,2
SZABOLCS-SZATMÁR-BEREG,05,Mátészalka,Washington,1
SZABOLCS-SZATMÁR-BEREG,05,Mátészalka,Wellington,1
SZABOLCS-SZATMÁR-BEREG,06,Nyírbátor,Barcelona,4
SZABOLCS-SZATMÁR-BEREG,06,Nyírbátor,Bécs,5
SZABOLCS-SZATMÁR-BEREG,06,Nyírbátor,Beregszász,21
SZABOLCS-SZATMÁR-BEREG,06,Nyírbátor,Berlin,9
SZABOLCS-SZATMÁR-BEREG,06,Nyírbátor,Bern,10
SZABOLCS-SZATMÁR-BEREG,06,Nyírbátor,Brüsszel,5
SZABOLCS-SZATMÁR-BEREG,06,Nyírbátor,Csíkszereda,9
SZABOLCS-SZATMÁR-BEREG,06,Nyírbátor,Dublin,15
SZABOLCS-SZATMÁR-BEREG,06,Nyírbátor,Düsseldorf,11
SZABOLCS-SZATMÁR-BEREG,06,Nyírbátor,Edinburgh,6
SZABOLCS-SZATMÁR-BEREG,06,Nyírbátor,Hága,11
SZABOLCS-SZATMÁR-BEREG,06,Nyírbátor,Helsinki,1
SZABOLCS-SZATMÁR-BEREG,06,Nyírbátor,Innsbruck,2
SZABOLCS-SZATMÁR-BEREG,06,Nyírbátor,Kolozsvár,3
SZABOLCS-SZATMÁR-BEREG,06,Nyírbátor,Koppenhága,5
SZABOLCS-SZATMÁR-BEREG,06,Nyírbátor,Lisszabon,1
SZABOLCS-SZATMÁR-BEREG,06,Nyírbátor,London,36
SZABOLCS-SZATMÁR-BEREG,06,Nyírbátor,Los Angeles,1
SZABOLCS-SZATMÁR-BEREG,06,Nyírbátor,Lyon,2
SZABOLCS-SZATMÁR-BEREG,06,Nyírbátor,Madrid,1
SZABOLCS-SZATMÁR-BEREG,06,Nyírbátor,Manchester,12
SZABOLCS-SZATMÁR-BEREG,06,Nyírbátor,Mexikóváros,1
SZABOLCS-SZATMÁR-BEREG,06,Nyírbátor,Milánó,1
SZABOLCS-SZATMÁR-BEREG,06,Nyírbátor,München,22
SZABOLCS-SZATMÁR-BEREG,06,Nyírbátor,New York,3
SZABOLCS-SZATMÁR-BEREG,06,Nyírbátor,Nicosia,1
SZABOLCS-SZATMÁR-BEREG,06,Nyírbátor,Nürnberg,9
SZABOLCS-SZATMÁR-BEREG,06,Nyírbátor,Ottawa,3
SZABOLCS-SZATMÁR-BEREG,06,Nyírbátor,Párizs,3
SZABOLCS-SZATMÁR-BEREG,06,Nyírbátor,Prága,2
SZABOLCS-SZATMÁR-BEREG,06,Nyírbátor,Pristina,1
SZABOLCS-SZATMÁR-BEREG,06,Nyírbátor,Róma,4
SZABOLCS-SZATMÁR-BEREG,06,Nyírbátor,San Francisco,1
SZABOLCS-SZATMÁR-BEREG,06,Nyírbátor,Stockholm,2
SZABOLCS-SZATMÁR-BEREG,06,Nyírbátor,Stuttgart,13
SZABOLCS-SZATMÁR-BEREG,06,Nyírbátor,Teherán,1
SZABOLCS-SZATMÁR-BEREG,06,Nyírbátor,Tirana,1
SZABOLCS-SZATMÁR-BEREG,06,Nyírbátor,Tokió,1
SZABOLCS-SZATMÁR-BEREG,06,Nyírbátor,Toronto,4
SZABOLCS-SZATMÁR-BEREG,06,Nyírbátor,Újdelhi,1
SZABOLCS-SZATMÁR-BEREG,06,Nyírbátor,Ungvár,6
SZABOLCS-SZATMÁR-BEREG,06,Nyírbátor,Vancouver,1
SZABOLCS-SZATMÁR-BEREG,06,Nyírbátor,Wellington,1
TOLNA,01,Szekszárd,Ankara,1
TOLNA,01,Szekszárd,Athén,3
TOLNA,01,Szekszárd,Barcelona,2
TOLNA,01,Szekszárd,Bécs,20
TOLNA,01,Szekszárd,Berlin,16
TOLNA,01,Szekszárd,Bern,8
TOLNA,01,Szekszárd,Bogota,1
TOLNA,01,Szekszárd,Brüsszel,13
TOLNA,01,Szekszárd,Chicago,2
TOLNA,01,Szekszárd,Csíkszereda,14
TOLNA,01,Szekszárd,Dublin,9
TOLNA,01,Szekszárd,Düsseldorf,16
TOLNA,01,Szekszárd,Edinburgh,5
TOLNA,01,Szekszárd,Erbil,2
TOLNA,01,Szekszárd,Eszék,1
TOLNA,01,Szekszárd,Genf,1
TOLNA,01,Szekszárd,Hága,14
TOLNA,01,Szekszárd,Hanoi,1
TOLNA,01,Szekszárd,Helsinki,3
TOLNA,01,Szekszárd,Innsbruck,6
TOLNA,01,Szekszárd,Koppenhága,3
TOLNA,01,Szekszárd,Lima,1
TOLNA,01,Szekszárd,Lisszabon,1
TOLNA,01,Szekszárd,London,51
TOLNA,01,Szekszárd,Los Angeles,4
TOLNA,01,Szekszárd,Luxembourg,10
TOLNA,01,Szekszárd,Madrid,1
TOLNA,01,Szekszárd,Malaga,1
TOLNA,01,Szekszárd,Manchester,13
TOLNA,01,Szekszárd,Melbourne,2
TOLNA,01,Szekszárd,Miami,2
TOLNA,01,Szekszárd,Milánó,3
TOLNA,01,Szekszárd,München,48
TOLNA,01,Szekszárd,New York,2
TOLNA,01,Szekszárd,Nicosia,1
TOLNA,01,Szekszárd,Nürnberg,16
TOLNA,01,Szekszárd,Ottawa,1
TOLNA,01,Szekszárd,Panamaváros,2
TOLNA,01,Szekszárd,Párizs,7
TOLNA,01,Szekszárd,Peking,1
TOLNA,01,Szekszárd,Pretoria,2
TOLNA,01,Szekszárd,Pristina,2
TOLNA,01,Szekszárd,Rabat,1
TOLNA,01,Szekszárd,Róma,1
TOLNA,01,Szekszárd,San Francisco,1
TOLNA,01,Szekszárd,Stockholm,5
TOLNA,01,Szekszárd,Stuttgart,35
TOLNA,01,Szekszárd,Szabadka,6
TOLNA,01,Szekszárd,Szarajevó,3
TOLNA,01,Szekszárd,Szingapúr,1
TOLNA,01,Szekszárd,Szkopje,1
TOLNA,01,Szekszárd,Szöul,2
TOLNA,01,Szekszárd,Tallinn,2
TOLNA,01,Szekszárd,Tokió,2
TOLNA,01,Szekszárd,Toronto,7
TOLNA,01,Szekszárd,Valletta,1
TOLNA,01,Szekszárd,Washington,2
TOLNA,01,Szekszárd,Wroclaw,3
TOLNA,01,Szekszárd,Zágráb,1
TOLNA,02,Dombóvár,Abu Dhabi,1
TOLNA,02,Dombóvár,Athén,2
TOLNA,02,Dombóvár,Bangkok,1
TOLNA,02,Dombóvár,Barcelona,1
TOLNA,02,Dombóvár,Bécs,22
TOLNA,02,Dombóvár,Beregszász,1
TOLNA,02,Dombóvár,Berlin,17
TOLNA,02,Dombóvár,Bern,16
TOLNA,02,Dombóvár,Brüsszel,5
TOLNA,02,Dombóvár,Csíkszereda,5
TOLNA,02,Dombóvár,Dublin,4
TOLNA,02,Dombóvár,Düsseldorf,16
TOLNA,02,Dombóvár,Edinburgh,8
TOLNA,02,Dombóvár,Genf,1
TOLNA,02,Dombóvár,Hága,10
TOLNA,02,Dombóvár,Helsinki,2
TOLNA,02,Dombóvár,Innsbruck,8
TOLNA,02,Dombóvár,Kolozsvár,4
TOLNA,02,Dombóvár,Koppenhága,8
TOLNA,02,Dombóvár,Kuvait,1
TOLNA,02,Dombóvár,Lisszabon,1
TOLNA,02,Dombóvár,London,38
TOLNA,02,Dombóvár,Los Angeles,2
TOLNA,02,Dombóvár,Luxembourg,2
TOLNA,02,Dombóvár,Madrid,2
TOLNA,02,Dombóvár,Malaga,1
TOLNA,02,Dombóvár,Manchester,5
TOLNA,02,Dombóvár,Miami,1
TOLNA,02,Dombóvár,Milánó,4
TOLNA,02,Dombóvár,München,62
TOLNA,02,Dombóvár,New York,1
TOLNA,02,Dombóvár,Nürnberg,15
TOLNA,02,Dombóvár,Oslo,3
TOLNA,02,Dombóvár,Párizs,2
TOLNA,02,Dombóvár,Prága,1
TOLNA,02,Dombóvár,Riga,1
TOLNA,02,Dombóvár,Róma,3
TOLNA,02,Dombóvár,San Francisco,1
TOLNA,02,Dombóvár,Stockholm,6
TOLNA,02,Dombóvár,Strasbourg,3
TOLNA,02,Dombóvár,Stuttgart,34
TOLNA,02,Dombóvár,Sydney,1
TOLNA,02,Dombóvár,Szabadka,8
TOLNA,02,Dombóvár,Szarajevó,1
TOLNA,02,Dombóvár,Szkopje,2
TOLNA,02,Dombóvár,Valletta,2
TOLNA,03,Paks,Barcelona,3
TOLNA,03,Paks,Bécs,6
TOLNA,03,Paks,Beregszász,2
TOLNA,03,Paks,Berlin,8
TOLNA,03,Paks,Bern,25
TOLNA,03,Paks,Brüsszel,13
TOLNA,03,Paks,Bukarest,2
TOLNA,03,Paks,Chicago,1
TOLNA,03,Paks,Csíkszereda,13
TOLNA,03,Paks,Doha,1
TOLNA,03,Paks,Dublin,4
TOLNA,03,Paks,Düsseldorf,12
TOLNA,03,Paks,Edinburgh,2
TOLNA,03,Paks,Genf,1
TOLNA,03,Paks,Hága,16
TOLNA,03,Paks,Helsinki,1
TOLNA,03,Paks,Houston,1
TOLNA,03,Paks,Innsbruck,9
TOLNA,03,Paks,Jakarta,1
TOLNA,03,Paks,Kolozsvár,2
TOLNA,03,Paks,Koppenhága,2
TOLNA,03,Paks,London,26
TOLNA,03,Paks,Los Angeles,3
TOLNA,03,Paks,Luanda,1
TOLNA,03,Paks,Lyon,1
TOLNA,03,Paks,Madrid,4
TOLNA,03,Paks,Malaga,3
TOLNA,03,Paks,Manchester,5
TOLNA,03,Paks,Miami,1
TOLNA,03,Paks,Milánó,4
TOLNA,03,Paks,München,27
TOLNA,03,Paks,New York,1
TOLNA,03,Paks,Nürnberg,7
TOLNA,03,Paks,Oslo,3
TOLNA,03,Paks,Párizs,1
TOLNA,03,Paks,Prága,1
TOLNA,03,Paks,Pristina,2
TOLNA,03,Paks,Quito,1
TOLNA,03,Paks,Róma,4
TOLNA,03,Paks,Stockholm,2
TOLNA,03,Paks,Strasbourg,2
TOLNA,03,Paks,Stuttgart,12
TOLNA,03,Paks,Szabadka,5
TOLNA,03,Paks,Tallinn,1
TOLNA,03,Paks,Tokió,2
TOLNA,03,Paks,Valletta,3
VAS,01,Szombathely,Amman,3
VAS,01,Szombathely,Athén,3
VAS,01,Szombathely,Bangkok,1
VAS,01,Szombathely,Barcelona,6
VAS,01,Szombathely,Bécs,14
VAS,01,Szombathely,Berlin,21
VAS,01,Szombathely,Bern,28
VAS,01,Szombathely,Bogota,1
VAS,01,Szombathely,Brüsszel,12
VAS,01,Szombathely,Chicago,1
VAS,01,Szombathely,Csíkszereda,4
VAS,01,Szombathely,Dublin,7
VAS,01,Szombathely,Düsseldorf,15
VAS,01,Szombathely,Edinburgh,11
VAS,01,Szombathely,Gdansk,1
VAS,01,Szombathely,Genf,1
VAS,01,Szombathely,Hága,16
VAS,01,Szombathely,Helsinki,3
VAS,01,Szombathely,Innsbruck,8
VAS,01,Szombathely,Kassa,1
VAS,01,Szombathely,Koppenhága,9
VAS,01,Szombathely,Krakkó,2
VAS,01,Szombathely,Lisszabon,4
VAS,01,Szombathely,London,42
VAS,01,Szombathely,Los Angeles,1
VAS,01,Szombathely,Luxembourg,2
VAS,01,Szombathely,Lyon,1
VAS,01,Szombathely,Madrid,6
VAS,01,Szombathely,Malaga,5
VAS,01,Szombathely,Manchester,11
VAS,01,Szombathely,Melbourne,1
VAS,01,Szombathely,Milánó,4
VAS,01,Szombathely,München,22
VAS,01,Szombathely,New York,6
VAS,01,Szombathely,Nur-Szultán,1
VAS,01,Szombathely,Nürnberg,10
VAS,01,Szombathely,Oslo,1
VAS,01,Szombathely,Ottawa,1
VAS,01,Szombathely,Párizs,10
VAS,01,Szombathely,Peking,2
VAS,01,Szombathely,Prága,4
VAS,01,Szombathely,Pretoria,5
VAS,01,Szombathely,Rijád,1
VAS,01,Szombathely,Róma,9
VAS,01,Szombathely,Sanghaj,1
VAS,01,Szombathely,Sao Paulo,1
VAS,01,Szombathely,Stockholm,7
VAS,01,Szombathely,Stuttgart,28
VAS,01,Szombathely,Sydney,3
VAS,01,Szombathely,Szabadka,2
VAS,01,Szombathely,Szingapúr,2
VAS,01,Szombathely,Szkopje,2
VAS,01,Szombathely,Tallinn,1
VAS,01,Szombathely,Tel-Aviv,1
VAS,01,Szombathely,Ungvár,1
VAS,01,Szombathely,Valletta,4
VAS,01,Szombathely,Varsó,1
VAS,01,Szombathely,Washington,7
VAS,01,Szombathely,Zágráb,3
VAS,02,Sárvár,Abu Dhabi,1
VAS,02,Sárvár,Athén,1
VAS,02,Sárvár,Bangkok,2
VAS,02,Sárvár,Barcelona,7
VAS,02,Sárvár,Bécs,19
VAS,02,Sárvár,Belgrád,1
VAS,02,Sárvár,Beregszász,2
VAS,02,Sárvár,Berlin,17
VAS,02,Sárvár,Bern,8
VAS,02,Sárvár,Brüsszel,8
VAS,02,Sárvár,Csíkszereda,8
VAS,02,Sárvár,Dublin,3
VAS,02,Sárvár,Düsseldorf,8
VAS,02,Sárvár,Edinburgh,7
VAS,02,Sárvár,Hága,10
VAS,02,Sárvár,Helsinki,2
VAS,02,Sárvár,Innsbruck,5
VAS,02,Sárvár,Koppenhága,11
VAS,02,Sárvár,Lisszabon,2
VAS,02,Sárvár,Ljubljana,1
VAS,02,Sárvár,London,23
VAS,02,Sárvár,Luxembourg,6
VAS,02,Sárvár,Madrid,4
VAS,02,Sárvár,Malaga,3
VAS,02,Sárvár,Manchester,6
VAS,02,Sárvár,Miami,2
VAS,02,Sárvár,Montreal,1
VAS,02,Sárvár,München,11
VAS,02,Sárvár,New York,1
VAS,02,Sárvár,Nürnberg,4
VAS,02,Sárvár,Párizs,5
VAS,02,Sárvár,Prága,1
VAS,02,Sárvár,Riga,1
VAS,02,Sárvár,Róma,3
VAS,02,Sárvár,Stockholm,5
VAS,02,Sárvár,Stuttgart,14
VAS,02,Sárvár,Sydney,1
VAS,02,Sárvár,Taskent,1
VAS,02,Sárvár,Tel-Aviv,2
VAS,02,Sárvár,Tokió,2
VAS,02,Sárvár,Toronto,2
VAS,02,Sárvár,Ungvár,1
VAS,02,Sárvár,Valletta,3
VAS,02,Sárvár,Vancouver,1
VAS,02,Sárvár,Varsó,1
VAS,02,Sárvár,Vilnius,1
VAS,02,Sárvár,Washington,1
VAS,03,Körmend,Athén,1
VAS,03,Körmend,Barcelona,7
VAS,03,Körmend,Bécs,7
VAS,03,Körmend,Beregszász,1
VAS,03,Körmend,Berlin,9
VAS,03,Körmend,Bern,8
VAS,03,Körmend,Brüsszel,1
VAS,03,Körmend,Chicago,1
VAS,03,Körmend,Csíkszereda,4
VAS,03,Körmend,Dublin,1
VAS,03,Körmend,Düsseldorf,5
VAS,03,Körmend,Edinburgh,2
VAS,03,Körmend,Hága,6
VAS,03,Körmend,Hongkong,1
VAS,03,Körmend,Innsbruck,5
VAS,03,Körmend,Kolozsvár,1
VAS,03,Körmend,Koppenhága,5
VAS,03,Körmend,Krakkó,2
VAS,03,Körmend,Ljubljana,1
VAS,03,Körmend,London,16
VAS,03,Körmend,Luxembourg,2
VAS,03,Körmend,Lyon,1
VAS,03,Körmend,Madrid,2
VAS,03,Körmend,Malaga,6
VAS,03,Körmend,Manchester,5
VAS,03,Körmend,Melbourne,1
VAS,03,Körmend,Miami,3
VAS,03,Körmend,Milánó,2
VAS,03,Körmend,München,21
VAS,03,Körmend,New York,1
VAS,03,Körmend,Nicosia,1
VAS,03,Körmend,Nürnberg,5
VAS,03,Körmend,Oslo,1
VAS,03,Körmend,Párizs,1
VAS,03,Körmend,Prága,2
VAS,03,Körmend,Pretoria,2
VAS,03,Körmend,Quito,1
VAS,03,Körmend,Stockholm,3
VAS,03,Körmend,Strasbourg,1
VAS,03,Körmend,Stuttgart,7
VAS,03,Körmend,Szingapúr,2
VAS,03,Körmend,Szkopje,1
VAS,03,Körmend,Varsó,1
VAS,03,Körmend,Washington,1
VAS,03,Körmend,Wellington,2
VESZPRÉM,01,Veszprém,Abu Dhabi,2
VESZPRÉM,01,Veszprém,Accra,1
VESZPRÉM,01,Veszprém,Athén,2
VESZPRÉM,01,Veszprém,Barcelona,6
VESZPRÉM,01,Veszprém,Bécs,19
VESZPRÉM,01,Veszprém,Beregszász,1
VESZPRÉM,01,Veszprém,Berlin,16
VESZPRÉM,01,Veszprém,Bern,26
VESZPRÉM,01,Veszprém,Brüsszel,14
VESZPRÉM,01,Veszprém,Chicago,2
VESZPRÉM,01,Veszprém,Csíkszereda,11
VESZPRÉM,01,Veszprém,Dublin,13
VESZPRÉM,01,Veszprém,Düsseldorf,19
VESZPRÉM,01,Veszprém,Edinburgh,9
VESZPRÉM,01,Veszprém,Erbil,1
VESZPRÉM,01,Veszprém,Genf,5
VESZPRÉM,01,Veszprém,Hága,22
VESZPRÉM,01,Veszprém,Hanoi,1
VESZPRÉM,01,Veszprém,Havanna,1
VESZPRÉM,01,Veszprém,Helsinki,8
VESZPRÉM,01,Veszprém,Innsbruck,22
VESZPRÉM,01,Veszprém,Isztambul,4
VESZPRÉM,01,Veszprém,Kairó,1
VESZPRÉM,01,Veszprém,Kolozsvár,4
VESZPRÉM,01,Veszprém,Koppenhága,18
VESZPRÉM,01,Veszprém,Krakkó,1
VESZPRÉM,01,Veszprém,Kuala Lumpur,1
VESZPRÉM,01,Veszprém,Kuangcsou,1
VESZPRÉM,01,Veszprém,Lisszabon,2
VESZPRÉM,01,Veszprém,Ljubljana,1
VESZPRÉM,01,Veszprém,London,71
VESZPRÉM,01,Veszprém,Los Angeles,3
VESZPRÉM,01,Veszprém,Luxembourg,13
VESZPRÉM,01,Veszprém,Lyon,9
VESZPRÉM,01,Veszprém,Madrid,7
VESZPRÉM,01,Veszprém,Malaga,4
VESZPRÉM,01,Veszprém,Manchester,9
VESZPRÉM,01,Veszprém,Maszkat,1
VESZPRÉM,01,Veszprém,Miami,1
VESZPRÉM,01,Veszprém,Milánó,7
VESZPRÉM,01,Veszprém,Minszk,2
VESZPRÉM,01,Veszprém,Montreal,1
VESZPRÉM,01,Veszprém,München,38
VESZPRÉM,01,Veszprém,New York,8
VESZPRÉM,01,Veszprém,Nicosia,2
VESZPRÉM,01,Veszprém,Nürnberg,20
VESZPRÉM,01,Veszprém,Oslo,5
VESZPRÉM,01,Veszprém,Párizs,8
VESZPRÉM,01,Veszprém,Pozsony,1
VESZPRÉM,01,Veszprém,Prága,3
VESZPRÉM,01,Veszprém,Quito,1
VESZPRÉM,01,Veszprém,Riga,1
VESZPRÉM,01,Veszprém,Róma,7
VESZPRÉM,01,Veszprém,San Francisco,2
VESZPRÉM,01,Veszprém,Santiago de Chile,2
VESZPRÉM,01,Veszprém,Stockholm,11
VESZPRÉM,01,Veszprém,Strasbourg,7
VESZPRÉM,01,Veszprém,Stuttgart,53
VESZPRÉM,01,Veszprém,Szabadka,11
VESZPRÉM,01,Veszprém,Szarajevó,3
VESZPRÉM,01,Veszprém,Szingapúr,2
VESZPRÉM,01,Veszprém,Tallinn,3
VESZPRÉM,01,Veszprém,Tokió,1
VESZPRÉM,01,Veszprém,Toronto,3
VESZPRÉM,01,Veszprém,Valletta,4
VESZPRÉM,01,Veszprém,Vancouver,2
VESZPRÉM,01,Veszprém,Varsó,3
VESZPRÉM,01,Veszprém,Vilnius,2
VESZPRÉM,01,Veszprém,Washington,3
VESZPRÉM,01,Veszprém,Wellington,1
VESZPRÉM,01,Veszprém,Wroclaw,1
VESZPRÉM,01,Veszprém,Zágráb,2
VESZPRÉM,02,Balatonfüred,Abu Dhabi,2
VESZPRÉM,02,Balatonfüred,Bangkok,1
VESZPRÉM,02,Balatonfüred,Barcelona,11
VESZPRÉM,02,Balatonfüred,Bécs,25
VESZPRÉM,02,Balatonfüred,Bejrút,1
VESZPRÉM,02,Balatonfüred,Belgrád,2
VESZPRÉM,02,Balatonfüred,Beregszász,2
VESZPRÉM,02,Balatonfüred,Berlin,33
VESZPRÉM,02,Balatonfüred,Bern,42
VESZPRÉM,02,Balatonfüred,Brüsszel,13
VESZPRÉM,02,Balatonfüred,Buenos Aires,2
VESZPRÉM,02,Balatonfüred,Bukarest,6
VESZPRÉM,02,Balatonfüred,Canberra,1
VESZPRÉM,02,Balatonfüred,Chicago,1
VESZPRÉM,02,Balatonfüred,Csíkszereda,17
VESZPRÉM,02,Balatonfüred,Doha,3
VESZPRÉM,02,Balatonfüred,Dublin,15
VESZPRÉM,02,Balatonfüred,Düsseldorf,18
VESZPRÉM,02,Balatonfüred,Edinburgh,13
VESZPRÉM,02,Balatonfüred,Genf,11
VESZPRÉM,02,Balatonfüred,Hága,32
VESZPRÉM,02,Balatonfüred,Havanna,2
VESZPRÉM,02,Balatonfüred,Helsinki,5
VESZPRÉM,02,Balatonfüred,Houston,1
VESZPRÉM,02,Balatonfüred,Innsbruck,18
VESZPRÉM,02,Balatonfüred,Jakarta,2
VESZPRÉM,02,Balatonfüred,Kairó,1
VESZPRÉM,02,Balatonfüred,Kolozsvár,15
VESZPRÉM,02,Balatonfüred,Koppenhága,24
VESZPRÉM,02,Balatonfüred,Krakkó,3
VESZPRÉM,02,Balatonfüred,Kuangcsou,1
VESZPRÉM,02,Balatonfüred,Lima,2
VESZPRÉM,02,Balatonfüred,Lisszabon,8
VESZPRÉM,02,Balatonfüred,Ljubljana,6
VESZPRÉM,02,Balatonfüred,London,86
VESZPRÉM,02,Balatonfüred,Los Angeles,4
VESZPRÉM,02,Balatonfüred,Luxembourg,7
VESZPRÉM,02,Balatonfüred,Lyon,6
VESZPRÉM,02,Balatonfüred,Madrid,5
VESZPRÉM,02,Balatonfüred,Malaga,4
VESZPRÉM,02,Balatonfüred,Manchester,22
VESZPRÉM,02,Balatonfüred,Maszkat,2
VESZPRÉM,02,Balatonfüred,Melbourne,1
VESZPRÉM,02,Balatonfüred,Miami,2
VESZPRÉM,02,Balatonfüred,Milánó,15
VESZPRÉM,02,Balatonfüred,Moszkva,1
VESZPRÉM,02,Balatonfüred,München,78
VESZPRÉM,02,Balatonfüred,Nairobi,2
VESZPRÉM,02,Balatonfüred,New York,5
VESZPRÉM,02,Balatonfüred,Nicosia,2
VESZPRÉM,02,Balatonfüred,Nur-Szultán,2
VESZPRÉM,02,Balatonfüred,Nürnberg,29
VESZPRÉM,02,Balatonfüred,Oslo,8
VESZPRÉM,02,Balatonfüred,Párizs,11
VESZPRÉM,02,Balatonfüred,Pozsony,1
VESZPRÉM,02,Balatonfüred,Prága,5
VESZPRÉM,02,Balatonfüred,Pretoria,2
VESZPRÉM,02,Balatonfüred,Riga,1
VESZPRÉM,02,Balatonfüred,Róma,12
VESZPRÉM,02,Balatonfüred,Stockholm,4
VESZPRÉM,02,Balatonfüred,Strasbourg,6
VESZPRÉM,02,Balatonfüred,Stuttgart,49
VESZPRÉM,02,Balatonfüred,Sydney,2
VESZPRÉM,02,Balatonfüred,Szabadka,4
VESZPRÉM,02,Balatonfüred,Szarajevó,1
VESZPRÉM,02,Balatonfüred,Szingapúr,1
VESZPRÉM,02,Balatonfüred,Tallinn,2
VESZPRÉM,02,Balatonfüred,Teherán,1
VESZPRÉM,02,Balatonfüred,Tokió,3
VESZPRÉM,02,Balatonfüred,Toronto,2
VESZPRÉM,02,Balatonfüred,Tunisz,1
VESZPRÉM,02,Balatonfüred,Ulánbátor,1
VESZPRÉM,02,Balatonfüred,Valletta,5
VESZPRÉM,02,Balatonfüred,Vancouver,3
VESZPRÉM,02,Balatonfüred,Varsó,1
VESZPRÉM,02,Balatonfüred,Washington,3
VESZPRÉM,02,Balatonfüred,Zágráb,2
VESZPRÉM,03,Tapolca,Abu Dhabi,2
VESZPRÉM,03,Tapolca,Amman,1
VESZPRÉM,03,Tapolca,Athén,1
VESZPRÉM,03,Tapolca,Barcelona,2
VESZPRÉM,03,Tapolca,Bécs,18
VESZPRÉM,03,Tapolca,Bejrút,1
VESZPRÉM,03,Tapolca,Berlin,24
VESZPRÉM,03,Tapolca,Bern,26
VESZPRÉM,03,Tapolca,Brüsszel,15
VESZPRÉM,03,Tapolca,Chisinau,1
VESZPRÉM,03,Tapolca,Csíkszereda,12
VESZPRÉM,03,Tapolca,Dublin,12
VESZPRÉM,03,Tapolca,Düsseldorf,14
VESZPRÉM,03,Tapolca,Edinburgh,4
VESZPRÉM,03,Tapolca,Erbil,1
VESZPRÉM,03,Tapolca,Genf,4
VESZPRÉM,03,Tapolca,Hága,27
VESZPRÉM,03,Tapolca,Helsinki,2
VESZPRÉM,03,Tapolca,Ho Si Minh-város,1
VESZPRÉM,03,Tapolca,Innsbruck,18
VESZPRÉM,03,Tapolca,Kassa,1
VESZPRÉM,03,Tapolca,Kolozsvár,10
VESZPRÉM,03,Tapolca,Koppenhága,7
VESZPRÉM,03,Tapolca,Lisszabon,2
VESZPRÉM,03,Tapolca,London,45
VESZPRÉM,03,Tapolca,Los Angeles,1
VESZPRÉM,03,Tapolca,Luxembourg,4
VESZPRÉM,03,Tapolca,Lyon,3
VESZPRÉM,03,Tapolca,Madrid,3
VESZPRÉM,03,Tapolca,Malaga,1
VESZPRÉM,03,Tapolca,Manchester,14
VESZPRÉM,03,Tapolca,Miami,2
VESZPRÉM,03,Tapolca,Milánó,6
VESZPRÉM,03,Tapolca,Montreal,1
VESZPRÉM,03,Tapolca,München,24
VESZPRÉM,03,Tapolca,New York,1
VESZPRÉM,03,Tapolca,Nürnberg,14
VESZPRÉM,03,Tapolca,Oslo,2
VESZPRÉM,03,Tapolca,Párizs,14
VESZPRÉM,03,Tapolca,Peking,1
VESZPRÉM,03,Tapolca,Prága,2
VESZPRÉM,03,Tapolca,Pretoria,1
VESZPRÉM,03,Tapolca,Róma,3
VESZPRÉM,03,Tapolca,San Francisco,3
VESZPRÉM,03,Tapolca,Sanghaj,2
VESZPRÉM,03,Tapolca,Stockholm,5
VESZPRÉM,03,Tapolca,Strasbourg,3
VESZPRÉM,03,Tapolca,Stuttgart,20
VESZPRÉM,03,Tapolca,Sydney,1
VESZPRÉM,03,Tapolca,Szabadka,1
VESZPRÉM,03,Tapolca,Szkopje,2
VESZPRÉM,03,Tapolca,Szöul,1
VESZPRÉM,03,Tapolca,Tallinn,1
VESZPRÉM,03,Tapolca,Tokió,1
VESZPRÉM,03,Tapolca,Toronto,1
VESZPRÉM,03,Tapolca,Valletta,4
VESZPRÉM,03,Tapolca,Varsó,2
VESZPRÉM,03,Tapolca,Vientián,1
VESZPRÉM,03,Tapolca,Wellington,1
VESZPRÉM,03,Tapolca,Wroclaw,1
VESZPRÉM,04,Pápa,Bangkok,1
VESZPRÉM,04,Pápa,Barcelona,4
VESZPRÉM,04,Pápa,Bécs,14
VESZPRÉM,04,Pápa,Beregszász,4
VESZPRÉM,04,Pápa,Berlin,7
VESZPRÉM,04,Pápa,Bern,20
VESZPRÉM,04,Pápa,Brüsszel,7
VESZPRÉM,04,Pápa,Csíkszereda,4
VESZPRÉM,04,Pápa,Dublin,5
VESZPRÉM,04,Pápa,Düsseldorf,8
VESZPRÉM,04,Pápa,Edinburgh,6
VESZPRÉM,04,Pápa,Genf,1
VESZPRÉM,04,Pápa,Hága,9
VESZPRÉM,04,Pápa,Helsinki,2
VESZPRÉM,04,Pápa,Innsbruck,5
VESZPRÉM,04,Pápa,Isztambul,2
VESZPRÉM,04,Pápa,Jakarta,2
VESZPRÉM,04,Pápa,Kolozsvár,2
VESZPRÉM,04,Pápa,Koppenhága,5
VESZPRÉM,04,Pápa,Krakkó,3
VESZPRÉM,04,Pápa,Kuvait,1
VESZPRÉM,04,Pápa,Lisszabon,1
VESZPRÉM,04,Pápa,London,21
VESZPRÉM,04,Pápa,Luxembourg,5
VESZPRÉM,04,Pápa,Madrid,3
VESZPRÉM,04,Pápa,Malaga,3
VESZPRÉM,04,Pápa,Manchester,10
VESZPRÉM,04,Pápa,Melbourne,1
VESZPRÉM,04,Pápa,Miami,1
VESZPRÉM,04,Pápa,Milánó,2
VESZPRÉM,04,Pápa,Montevideo,1
VESZPRÉM,04,Pápa,Montreal,1
VESZPRÉM,04,Pápa,München,35
VESZPRÉM,04,Pápa,New York,5
VESZPRÉM,04,Pápa,Nicosia,1
VESZPRÉM,04,Pápa,Nürnberg,9
VESZPRÉM,04,Pápa,Oslo,2
VESZPRÉM,04,Pápa,Párizs,3
VESZPRÉM,04,Pápa,Podgorica,1
VESZPRÉM,04,Pápa,Pozsony,1
VESZPRÉM,04,Pápa,Prága,1
VESZPRÉM,04,Pápa,Pristina,1
VESZPRÉM,04,Pápa,Quito,1
VESZPRÉM,04,Pápa,Róma,1
VESZPRÉM,04,Pápa,Sao Paulo,1
VESZPRÉM,04,Pápa,Stockholm,4
VESZPRÉM,04,Pápa,Strasbourg,1
VESZPRÉM,04,Pápa,Stuttgart,21
VESZPRÉM,04,Pápa,Szabadka,1
VESZPRÉM,04,Pápa,Szófia,1
VESZPRÉM,04,Pápa,Tallinn,1
VESZPRÉM,04,Pápa,Taskent,1
VESZPRÉM,04,Pápa,Tokió,1
VESZPRÉM,04,Pápa,Toronto,4
VESZPRÉM,04,Pápa,Valletta,2
VESZPRÉM,04,Pápa,Washington,4
VESZPRÉM,04,Pápa,Wellington,5
ZALA,01,Zalaegerszeg,Abu Dhabi,2
ZALA,01,Zalaegerszeg,Almati,1
ZALA,01,Zalaegerszeg,Athén,1
ZALA,01,Zalaegerszeg,Bangkok,1
ZALA,01,Zalaegerszeg,Barcelona,8
ZALA,01,Zalaegerszeg,Bécs,26
ZALA,01,Zalaegerszeg,Beregszász,1
ZALA,01,Zalaegerszeg,Berlin,14
ZALA,01,Zalaegerszeg,Bern,38
ZALA,01,Zalaegerszeg,Bogota,1
ZALA,01,Zalaegerszeg,Brüsszel,13
ZALA,01,Zalaegerszeg,Chicago,2
ZALA,01,Zalaegerszeg,Csíkszereda,10
ZALA,01,Zalaegerszeg,Csungking,1
ZALA,01,Zalaegerszeg,Dublin,10
ZALA,01,Zalaegerszeg,Düsseldorf,17
ZALA,01,Zalaegerszeg,Edinburgh,10
ZALA,01,Zalaegerszeg,Erbil,1
ZALA,01,Zalaegerszeg,Genf,1
ZALA,01,Zalaegerszeg,Hága,27
ZALA,01,Zalaegerszeg,Helsinki,4
ZALA,01,Zalaegerszeg,Ho Si Minh-város,1
ZALA,01,Zalaegerszeg,Hongkong,1
ZALA,01,Zalaegerszeg,Houston,2
ZALA,01,Zalaegerszeg,Innsbruck,13
ZALA,01,Zalaegerszeg,Isztambul,1
ZALA,01,Zalaegerszeg,Kolozsvár,2
ZALA,01,Zalaegerszeg,Koppenhága,13
ZALA,01,Zalaegerszeg,Lendva,1
ZALA,01,Zalaegerszeg,Lisszabon,5
ZALA,01,Zalaegerszeg,London,38
ZALA,01,Zalaegerszeg,Luxembourg,8
ZALA,01,Zalaegerszeg,Lyon,4
ZALA,01,Zalaegerszeg,Madrid,1
ZALA,01,Zalaegerszeg,Malaga,5
ZALA,01,Zalaegerszeg,Manchester,19
ZALA,01,Zalaegerszeg,Melbourne,1
ZALA,01,Zalaegerszeg,Milánó,2
ZALA,01,Zalaegerszeg,Montreal,1
ZALA,01,Zalaegerszeg,Moszkva,2
ZALA,01,Zalaegerszeg,München,49
ZALA,01,Zalaegerszeg,New York,5
ZALA,01,Zalaegerszeg,Nicosia,2
ZALA,01,Zalaegerszeg,Nürnberg,11
ZALA,01,Zalaegerszeg,Oslo,6
ZALA,01,Zalaegerszeg,Párizs,7
ZALA,01,Zalaegerszeg,Prága,1
ZALA,01,Zalaegerszeg,Pristina,1
ZALA,01,Zalaegerszeg,Róma,6
ZALA,01,Zalaegerszeg,San Francisco,1
ZALA,01,Zalaegerszeg,Sanghaj,2
ZALA,01,Zalaegerszeg,Stockholm,8
ZALA,01,Zalaegerszeg,Strasbourg,2
ZALA,01,Zalaegerszeg,Stuttgart,31
ZALA,01,Zalaegerszeg,Szabadka,2
ZALA,01,Zalaegerszeg,Szingapúr,1
ZALA,01,Zalaegerszeg,Szkopje,1
ZALA,01,Zalaegerszeg,Tel-Aviv,1
ZALA,01,Zalaegerszeg,Tokió,1
ZALA,01,Zalaegerszeg,Toronto,4
ZALA,01,Zalaegerszeg,Valletta,5
ZALA,01,Zalaegerszeg,Vancouver,2
ZALA,01,Zalaegerszeg,Varsó,1
ZALA,01,Zalaegerszeg,Vientián,1
ZALA,01,Zalaegerszeg,Vilnius,1
ZALA,01,Zalaegerszeg,Zágráb,1
ZALA,02,Keszthely,Abu Dhabi,3
ZALA,02,Keszthely,Barcelona,16
ZALA,02,Keszthely,Bécs,41
ZALA,02,Keszthely,Berlin,16
ZALA,02,Keszthely,Bern,41
ZALA,02,Keszthely,Brüsszel,20
ZALA,02,Keszthely,Chicago,1
ZALA,02,Keszthely,Chisinau,2
ZALA,02,Keszthely,Csíkszereda,10
ZALA,02,Keszthely,Doha,2
ZALA,02,Keszthely,Dublin,15
ZALA,02,Keszthely,Düsseldorf,30
ZALA,02,Keszthely,Edinburgh,7
ZALA,02,Keszthely,Genf,2
ZALA,02,Keszthely,Hága,14
ZALA,02,Keszthely,Hanoi,1
ZALA,02,Keszthely,Helsinki,6
ZALA,02,Keszthely,Innsbruck,28
ZALA,02,Keszthely,Isztambul,2
ZALA,02,Keszthely,Kolozsvár,1
ZALA,02,Keszthely,Koppenhága,4
ZALA,02,Keszthely,Krakkó,4
ZALA,02,Keszthely,Lisszabon,3
ZALA,02,Keszthely,Ljubljana,1
ZALA,02,Keszthely,London,49
ZALA,02,Keszthely,Los Angeles,3
ZALA,02,Keszthely,Luxembourg,7
ZALA,02,Keszthely,Lyon,3
ZALA,02,Keszthely,Malaga,4
ZALA,02,Keszthely,Manchester,9
ZALA,02,Keszthely,Mexikóváros,2
ZALA,02,Keszthely,Milánó,2
ZALA,02,Keszthely,Moszkva,1
ZALA,02,Keszthely,München,58
ZALA,02,Keszthely,New York,2
ZALA,02,Keszthely,Nürnberg,9
ZALA,02,Keszthely,Oslo,10
ZALA,02,Keszthely,Párizs,4
ZALA,02,Keszthely,Pozsony,1
ZALA,02,Keszthely,Prága,6
ZALA,02,Keszthely,Riga,1
ZALA,02,Keszthely,Rijád,1
ZALA,02,Keszthely,Róma,3
ZALA,02,Keszthely,San Francisco,2
ZALA,02,Keszthely,Santiago de Chile,1
ZALA,02,Keszthely,Stockholm,3
ZALA,02,Keszthely,Strasbourg,2
ZALA,02,Keszthely,Stuttgart,35
ZALA,02,Keszthely,Sydney,1
ZALA,02,Keszthely,Szabadka,1
ZALA,02,Keszthely,Szentpétervár,1
ZALA,02,Keszthely,Szingapúr,5
ZALA,02,Keszthely,Tallinn,2
ZALA,02,Keszthely,Tirana,1
ZALA,02,Keszthely,Toronto,3
ZALA,02,Keszthely,Valletta,2
ZALA,02,Keszthely,Vancouver,2
ZALA,02,Keszthely,Washington,3
ZALA,02,Keszthely,Wroclaw,1
ZALA,03,Nagykanizsa,Amman,1
ZALA,03,Nagykanizsa,Athén,2
ZALA,03,Nagykanizsa,Barcelona,6
ZALA,03,Nagykanizsa,Bécs,13
ZALA,03,Nagykanizsa,Berlin,17
ZALA,03,Nagykanizsa,Bern,21
ZALA,03,Nagykanizsa,Bogota,1
ZALA,03,Nagykanizsa,Brüsszel,7
ZALA,03,Nagykanizsa,Chicago,1
ZALA,03,Nagykanizsa,Chisinau,1
ZALA,03,Nagykanizsa,Csíkszereda,4
ZALA,03,Nagykanizsa,Dublin,10
ZALA,03,Nagykanizsa,Düsseldorf,8
ZALA,03,Nagykanizsa,Edinburgh,10
ZALA,03,Nagykanizsa,Genf,4
ZALA,03,Nagykanizsa,Hága,20
ZALA,03,Nagykanizsa,Helsinki,2
ZALA,03,Nagykanizsa,Hongkong,1
ZALA,03,Nagykanizsa,Houston,1
ZALA,03,Nagykanizsa,Innsbruck,14
ZALA,03,Nagykanizsa,Kolozsvár,8
ZALA,03,Nagykanizsa,Koppenhága,6
ZALA,03,Nagykanizsa,Lendva,1
ZALA,03,Nagykanizsa,Lisszabon,2
ZALA,03,Nagykanizsa,London,57
ZALA,03,Nagykanizsa,Los Angeles,3
ZALA,03,Nagykanizsa,Luxembourg,2
ZALA,03,Nagykanizsa,Madrid,4
ZALA,03,Nagykanizsa,Manchester,9
ZALA,03,Nagykanizsa,Milánó,1
ZALA,03,Nagykanizsa,Montreal,1
ZALA,03,Nagykanizsa,München,45
ZALA,03,Nagykanizsa,New York,5
ZALA,03,Nagykanizsa,Nicosia,1
ZALA,03,Nagykanizsa,Nürnberg,10
ZALA,03,Nagykanizsa,Oslo,4
ZALA,03,Nagykanizsa,Párizs,6
ZALA,03,Nagykanizsa,Prága,1
ZALA,03,Nagykanizsa,Pretoria,1
ZALA,03,Nagykanizsa,Pristina,1
ZALA,03,Nagykanizsa,Quito,1
ZALA,03,Nagykanizsa,Róma,5
ZALA,03,Nagykanizsa,Stockholm,8
ZALA,03,Nagykanizsa,Strasbourg,2
ZALA,03,Nagykanizsa,Stuttgart,25
ZALA,03,Nagykanizsa,Szabadka,3
ZALA,03,Nagykanizsa,Szkopje,1
ZALA,03,Nagykanizsa,Tallinn,1
ZALA,03,Nagykanizsa,Tel-Aviv,2
ZALA,03,Nagykanizsa,Tirana,1
ZALA,03,Nagykanizsa,Tunisz,1
ZALA,03,Nagykanizsa,Valletta,2
ZALA,03,Nagykanizsa,Varsó,1
ZALA,03,Nagykanizsa,Vilnius,1
ZALA,03,Nagykanizsa,Washington,1
ZALA,03,Nagykanizsa,Wellington,2
ZALA,03,Nagykanizsa,Zágráb,2
