MEGYE,OEVK,SZEKHELY,KULKEPVISELET,VALASZTOK
BUDAPEST,01,Budapest V. kerület,Abu Dhabi,22
BUDAPEST,01,Budapest V. kerület,Accra,1
BUDAPEST,01,Budapest V. kerület,Algír,2
BUDAPEST,01,Budapest V. kerület,Amman,2
BUDAPEST,01,Budapest V. kerület,Ankara,1
BUDAPEST,01,Budapest V. kerület,Athén,15
BUDAPEST,01,Budapest V. kerület,Baku,1
BUDAPEST,01,Budapest V. kerület,Bangkok,16
BUDAPEST,01,Budapest V. kerület,Barcelona,72
BUDAPEST,01,Budapest V. kerület,Bécs,89
BUDAPEST,01,Budapest V. kerület,Belgrád,1
BUDAPEST,01,Budapest V. kerület,Berlin,119
BUDAPEST,01,Budapest V. kerület,Bern,133
BUDAPEST,01,Budapest V. kerület,Bogota,3
BUDAPEST,01,Budapest V. kerület,Brazíliaváros,3
BUDAPEST,01,Budapest V. kerület,Brüsszel,123
BUDAPEST,01,Budapest V. kerület,Buenos Aires,6
BUDAPEST,01,Budapest V. kerület,Bukarest,5
BUDAPEST,01,Budapest V. kerület,Canberra,3
BUDAPEST,01,Budapest V. kerület,Chicago,29
BUDAPEST,01,Budapest V. kerület,Kisinyov,2
BUDAPEST,01,Budapest V. kerület,Csíkszereda,87
BUDAPEST,01,Budapest V. kerület,Csungking,1
BUDAPEST,01,Budapest V. kerület,Doha,4
BUDAPEST,01,Budapest V. kerület,Dublin,37
BUDAPEST,01,Budapest V. kerület,Düsseldorf,69
BUDAPEST,01,Budapest V. kerület,Edinburgh,33
BUDAPEST,01,Budapest V. kerület,Gdansk,4
BUDAPEST,01,Budapest V. kerület,Genf,31
BUDAPEST,01,Budapest V. kerület,Hága,178
BUDAPEST,01,Budapest V. kerület,Hanoi,10
BUDAPEST,01,Budapest V. kerület,Helsinki,16
BUDAPEST,01,Budapest V. kerület,Ho Chi Minh Város,4
BUDAPEST,01,Budapest V. kerület,Hongkong,8
BUDAPEST,01,Budapest V. kerület,Houston,6
BUDAPEST,01,Budapest V. kerület,Innsbruck,18
BUDAPEST,01,Budapest V. kerület,Isztambul,8
BUDAPEST,01,Budapest V. kerület,Jakarta,8
BUDAPEST,01,Budapest V. kerület,Kairó,7
BUDAPEST,01,Budapest V. kerület,Kigali,2
BUDAPEST,01,Budapest V. kerület,Kolozsvár,41
BUDAPEST,01,Budapest V. kerület,Koppenhága,52
BUDAPEST,01,Budapest V. kerület,Krakkó,9
BUDAPEST,01,Budapest V. kerület,Kuala Lumpur,3
BUDAPEST,01,Budapest V. kerület,Kuangcsou,1
BUDAPEST,01,Budapest V. kerület,Kuvait,1
BUDAPEST,01,Budapest V. kerület,Lima,3
BUDAPEST,01,Budapest V. kerület,Lisszabon,30
BUDAPEST,01,Budapest V. kerület,Ljubljana,9
BUDAPEST,01,Budapest V. kerület,London,252
BUDAPEST,01,Budapest V. kerület,Los Angeles,35
BUDAPEST,01,Budapest V. kerület,Luxembourg,30
BUDAPEST,01,Budapest V. kerület,Lyon,25
BUDAPEST,01,Budapest V. kerület,Madrid,47
BUDAPEST,01,Budapest V. kerület,Malaga,49
BUDAPEST,01,Budapest V. kerület,Manchester,35
BUDAPEST,01,Budapest V. kerület,Manila,7
BUDAPEST,01,Budapest V. kerület,Maszkat,5
BUDAPEST,01,Budapest V. kerület,Melbourne,15
BUDAPEST,01,Budapest V. kerület,Mexikóváros,1
BUDAPEST,01,Budapest V. kerület,Miami,29
BUDAPEST,01,Budapest V. kerület,Milánó,45
BUDAPEST,01,Budapest V. kerület,Montreal,11
BUDAPEST,01,Budapest V. kerület,Moszkva,7
BUDAPEST,01,Budapest V. kerület,Mumbai,3
BUDAPEST,01,Budapest V. kerület,München,75
BUDAPEST,01,Budapest V. kerület,Nairobi,2
BUDAPEST,01,Budapest V. kerület,New York,96
BUDAPEST,01,Budapest V. kerület,Nicosia,9
BUDAPEST,01,Budapest V. kerület,Nürnberg,26
BUDAPEST,01,Budapest V. kerület,Osaka,6
BUDAPEST,01,Budapest V. kerület,Osló,29
BUDAPEST,01,Budapest V. kerület,Ottawa,3
BUDAPEST,01,Budapest V. kerület,Panamaváros,1
BUDAPEST,01,Budapest V. kerület,Párizs,107
BUDAPEST,01,Budapest V. kerület,Peking,4
BUDAPEST,01,Budapest V. kerület,Podgorica,8
BUDAPEST,01,Budapest V. kerület,Pozsony,5
BUDAPEST,01,Budapest V. kerület,Prága,26
BUDAPEST,01,Budapest V. kerület,Pretoria,3
BUDAPEST,01,Budapest V. kerület,Pristina,5
BUDAPEST,01,Budapest V. kerület,Quito,1
BUDAPEST,01,Budapest V. kerület,Rabat,3
BUDAPEST,01,Budapest V. kerület,Rijád,3
BUDAPEST,01,Budapest V. kerület,Róma,66
BUDAPEST,01,Budapest V. kerület,San Francisco,27
BUDAPEST,01,Budapest V. kerület,Sanghaj,13
BUDAPEST,01,Budapest V. kerület,Santiago de Chile,2
BUDAPEST,01,Budapest V. kerület,Sao Paulo,5
BUDAPEST,01,Budapest V. kerület,Stockholm,48
BUDAPEST,01,Budapest V. kerület,Strasbourg,18
BUDAPEST,01,Budapest V. kerület,Stuttgart,60
BUDAPEST,01,Budapest V. kerület,Sydney,21
BUDAPEST,01,Budapest V. kerület,Szabadka,23
BUDAPEST,01,Budapest V. kerület,Szarajevó,1
BUDAPEST,01,Budapest V. kerület,Szentpétervár,1
BUDAPEST,01,Budapest V. kerület,Szingapúr,7
BUDAPEST,01,Budapest V. kerület,Szkopje,2
BUDAPEST,01,Budapest V. kerület,Szófia,7
BUDAPEST,01,Budapest V. kerület,Szöul,9
BUDAPEST,01,Budapest V. kerület,Tallinn,3
BUDAPEST,01,Budapest V. kerület,Taskent,1
BUDAPEST,01,Budapest V. kerület,Tel-Aviv,19
BUDAPEST,01,Budapest V. kerület,Tirana,2
BUDAPEST,01,Budapest V. kerület,Tokió,35
BUDAPEST,01,Budapest V. kerület,Toronto,31
BUDAPEST,01,Budapest V. kerület,Tunisz,1
BUDAPEST,01,Budapest V. kerület,Újdelhi,5
BUDAPEST,01,Budapest V. kerület,Ungvár,4
BUDAPEST,01,Budapest V. kerület,Valletta,8
BUDAPEST,01,Budapest V. kerület,Vancouver,11
BUDAPEST,01,Budapest V. kerület,Varsó,12
BUDAPEST,01,Budapest V. kerület,Vientián,1
BUDAPEST,01,Budapest V. kerület,Vilnius,4
BUDAPEST,01,Budapest V. kerület,Washington,28
BUDAPEST,01,Budapest V. kerület,Wellington,11
BUDAPEST,01,Budapest V. kerület,Wroclaw,1
BUDAPEST,01,Budapest V. kerület,Zágráb,4
BUDAPEST,02,Budapest VIII. kerület,Abu Dhabi,14
BUDAPEST,02,Budapest VIII. kerület,Ankara,2
BUDAPEST,02,Budapest VIII. kerület,Athén,19
BUDAPEST,02,Budapest VIII. kerület,Bangkok,12
BUDAPEST,02,Budapest VIII. kerület,Barcelona,51
BUDAPEST,02,Budapest VIII. kerület,Bécs,75
BUDAPEST,02,Budapest VIII. kerület,Bejrút,1
BUDAPEST,02,Budapest VIII. kerület,Belgrád,2
BUDAPEST,02,Budapest VIII. kerület,Beregszász,5
BUDAPEST,02,Budapest VIII. kerület,Berlin,98
BUDAPEST,02,Budapest VIII. kerület,Bern,97
BUDAPEST,02,Budapest VIII. kerület,Brüsszel,89
BUDAPEST,02,Budapest VIII. kerület,Buenos Aires,4
BUDAPEST,02,Budapest VIII. kerület,Bukarest,12
BUDAPEST,02,Budapest VIII. kerület,Canberra,2
BUDAPEST,02,Budapest VIII. kerület,Chicago,13
BUDAPEST,02,Budapest VIII. kerület,Csíkszereda,99
BUDAPEST,02,Budapest VIII. kerület,Csungking,1
BUDAPEST,02,Budapest VIII. kerület,Dakka,1
BUDAPEST,02,Budapest VIII. kerület,Dar Es-Salaam,1
BUDAPEST,02,Budapest VIII. kerület,Doha,6
BUDAPEST,02,Budapest VIII. kerület,Dublin,45
BUDAPEST,02,Budapest VIII. kerület,Düsseldorf,46
BUDAPEST,02,Budapest VIII. kerület,Edinburgh,29
BUDAPEST,02,Budapest VIII. kerület,Eszék,1
BUDAPEST,02,Budapest VIII. kerület,Gdansk,4
BUDAPEST,02,Budapest VIII. kerület,Genf,17
BUDAPEST,02,Budapest VIII. kerület,Hága,158
BUDAPEST,02,Budapest VIII. kerület,Hanoi,9
BUDAPEST,02,Budapest VIII. kerület,Helsinki,16
BUDAPEST,02,Budapest VIII. kerület,Ho Chi Minh Város,4
BUDAPEST,02,Budapest VIII. kerület,Hongkong,4
BUDAPEST,02,Budapest VIII. kerület,Houston,7
BUDAPEST,02,Budapest VIII. kerület,Innsbruck,35
BUDAPEST,02,Budapest VIII. kerület,Iszlámábád,1
BUDAPEST,02,Budapest VIII. kerület,Isztambul,6
BUDAPEST,02,Budapest VIII. kerület,Jakarta,4
BUDAPEST,02,Budapest VIII. kerület,Jereván,2
BUDAPEST,02,Budapest VIII. kerület,Kairó,6
BUDAPEST,02,Budapest VIII. kerület,Kassa,1
BUDAPEST,02,Budapest VIII. kerület,Kolozsvár,32
BUDAPEST,02,Budapest VIII. kerület,Koppenhága,70
BUDAPEST,02,Budapest VIII. kerület,Krakkó,5
BUDAPEST,02,Budapest VIII. kerület,Kuala Lumpur,2
BUDAPEST,02,Budapest VIII. kerület,Kuangcsou,2
BUDAPEST,02,Budapest VIII. kerület,Lendva,1
BUDAPEST,02,Budapest VIII. kerület,Lisszabon,33
BUDAPEST,02,Budapest VIII. kerület,Ljubljana,10
BUDAPEST,02,Budapest VIII. kerület,London,216
BUDAPEST,02,Budapest VIII. kerület,Los Angeles,26
BUDAPEST,02,Budapest VIII. kerület,Luxembourg,34
BUDAPEST,02,Budapest VIII. kerület,Lyon,8
BUDAPEST,02,Budapest VIII. kerület,Madrid,23
BUDAPEST,02,Budapest VIII. kerület,Malaga,32
BUDAPEST,02,Budapest VIII. kerület,Manchester,21
BUDAPEST,02,Budapest VIII. kerület,Manila,1
BUDAPEST,02,Budapest VIII. kerület,Maszkat,3
BUDAPEST,02,Budapest VIII. kerület,Melbourne,10
BUDAPEST,02,Budapest VIII. kerület,Mexikóváros,6
BUDAPEST,02,Budapest VIII. kerület,Miami,23
BUDAPEST,02,Budapest VIII. kerület,Milánó,28
BUDAPEST,02,Budapest VIII. kerület,Minszk,2
BUDAPEST,02,Budapest VIII. kerület,Montreal,4
BUDAPEST,02,Budapest VIII. kerület,Moszkva,7
BUDAPEST,02,Budapest VIII. kerület,Mumbai,2
BUDAPEST,02,Budapest VIII. kerület,München,84
BUDAPEST,02,Budapest VIII. kerület,Nairobi,2
BUDAPEST,02,Budapest VIII. kerület,New York,47
BUDAPEST,02,Budapest VIII. kerület,Nicosia,7
BUDAPEST,02,Budapest VIII. kerület,Nürnberg,27
BUDAPEST,02,Budapest VIII. kerület,Osaka,8
BUDAPEST,02,Budapest VIII. kerület,Osló,39
BUDAPEST,02,Budapest VIII. kerület,Ottawa,1
BUDAPEST,02,Budapest VIII. kerület,Panamaváros,3
BUDAPEST,02,Budapest VIII. kerület,Párizs,50
BUDAPEST,02,Budapest VIII. kerület,Peking,3
BUDAPEST,02,Budapest VIII. kerület,Pozsony,10
BUDAPEST,02,Budapest VIII. kerület,Prága,10
BUDAPEST,02,Budapest VIII. kerület,Pretoria,4
BUDAPEST,02,Budapest VIII. kerület,Quito,5
BUDAPEST,02,Budapest VIII. kerület,Rabat,4
BUDAPEST,02,Budapest VIII. kerület,Rijád,2
BUDAPEST,02,Budapest VIII. kerület,Róma,31
BUDAPEST,02,Budapest VIII. kerület,San Francisco,24
BUDAPEST,02,Budapest VIII. kerület,Sanghaj,6
BUDAPEST,02,Budapest VIII. kerület,Santiago de Chile,4
BUDAPEST,02,Budapest VIII. kerület,Sao Paulo,4
BUDAPEST,02,Budapest VIII. kerület,Stockholm,39
BUDAPEST,02,Budapest VIII. kerület,Strasbourg,8
BUDAPEST,02,Budapest VIII. kerület,Stuttgart,54
BUDAPEST,02,Budapest VIII. kerület,Sydney,19
BUDAPEST,02,Budapest VIII. kerület,Szabadka,26
BUDAPEST,02,Budapest VIII. kerület,Szingapúr,5
BUDAPEST,02,Budapest VIII. kerület,Szkopje,2
BUDAPEST,02,Budapest VIII. kerület,Szófia,4
BUDAPEST,02,Budapest VIII. kerület,Szöul,9
BUDAPEST,02,Budapest VIII. kerület,Tallinn,4
BUDAPEST,02,Budapest VIII. kerület,Taskent,2
BUDAPEST,02,Budapest VIII. kerület,Tbiliszi,3
BUDAPEST,02,Budapest VIII. kerület,Tel-Aviv,9
BUDAPEST,02,Budapest VIII. kerület,Tirana,3
BUDAPEST,02,Budapest VIII. kerület,Tokió,15
BUDAPEST,02,Budapest VIII. kerület,Toronto,19
BUDAPEST,02,Budapest VIII. kerület,Tunisz,4
BUDAPEST,02,Budapest VIII. kerület,Újdelhi,4
BUDAPEST,02,Budapest VIII. kerület,Ulánbátor,3
BUDAPEST,02,Budapest VIII. kerület,Ungvár,2
BUDAPEST,02,Budapest VIII. kerület,Valletta,27
BUDAPEST,02,Budapest VIII. kerület,Vancouver,10
BUDAPEST,02,Budapest VIII. kerület,Varsó,11
BUDAPEST,02,Budapest VIII. kerület,Washington,23
BUDAPEST,02,Budapest VIII. kerület,Wellington,7
BUDAPEST,02,Budapest VIII. kerület,Zágráb,1
BUDAPEST,03,Budapest XII. kerület,Abu Dhabi,25
BUDAPEST,03,Budapest XII. kerület,Algír,2
BUDAPEST,03,Budapest XII. kerület,Amman,4
BUDAPEST,03,Budapest XII. kerület,Ankara,2
BUDAPEST,03,Budapest XII. kerület,Asztana,1
BUDAPEST,03,Budapest XII. kerület,Athén,10
BUDAPEST,03,Budapest XII. kerület,Baku,1
BUDAPEST,03,Budapest XII. kerület,Bangkok,14
BUDAPEST,03,Budapest XII. kerület,Barcelona,58
BUDAPEST,03,Budapest XII. kerület,Bécs,110
BUDAPEST,03,Budapest XII. kerület,Belgrád,5
BUDAPEST,03,Budapest XII. kerület,Beregszász,5
BUDAPEST,03,Budapest XII. kerület,Berlin,91
BUDAPEST,03,Budapest XII. kerület,Bern,104
BUDAPEST,03,Budapest XII. kerület,Bogota,2
BUDAPEST,03,Budapest XII. kerület,Brüsszel,135
BUDAPEST,03,Budapest XII. kerület,Buenos Aires,5
BUDAPEST,03,Budapest XII. kerület,Bukarest,4
BUDAPEST,03,Budapest XII. kerület,Canberra,1
BUDAPEST,03,Budapest XII. kerület,Chicago,18
BUDAPEST,03,Budapest XII. kerület,Csíkszereda,51
BUDAPEST,03,Budapest XII. kerület,Csungking,2
BUDAPEST,03,Budapest XII. kerület,Doha,3
BUDAPEST,03,Budapest XII. kerület,Dublin,44
BUDAPEST,03,Budapest XII. kerület,Düsseldorf,72
BUDAPEST,03,Budapest XII. kerület,Edinburgh,32
BUDAPEST,03,Budapest XII. kerület,Gdansk,5
BUDAPEST,03,Budapest XII. kerület,Genf,24
BUDAPEST,03,Budapest XII. kerület,Hága,218
BUDAPEST,03,Budapest XII. kerület,Hanoi,10
BUDAPEST,03,Budapest XII. kerület,Havanna,2
BUDAPEST,03,Budapest XII. kerület,Helsinki,29
BUDAPEST,03,Budapest XII. kerület,Ho Chi Minh Város,3
BUDAPEST,03,Budapest XII. kerület,Hongkong,12
BUDAPEST,03,Budapest XII. kerület,Houston,6
BUDAPEST,03,Budapest XII. kerület,Innsbruck,13
BUDAPEST,03,Budapest XII. kerület,Iszlámábád,1
BUDAPEST,03,Budapest XII. kerület,Isztambul,3
BUDAPEST,03,Budapest XII. kerület,Jakarta,9
BUDAPEST,03,Budapest XII. kerület,Kairó,9
BUDAPEST,03,Budapest XII. kerület,Kigali,1
BUDAPEST,03,Budapest XII. kerület,Kolozsvár,22
BUDAPEST,03,Budapest XII. kerület,Koppenhága,60
BUDAPEST,03,Budapest XII. kerület,Krakkó,14
BUDAPEST,03,Budapest XII. kerület,Kuala Lumpur,2
BUDAPEST,03,Budapest XII. kerület,Kuangcsou,1
BUDAPEST,03,Budapest XII. kerület,Kuvait,2
BUDAPEST,03,Budapest XII. kerület,Lima,3
BUDAPEST,03,Budapest XII. kerület,Lisszabon,41
BUDAPEST,03,Budapest XII. kerület,Ljubljana,22
BUDAPEST,03,Budapest XII. kerület,London,274
BUDAPEST,03,Budapest XII. kerület,Los Angeles,38
BUDAPEST,03,Budapest XII. kerület,Luxembourg,30
BUDAPEST,03,Budapest XII. kerület,Lyon,17
BUDAPEST,03,Budapest XII. kerület,Madrid,51
BUDAPEST,03,Budapest XII. kerület,Malaga,48
BUDAPEST,03,Budapest XII. kerület,Manchester,28
BUDAPEST,03,Budapest XII. kerület,Maszkat,1
BUDAPEST,03,Budapest XII. kerület,Melbourne,11
BUDAPEST,03,Budapest XII. kerület,Mexikóváros,4
BUDAPEST,03,Budapest XII. kerület,Miami,34
BUDAPEST,03,Budapest XII. kerület,Milánó,39
BUDAPEST,03,Budapest XII. kerület,Montreal,14
BUDAPEST,03,Budapest XII. kerület,Mumbai,1
BUDAPEST,03,Budapest XII. kerület,München,96
BUDAPEST,03,Budapest XII. kerület,Nairobi,3
BUDAPEST,03,Budapest XII. kerület,New York,97
BUDAPEST,03,Budapest XII. kerület,Nicosia,14
BUDAPEST,03,Budapest XII. kerület,Nürnberg,18
BUDAPEST,03,Budapest XII. kerület,Osaka,12
BUDAPEST,03,Budapest XII. kerület,Osló,23
BUDAPEST,03,Budapest XII. kerület,Ottawa,2
BUDAPEST,03,Budapest XII. kerület,Panamaváros,4
BUDAPEST,03,Budapest XII. kerület,Párizs,96
BUDAPEST,03,Budapest XII. kerület,Peking,4
BUDAPEST,03,Budapest XII. kerület,Podgorica,1
BUDAPEST,03,Budapest XII. kerület,Pozsony,7
BUDAPEST,03,Budapest XII. kerület,Prága,19
BUDAPEST,03,Budapest XII. kerület,Pretoria,6
BUDAPEST,03,Budapest XII. kerület,Pristina,4
BUDAPEST,03,Budapest XII. kerület,Rabat,4
BUDAPEST,03,Budapest XII. kerület,Riga,5
BUDAPEST,03,Budapest XII. kerület,Rijád,1
BUDAPEST,03,Budapest XII. kerület,Róma,52
BUDAPEST,03,Budapest XII. kerület,San Francisco,12
BUDAPEST,03,Budapest XII. kerület,Sanghaj,7
BUDAPEST,03,Budapest XII. kerület,Santiago de Chile,3
BUDAPEST,03,Budapest XII. kerület,Sao Paulo,1
BUDAPEST,03,Budapest XII. kerület,Stockholm,60
BUDAPEST,03,Budapest XII. kerület,Strasbourg,6
BUDAPEST,03,Budapest XII. kerület,Stuttgart,53
BUDAPEST,03,Budapest XII. kerület,Sydney,24
BUDAPEST,03,Budapest XII. kerület,Szabadka,13
BUDAPEST,03,Budapest XII. kerület,Szarajevó,4
BUDAPEST,03,Budapest XII. kerület,Szingapúr,16
BUDAPEST,03,Budapest XII. kerület,Szkopje,2
BUDAPEST,03,Budapest XII. kerület,Szófia,2
BUDAPEST,03,Budapest XII. kerület,Szöul,12
BUDAPEST,03,Budapest XII. kerület,Tallinn,3
BUDAPEST,03,Budapest XII. kerület,Taskent,2
BUDAPEST,03,Budapest XII. kerület,Tbiliszi,1
BUDAPEST,03,Budapest XII. kerület,Tel-Aviv,16
BUDAPEST,03,Budapest XII. kerület,Tirana,8
BUDAPEST,03,Budapest XII. kerület,Tokió,35
BUDAPEST,03,Budapest XII. kerület,Toronto,23
BUDAPEST,03,Budapest XII. kerület,Újdelhi,3
BUDAPEST,03,Budapest XII. kerület,Ungvár,1
BUDAPEST,03,Budapest XII. kerület,Valletta,13
BUDAPEST,03,Budapest XII. kerület,Vancouver,8
BUDAPEST,03,Budapest XII. kerület,Varsó,12
BUDAPEST,03,Budapest XII. kerület,Vilnius,1
BUDAPEST,03,Budapest XII. kerület,Washington,35
BUDAPEST,03,Budapest XII. kerület,Wroclaw,1
BUDAPEST,03,Budapest XII. kerület,Zágráb,8
BUDAPEST,04,Budapest II. kerület,Abu Dhabi,26
BUDAPEST,04,Budapest II. kerület,Abuja,2
BUDAPEST,04,Budapest II. kerület,Accra,2
BUDAPEST,04,Budapest II. kerület,Addisz-Abeba,1
BUDAPEST,04,Budapest II. kerület,Algír,2
BUDAPEST,04,Budapest II. kerület,Almati,1
BUDAPEST,04,Budapest II. kerület,Amman,2
BUDAPEST,04,Budapest II. kerület,Ankara,8
BUDAPEST,04,Budapest II. kerület,Athén,17
BUDAPEST,04,Budapest II. kerület,Baku,7
BUDAPEST,04,Budapest II. kerület,Bangkok,26
BUDAPEST,04,Budapest II. kerület,Barcelona,86
BUDAPEST,04,Budapest II. kerület,Bécs,96
BUDAPEST,04,Budapest II. kerület,Bejrút,2
BUDAPEST,04,Budapest II. kerület,Belgrád,3
BUDAPEST,04,Budapest II. kerület,Beregszász,5
BUDAPEST,04,Budapest II. kerület,Berlin,113
BUDAPEST,04,Budapest II. kerület,Bern,138
BUDAPEST,04,Budapest II. kerület,Besztercebánya,1
BUDAPEST,04,Budapest II. kerület,Biskek,2
BUDAPEST,04,Budapest II. kerület,Bogota,4
BUDAPEST,04,Budapest II. kerület,Brüsszel,116
BUDAPEST,04,Budapest II. kerület,Buenos Aires,6
BUDAPEST,04,Budapest II. kerület,Bukarest,6
BUDAPEST,04,Budapest II. kerület,Canberra,3
BUDAPEST,04,Budapest II. kerület,Chicago,29
BUDAPEST,04,Budapest II. kerület,Kisinyov,2
BUDAPEST,04,Budapest II. kerület,Csíkszereda,50
BUDAPEST,04,Budapest II. kerület,Csungking,8
BUDAPEST,04,Budapest II. kerület,Doha,4
BUDAPEST,04,Budapest II. kerület,Dublin,41
BUDAPEST,04,Budapest II. kerület,Düsseldorf,83
BUDAPEST,04,Budapest II. kerület,Edinburgh,45
BUDAPEST,04,Budapest II. kerület,Gdansk,2
BUDAPEST,04,Budapest II. kerület,Genf,31
BUDAPEST,04,Budapest II. kerület,Hága,266
BUDAPEST,04,Budapest II. kerület,Hanoi,13
BUDAPEST,04,Budapest II. kerület,Havanna,2
BUDAPEST,04,Budapest II. kerület,Helsinki,30
BUDAPEST,04,Budapest II. kerület,Ho Chi Minh Város,7
BUDAPEST,04,Budapest II. kerület,Hongkong,16
BUDAPEST,04,Budapest II. kerület,Houston,10
BUDAPEST,04,Budapest II. kerület,Innsbruck,25
BUDAPEST,04,Budapest II. kerület,Isztambul,7
BUDAPEST,04,Budapest II. kerület,Jakarta,14
BUDAPEST,04,Budapest II. kerület,Jekatyerinburg,1
BUDAPEST,04,Budapest II. kerület,Jereván,4
BUDAPEST,04,Budapest II. kerület,Kairó,10
BUDAPEST,04,Budapest II. kerület,Kijev,1
BUDAPEST,04,Budapest II. kerület,Kolozsvár,24
BUDAPEST,04,Budapest II. kerület,Koppenhága,72
BUDAPEST,04,Budapest II. kerület,Krakkó,5
BUDAPEST,04,Budapest II. kerület,Kuala Lumpur,3
BUDAPEST,04,Budapest II. kerület,Kuangcsou,1
BUDAPEST,04,Budapest II. kerület,Kuvait,1
BUDAPEST,04,Budapest II. kerület,Lima,3
BUDAPEST,04,Budapest II. kerület,Lisszabon,52
BUDAPEST,04,Budapest II. kerület,Ljubljana,13
BUDAPEST,04,Budapest II. kerület,London,282
BUDAPEST,04,Budapest II. kerület,Los Angeles,33
BUDAPEST,04,Budapest II. kerület,Luxembourg,48
BUDAPEST,04,Budapest II. kerület,Lyon,32
BUDAPEST,04,Budapest II. kerület,Madrid,76
BUDAPEST,04,Budapest II. kerület,Malaga,51
BUDAPEST,04,Budapest II. kerület,Manchester,24
BUDAPEST,04,Budapest II. kerület,Maszkat,2
BUDAPEST,04,Budapest II. kerület,Melbourne,22
BUDAPEST,04,Budapest II. kerület,Mexikóváros,7
BUDAPEST,04,Budapest II. kerület,Miami,57
BUDAPEST,04,Budapest II. kerület,Milánó,68
BUDAPEST,04,Budapest II. kerület,Montevideo,1
BUDAPEST,04,Budapest II. kerület,Montreal,19
BUDAPEST,04,Budapest II. kerület,Moszkva,5
BUDAPEST,04,Budapest II. kerület,München,98
BUDAPEST,04,Budapest II. kerület,Nairobi,1
BUDAPEST,04,Budapest II. kerület,N'Djamena,1
BUDAPEST,04,Budapest II. kerület,New York,101
BUDAPEST,04,Budapest II. kerület,Nicosia,7
BUDAPEST,04,Budapest II. kerület,Nürnberg,24
BUDAPEST,04,Budapest II. kerület,Osaka,12
BUDAPEST,04,Budapest II. kerület,Osló,44
BUDAPEST,04,Budapest II. kerület,Ottawa,5
BUDAPEST,04,Budapest II. kerület,Panamaváros,3
BUDAPEST,04,Budapest II. kerület,Párizs,142
BUDAPEST,04,Budapest II. kerület,Peking,14
BUDAPEST,04,Budapest II. kerület,Podgorica,6
BUDAPEST,04,Budapest II. kerület,Pozsony,6
BUDAPEST,04,Budapest II. kerület,Prága,17
BUDAPEST,04,Budapest II. kerület,Pretoria,2
BUDAPEST,04,Budapest II. kerület,Pristina,8
BUDAPEST,04,Budapest II. kerület,Quito,1
BUDAPEST,04,Budapest II. kerület,Rabat,4
BUDAPEST,04,Budapest II. kerület,Riga,3
BUDAPEST,04,Budapest II. kerület,Rijád,5
BUDAPEST,04,Budapest II. kerület,Róma,52
BUDAPEST,04,Budapest II. kerület,San Francisco,11
BUDAPEST,04,Budapest II. kerület,Sanghaj,9
BUDAPEST,04,Budapest II. kerület,Santiago de Chile,3
BUDAPEST,04,Budapest II. kerület,Sao Paulo,2
BUDAPEST,04,Budapest II. kerület,Stockholm,42
BUDAPEST,04,Budapest II. kerület,Strasbourg,15
BUDAPEST,04,Budapest II. kerület,Stuttgart,72
BUDAPEST,04,Budapest II. kerület,Sydney,31
BUDAPEST,04,Budapest II. kerület,Szabadka,15
BUDAPEST,04,Budapest II. kerület,Szarajevó,3
BUDAPEST,04,Budapest II. kerület,Szingapúr,18
BUDAPEST,04,Budapest II. kerület,Szkopje,2
BUDAPEST,04,Budapest II. kerület,Szófia,11
BUDAPEST,04,Budapest II. kerület,Szöul,5
BUDAPEST,04,Budapest II. kerület,Tallinn,9
BUDAPEST,04,Budapest II. kerület,Taskent,1
BUDAPEST,04,Budapest II. kerület,Tbiliszi,3
BUDAPEST,04,Budapest II. kerület,Tel-Aviv,12
BUDAPEST,04,Budapest II. kerület,Tirana,10
BUDAPEST,04,Budapest II. kerület,Tokió,32
BUDAPEST,04,Budapest II. kerület,Toronto,40
BUDAPEST,04,Budapest II. kerület,Újdelhi,2
BUDAPEST,04,Budapest II. kerület,Ulánbátor,2
BUDAPEST,04,Budapest II. kerület,Ungvár,2
BUDAPEST,04,Budapest II. kerület,Valletta,21
BUDAPEST,04,Budapest II. kerület,Vancouver,9
BUDAPEST,04,Budapest II. kerület,Varsó,13
BUDAPEST,04,Budapest II. kerület,Vientián,2
BUDAPEST,04,Budapest II. kerület,Vilnius,2
BUDAPEST,04,Budapest II. kerület,Washington,39
BUDAPEST,04,Budapest II. kerület,Wellington,4
BUDAPEST,04,Budapest II. kerület,Wroclaw,3
BUDAPEST,04,Budapest II. kerület,Zágráb,9
BUDAPEST,05,Budapest VI. kerület,Abu Dhabi,14
BUDAPEST,05,Budapest VI. kerület,Ankara,1
BUDAPEST,05,Budapest VI. kerület,Athén,15
BUDAPEST,05,Budapest VI. kerület,Baku,2
BUDAPEST,05,Budapest VI. kerület,Bangkok,14
BUDAPEST,05,Budapest VI. kerület,Barcelona,57
BUDAPEST,05,Budapest VI. kerület,Bécs,52
BUDAPEST,05,Budapest VI. kerület,Bejrút,1
BUDAPEST,05,Budapest VI. kerület,Belgrád,4
BUDAPEST,05,Budapest VI. kerület,Beregszász,4
BUDAPEST,05,Budapest VI. kerület,Berlin,78
BUDAPEST,05,Budapest VI. kerület,Bern,96
BUDAPEST,05,Budapest VI. kerület,Biskek,1
BUDAPEST,05,Budapest VI. kerület,Bogota,3
BUDAPEST,05,Budapest VI. kerület,Brazíliaváros,1
BUDAPEST,05,Budapest VI. kerület,Brüsszel,89
BUDAPEST,05,Budapest VI. kerület,Buenos Aires,3
BUDAPEST,05,Budapest VI. kerület,Bukarest,5
BUDAPEST,05,Budapest VI. kerület,Canberra,2
BUDAPEST,05,Budapest VI. kerület,Chicago,4
BUDAPEST,05,Budapest VI. kerület,Csíkszereda,75
BUDAPEST,05,Budapest VI. kerület,Csungking,1
BUDAPEST,05,Budapest VI. kerület,Doha,6
BUDAPEST,05,Budapest VI. kerület,Dublin,46
BUDAPEST,05,Budapest VI. kerület,Düsseldorf,55
BUDAPEST,05,Budapest VI. kerület,Edinburgh,32
BUDAPEST,05,Budapest VI. kerület,Gdansk,1
BUDAPEST,05,Budapest VI. kerület,Genf,26
BUDAPEST,05,Budapest VI. kerület,Hága,156
BUDAPEST,05,Budapest VI. kerület,Hanoi,9
BUDAPEST,05,Budapest VI. kerület,Helsinki,18
BUDAPEST,05,Budapest VI. kerület,Ho Chi Minh Város,5
BUDAPEST,05,Budapest VI. kerület,Hongkong,4
BUDAPEST,05,Budapest VI. kerület,Houston,20
BUDAPEST,05,Budapest VI. kerület,Innsbruck,16
BUDAPEST,05,Budapest VI. kerület,Iszlámábád,1
BUDAPEST,05,Budapest VI. kerület,Isztambul,4
BUDAPEST,05,Budapest VI. kerület,Jakarta,7
BUDAPEST,05,Budapest VI. kerület,Kairó,9
BUDAPEST,05,Budapest VI. kerület,Kijev,1
BUDAPEST,05,Budapest VI. kerület,Kolozsvár,20
BUDAPEST,05,Budapest VI. kerület,Koppenhága,50
BUDAPEST,05,Budapest VI. kerület,Krakkó,2
BUDAPEST,05,Budapest VI. kerület,Kuala Lumpur,1
BUDAPEST,05,Budapest VI. kerület,Kuvait,2
BUDAPEST,05,Budapest VI. kerület,Lendva,1
BUDAPEST,05,Budapest VI. kerület,Lima,4
BUDAPEST,05,Budapest VI. kerület,Lisszabon,25
BUDAPEST,05,Budapest VI. kerület,Ljubljana,13
BUDAPEST,05,Budapest VI. kerület,London,202
BUDAPEST,05,Budapest VI. kerület,Los Angeles,22
BUDAPEST,05,Budapest VI. kerület,Luxembourg,28
BUDAPEST,05,Budapest VI. kerület,Lyon,30
BUDAPEST,05,Budapest VI. kerület,Madrid,42
BUDAPEST,05,Budapest VI. kerület,Malaga,37
BUDAPEST,05,Budapest VI. kerület,Manchester,24
BUDAPEST,05,Budapest VI. kerület,Manila,3
BUDAPEST,05,Budapest VI. kerület,Melbourne,10
BUDAPEST,05,Budapest VI. kerület,Mexikóváros,8
BUDAPEST,05,Budapest VI. kerület,Miami,17
BUDAPEST,05,Budapest VI. kerület,Milánó,39
BUDAPEST,05,Budapest VI. kerület,Montreal,5
BUDAPEST,05,Budapest VI. kerület,Moszkva,7
BUDAPEST,05,Budapest VI. kerület,München,73
BUDAPEST,05,Budapest VI. kerület,N'Djamena,1
BUDAPEST,05,Budapest VI. kerület,New York,65
BUDAPEST,05,Budapest VI. kerület,Nicosia,4
BUDAPEST,05,Budapest VI. kerület,Nürnberg,12
BUDAPEST,05,Budapest VI. kerület,Osaka,9
BUDAPEST,05,Budapest VI. kerület,Osló,22
BUDAPEST,05,Budapest VI. kerület,Ottawa,3
BUDAPEST,05,Budapest VI. kerület,Panamaváros,4
BUDAPEST,05,Budapest VI. kerület,Párizs,68
BUDAPEST,05,Budapest VI. kerület,Peking,3
BUDAPEST,05,Budapest VI. kerület,Podgorica,1
BUDAPEST,05,Budapest VI. kerület,Pozsony,4
BUDAPEST,05,Budapest VI. kerület,Prága,23
BUDAPEST,05,Budapest VI. kerület,Pretoria,6
BUDAPEST,05,Budapest VI. kerület,Pristina,1
BUDAPEST,05,Budapest VI. kerület,Rabat,6
BUDAPEST,05,Budapest VI. kerület,Riga,2
BUDAPEST,05,Budapest VI. kerület,Róma,28
BUDAPEST,05,Budapest VI. kerület,San Francisco,13
BUDAPEST,05,Budapest VI. kerület,Sanghaj,7
BUDAPEST,05,Budapest VI. kerület,Santiago de Chile,5
BUDAPEST,05,Budapest VI. kerület,Sao Paulo,5
BUDAPEST,05,Budapest VI. kerület,Stockholm,41
BUDAPEST,05,Budapest VI. kerület,Strasbourg,11
BUDAPEST,05,Budapest VI. kerület,Stuttgart,55
BUDAPEST,05,Budapest VI. kerület,Sydney,16
BUDAPEST,05,Budapest VI. kerület,Szabadka,22
BUDAPEST,05,Budapest VI. kerület,Szarajevó,4
BUDAPEST,05,Budapest VI. kerület,Szentpétervár,1
BUDAPEST,05,Budapest VI. kerület,Szingapúr,8
BUDAPEST,05,Budapest VI. kerület,Szófia,6
BUDAPEST,05,Budapest VI. kerület,Szöul,7
BUDAPEST,05,Budapest VI. kerület,Tallinn,3
BUDAPEST,05,Budapest VI. kerület,Taskent,3
BUDAPEST,05,Budapest VI. kerület,Tbiliszi,1
BUDAPEST,05,Budapest VI. kerület,Tel-Aviv,19
BUDAPEST,05,Budapest VI. kerület,Tirana,5
BUDAPEST,05,Budapest VI. kerület,Tokió,17
BUDAPEST,05,Budapest VI. kerület,Toronto,21
BUDAPEST,05,Budapest VI. kerület,Tunisz,1
BUDAPEST,05,Budapest VI. kerület,Újdelhi,1
BUDAPEST,05,Budapest VI. kerület,Ungvár,4
BUDAPEST,05,Budapest VI. kerület,Valletta,19
BUDAPEST,05,Budapest VI. kerület,Vancouver,9
BUDAPEST,05,Budapest VI. kerület,Varsó,6
BUDAPEST,05,Budapest VI. kerület,Washington,19
BUDAPEST,05,Budapest VI. kerület,Wellington,9
BUDAPEST,05,Budapest VI. kerület,Wroclaw,1
BUDAPEST,05,Budapest VI. kerület,Zágráb,9
BUDAPEST,06,Budapest XIV. kerület,Abu Dhabi,14
BUDAPEST,06,Budapest XIV. kerület,Abuja,1
BUDAPEST,06,Budapest XIV. kerület,Accra,3
BUDAPEST,06,Budapest XIV. kerület,Algír,2
BUDAPEST,06,Budapest XIV. kerület,Amman,2
BUDAPEST,06,Budapest XIV. kerület,Ankara,2
BUDAPEST,06,Budapest XIV. kerület,Asztana,1
BUDAPEST,06,Budapest XIV. kerület,Athén,16
BUDAPEST,06,Budapest XIV. kerület,Baku,1
BUDAPEST,06,Budapest XIV. kerület,Bangkok,10
BUDAPEST,06,Budapest XIV. kerület,Barcelona,45
BUDAPEST,06,Budapest XIV. kerület,Bécs,78
BUDAPEST,06,Budapest XIV. kerület,Bejrút,1
BUDAPEST,06,Budapest XIV. kerület,Belgrád,3
BUDAPEST,06,Budapest XIV. kerület,Beregszász,5
BUDAPEST,06,Budapest XIV. kerület,Berlin,84
BUDAPEST,06,Budapest XIV. kerület,Bern,87
BUDAPEST,06,Budapest XIV. kerület,Bogota,1
BUDAPEST,06,Budapest XIV. kerület,Brüsszel,76
BUDAPEST,06,Budapest XIV. kerület,Buenos Aires,4
BUDAPEST,06,Budapest XIV. kerület,Canberra,3
BUDAPEST,06,Budapest XIV. kerület,Chicago,10
BUDAPEST,06,Budapest XIV. kerület,Kisinyov,1
BUDAPEST,06,Budapest XIV. kerület,Csíkszereda,113
BUDAPEST,06,Budapest XIV. kerület,Csungking,1
BUDAPEST,06,Budapest XIV. kerület,Doha,4
BUDAPEST,06,Budapest XIV. kerület,Dublin,25
BUDAPEST,06,Budapest XIV. kerület,Düsseldorf,46
BUDAPEST,06,Budapest XIV. kerület,Edinburgh,22
BUDAPEST,06,Budapest XIV. kerület,Eszék,1
BUDAPEST,06,Budapest XIV. kerület,Gdansk,3
BUDAPEST,06,Budapest XIV. kerület,Genf,21
BUDAPEST,06,Budapest XIV. kerület,Hága,187
BUDAPEST,06,Budapest XIV. kerület,Hanoi,7
BUDAPEST,06,Budapest XIV. kerület,Helsinki,18
BUDAPEST,06,Budapest XIV. kerület,Ho Chi Minh Város,4
BUDAPEST,06,Budapest XIV. kerület,Hongkong,5
BUDAPEST,06,Budapest XIV. kerület,Houston,17
BUDAPEST,06,Budapest XIV. kerület,Innsbruck,24
BUDAPEST,06,Budapest XIV. kerület,Iszlámábád,1
BUDAPEST,06,Budapest XIV. kerület,Isztambul,10
BUDAPEST,06,Budapest XIV. kerület,Jakarta,4
BUDAPEST,06,Budapest XIV. kerület,Kairó,14
BUDAPEST,06,Budapest XIV. kerület,Kassa,1
BUDAPEST,06,Budapest XIV. kerület,Kijev,2
BUDAPEST,06,Budapest XIV. kerület,Kinshasa,2
BUDAPEST,06,Budapest XIV. kerület,Kolozsvár,29
BUDAPEST,06,Budapest XIV. kerület,Koppenhága,58
BUDAPEST,06,Budapest XIV. kerület,Krakkó,2
BUDAPEST,06,Budapest XIV. kerület,Kuala Lumpur,4
BUDAPEST,06,Budapest XIV. kerület,Kuangcsou,2
BUDAPEST,06,Budapest XIV. kerület,Lima,1
BUDAPEST,06,Budapest XIV. kerület,Lisszabon,30
BUDAPEST,06,Budapest XIV. kerület,Ljubljana,12
BUDAPEST,06,Budapest XIV. kerület,London,225
BUDAPEST,06,Budapest XIV. kerület,Los Angeles,17
BUDAPEST,06,Budapest XIV. kerület,Luxembourg,34
BUDAPEST,06,Budapest XIV. kerület,Lyon,16
BUDAPEST,06,Budapest XIV. kerület,Madrid,46
BUDAPEST,06,Budapest XIV. kerület,Malaga,17
BUDAPEST,06,Budapest XIV. kerület,Manchester,41
BUDAPEST,06,Budapest XIV. kerület,Manila,3
BUDAPEST,06,Budapest XIV. kerület,Maszkat,4
BUDAPEST,06,Budapest XIV. kerület,Melbourne,12
BUDAPEST,06,Budapest XIV. kerület,Mexikóváros,2
BUDAPEST,06,Budapest XIV. kerület,Miami,12
BUDAPEST,06,Budapest XIV. kerület,Milánó,29
BUDAPEST,06,Budapest XIV. kerület,Minszk,2
BUDAPEST,06,Budapest XIV. kerület,Montreal,3
BUDAPEST,06,Budapest XIV. kerület,Moszkva,5
BUDAPEST,06,Budapest XIV. kerület,Mumbai,3
BUDAPEST,06,Budapest XIV. kerület,München,72
BUDAPEST,06,Budapest XIV. kerület,Nairobi,1
BUDAPEST,06,Budapest XIV. kerület,New York,41
BUDAPEST,06,Budapest XIV. kerület,Nicosia,6
BUDAPEST,06,Budapest XIV. kerület,Nürnberg,17
BUDAPEST,06,Budapest XIV. kerület,Osaka,12
BUDAPEST,06,Budapest XIV. kerület,Osló,18
BUDAPEST,06,Budapest XIV. kerület,Ottawa,8
BUDAPEST,06,Budapest XIV. kerület,Párizs,59
BUDAPEST,06,Budapest XIV. kerület,Peking,13
BUDAPEST,06,Budapest XIV. kerület,Phnom Penh,2
BUDAPEST,06,Budapest XIV. kerület,Pozsony,3
BUDAPEST,06,Budapest XIV. kerület,Prága,16
BUDAPEST,06,Budapest XIV. kerület,Pristina,1
BUDAPEST,06,Budapest XIV. kerület,Rabat,6
BUDAPEST,06,Budapest XIV. kerület,Riga,2
BUDAPEST,06,Budapest XIV. kerület,Rijád,1
BUDAPEST,06,Budapest XIV. kerület,Róma,40
BUDAPEST,06,Budapest XIV. kerület,San Francisco,8
BUDAPEST,06,Budapest XIV. kerület,Sanghaj,7
BUDAPEST,06,Budapest XIV. kerület,Santiago de Chile,1
BUDAPEST,06,Budapest XIV. kerület,Sao Paulo,2
BUDAPEST,06,Budapest XIV. kerület,Stockholm,52
BUDAPEST,06,Budapest XIV. kerület,Strasbourg,13
BUDAPEST,06,Budapest XIV. kerület,Stuttgart,68
BUDAPEST,06,Budapest XIV. kerület,Sydney,13
BUDAPEST,06,Budapest XIV. kerület,Szabadka,27
BUDAPEST,06,Budapest XIV. kerület,Szarajevó,3
BUDAPEST,06,Budapest XIV. kerület,Szentpétervár,2
BUDAPEST,06,Budapest XIV. kerület,Szingapúr,10
BUDAPEST,06,Budapest XIV. kerület,Szkopje,6
BUDAPEST,06,Budapest XIV. kerület,Szófia,2
BUDAPEST,06,Budapest XIV. kerület,Szöul,18
BUDAPEST,06,Budapest XIV. kerület,Tallinn,5
BUDAPEST,06,Budapest XIV. kerület,Taskent,3
BUDAPEST,06,Budapest XIV. kerület,Tel-Aviv,7
BUDAPEST,06,Budapest XIV. kerület,Tirana,3
BUDAPEST,06,Budapest XIV. kerület,Tokió,14
BUDAPEST,06,Budapest XIV. kerület,Toronto,16
BUDAPEST,06,Budapest XIV. kerület,Tunisz,5
BUDAPEST,06,Budapest XIV. kerület,Újdelhi,2
BUDAPEST,06,Budapest XIV. kerület,Ulánbátor,1
BUDAPEST,06,Budapest XIV. kerület,Ungvár,7
BUDAPEST,06,Budapest XIV. kerület,Valletta,16
BUDAPEST,06,Budapest XIV. kerület,Vancouver,5
BUDAPEST,06,Budapest XIV. kerület,Varsó,11
BUDAPEST,06,Budapest XIV. kerület,Vilnius,1
BUDAPEST,06,Budapest XIV. kerület,Washington,8
BUDAPEST,06,Budapest XIV. kerület,Wellington,4
BUDAPEST,06,Budapest XIV. kerület,Wroclaw,10
BUDAPEST,06,Budapest XIV. kerület,Zágráb,4
BUDAPEST,07,Budapest X. kerület,Abu Dhabi,15
BUDAPEST,07,Budapest X. kerület,Algír,4
BUDAPEST,07,Budapest X. kerület,Athén,8
BUDAPEST,07,Budapest X. kerület,Baku,1
BUDAPEST,07,Budapest X. kerület,Bangkok,10
BUDAPEST,07,Budapest X. kerület,Barcelona,39
BUDAPEST,07,Budapest X. kerület,Bécs,39
BUDAPEST,07,Budapest X. kerület,Beregszász,4
BUDAPEST,07,Budapest X. kerület,Berlin,43
BUDAPEST,07,Budapest X. kerület,Bern,58
BUDAPEST,07,Budapest X. kerület,Brüsszel,52
BUDAPEST,07,Budapest X. kerület,Buenos Aires,3
BUDAPEST,07,Budapest X. kerület,Canberra,1
BUDAPEST,07,Budapest X. kerület,Chicago,7
BUDAPEST,07,Budapest X. kerület,Csíkszereda,76
BUDAPEST,07,Budapest X. kerület,Csungking,1
BUDAPEST,07,Budapest X. kerület,Dar Es-Salaam,1
BUDAPEST,07,Budapest X. kerület,Doha,3
BUDAPEST,07,Budapest X. kerület,Dublin,34
BUDAPEST,07,Budapest X. kerület,Düsseldorf,36
BUDAPEST,07,Budapest X. kerület,Edinburgh,24
BUDAPEST,07,Budapest X. kerület,Eszék,1
BUDAPEST,07,Budapest X. kerület,Gdansk,2
BUDAPEST,07,Budapest X. kerület,Genf,11
BUDAPEST,07,Budapest X. kerület,Hága,112
BUDAPEST,07,Budapest X. kerület,Hanoi,4
BUDAPEST,07,Budapest X. kerület,Helsinki,15
BUDAPEST,07,Budapest X. kerület,Ho Chi Minh Város,3
BUDAPEST,07,Budapest X. kerület,Hongkong,5
BUDAPEST,07,Budapest X. kerület,Houston,3
BUDAPEST,07,Budapest X. kerület,Innsbruck,18
BUDAPEST,07,Budapest X. kerület,Iszlámábád,1
BUDAPEST,07,Budapest X. kerület,Isztambul,9
BUDAPEST,07,Budapest X. kerület,Jakarta,5
BUDAPEST,07,Budapest X. kerület,Jereván,1
BUDAPEST,07,Budapest X. kerület,Kairó,2
BUDAPEST,07,Budapest X. kerület,Kassa,1
BUDAPEST,07,Budapest X. kerület,Kazány,1
BUDAPEST,07,Budapest X. kerület,Kigali,1
BUDAPEST,07,Budapest X. kerület,Kolozsvár,18
BUDAPEST,07,Budapest X. kerület,Koppenhága,41
BUDAPEST,07,Budapest X. kerület,Krakkó,9
BUDAPEST,07,Budapest X. kerület,Kuala Lumpur,3
BUDAPEST,07,Budapest X. kerület,Kuangcsou,2
BUDAPEST,07,Budapest X. kerület,Kuvait,1
BUDAPEST,07,Budapest X. kerület,Lima,2
BUDAPEST,07,Budapest X. kerület,Lisszabon,21
BUDAPEST,07,Budapest X. kerület,Ljubljana,5
BUDAPEST,07,Budapest X. kerület,London,127
BUDAPEST,07,Budapest X. kerület,Los Angeles,8
BUDAPEST,07,Budapest X. kerület,Luxembourg,29
BUDAPEST,07,Budapest X. kerület,Lyon,10
BUDAPEST,07,Budapest X. kerület,Madrid,18
BUDAPEST,07,Budapest X. kerület,Malaga,12
BUDAPEST,07,Budapest X. kerület,Manchester,33
BUDAPEST,07,Budapest X. kerület,Melbourne,5
BUDAPEST,07,Budapest X. kerület,Mexikóváros,2
BUDAPEST,07,Budapest X. kerület,Miami,10
BUDAPEST,07,Budapest X. kerület,Milánó,16
BUDAPEST,07,Budapest X. kerület,Montreal,2
BUDAPEST,07,Budapest X. kerület,Moszkva,3
BUDAPEST,07,Budapest X. kerület,Mumbai,3
BUDAPEST,07,Budapest X. kerület,München,58
BUDAPEST,07,Budapest X. kerület,New York,30
BUDAPEST,07,Budapest X. kerület,Nicosia,5
BUDAPEST,07,Budapest X. kerület,Nürnberg,26
BUDAPEST,07,Budapest X. kerület,Osaka,7
BUDAPEST,07,Budapest X. kerület,Osló,18
BUDAPEST,07,Budapest X. kerület,Panamaváros,1
BUDAPEST,07,Budapest X. kerület,Párizs,40
BUDAPEST,07,Budapest X. kerület,Peking,5
BUDAPEST,07,Budapest X. kerület,Podgorica,2
BUDAPEST,07,Budapest X. kerület,Pozsony,6
BUDAPEST,07,Budapest X. kerület,Prága,12
BUDAPEST,07,Budapest X. kerület,Pretoria,1
BUDAPEST,07,Budapest X. kerület,Pristina,1
BUDAPEST,07,Budapest X. kerület,Rabat,2
BUDAPEST,07,Budapest X. kerület,Riga,1
BUDAPEST,07,Budapest X. kerület,Rijád,1
BUDAPEST,07,Budapest X. kerület,Róma,24
BUDAPEST,07,Budapest X. kerület,San Francisco,8
BUDAPEST,07,Budapest X. kerület,Sanghaj,4
BUDAPEST,07,Budapest X. kerület,Sao Paulo,2
BUDAPEST,07,Budapest X. kerület,Stockholm,30
BUDAPEST,07,Budapest X. kerület,Strasbourg,5
BUDAPEST,07,Budapest X. kerület,Stuttgart,40
BUDAPEST,07,Budapest X. kerület,Sydney,12
BUDAPEST,07,Budapest X. kerület,Szabadka,10
BUDAPEST,07,Budapest X. kerület,Szarajevó,1
BUDAPEST,07,Budapest X. kerület,Szentpétervár,3
BUDAPEST,07,Budapest X. kerület,Szingapúr,2
BUDAPEST,07,Budapest X. kerület,Szkopje,1
BUDAPEST,07,Budapest X. kerület,Szófia,2
BUDAPEST,07,Budapest X. kerület,Szöul,12
BUDAPEST,07,Budapest X. kerület,Tallinn,5
BUDAPEST,07,Budapest X. kerület,Taskent,1
BUDAPEST,07,Budapest X. kerület,Tel-Aviv,7
BUDAPEST,07,Budapest X. kerület,Tokió,6
BUDAPEST,07,Budapest X. kerület,Toronto,11
BUDAPEST,07,Budapest X. kerület,Újdelhi,4
BUDAPEST,07,Budapest X. kerület,Ungvár,3
BUDAPEST,07,Budapest X. kerület,Valletta,11
BUDAPEST,07,Budapest X. kerület,Vancouver,6
BUDAPEST,07,Budapest X. kerület,Varsó,13
BUDAPEST,07,Budapest X. kerület,Vilnius,3
BUDAPEST,07,Budapest X. kerület,Washington,7
BUDAPEST,07,Budapest X. kerület,Wellington,3
BUDAPEST,07,Budapest X. kerület,Wroclaw,4
BUDAPEST,07,Budapest X. kerület,Zágráb,7
BUDAPEST,08,Budapest XIX. kerület,Abu Dhabi,3
BUDAPEST,08,Budapest XIX. kerület,Accra,1
BUDAPEST,08,Budapest XIX. kerület,Amman,1
BUDAPEST,08,Budapest XIX. kerület,Ankara,1
BUDAPEST,08,Budapest XIX. kerület,Athén,6
BUDAPEST,08,Budapest XIX. kerület,Bangkok,3
BUDAPEST,08,Budapest XIX. kerület,Barcelona,35
BUDAPEST,08,Budapest XIX. kerület,Bécs,38
BUDAPEST,08,Budapest XIX. kerület,Belgrád,2
BUDAPEST,08,Budapest XIX. kerület,Berlin,36
BUDAPEST,08,Budapest XIX. kerület,Bern,42
BUDAPEST,08,Budapest XIX. kerület,Besztercebánya,3
BUDAPEST,08,Budapest XIX. kerület,Brazíliaváros,3
BUDAPEST,08,Budapest XIX. kerület,Brüsszel,39
BUDAPEST,08,Budapest XIX. kerület,Buenos Aires,1
BUDAPEST,08,Budapest XIX. kerület,Bukarest,2
BUDAPEST,08,Budapest XIX. kerület,Chicago,7
BUDAPEST,08,Budapest XIX. kerület,Kisinyov,1
BUDAPEST,08,Budapest XIX. kerület,Csíkszereda,65
BUDAPEST,08,Budapest XIX. kerület,Csungking,2
BUDAPEST,08,Budapest XIX. kerület,Dublin,40
BUDAPEST,08,Budapest XIX. kerület,Düsseldorf,28
BUDAPEST,08,Budapest XIX. kerület,Edinburgh,23
BUDAPEST,08,Budapest XIX. kerület,Gdansk,1
BUDAPEST,08,Budapest XIX. kerület,Genf,11
BUDAPEST,08,Budapest XIX. kerület,Hága,97
BUDAPEST,08,Budapest XIX. kerület,Hanoi,3
BUDAPEST,08,Budapest XIX. kerület,Havanna,2
BUDAPEST,08,Budapest XIX. kerület,Helsinki,26
BUDAPEST,08,Budapest XIX. kerület,Ho Chi Minh Város,3
BUDAPEST,08,Budapest XIX. kerület,Hongkong,1
BUDAPEST,08,Budapest XIX. kerület,Houston,1
BUDAPEST,08,Budapest XIX. kerület,Innsbruck,17
BUDAPEST,08,Budapest XIX. kerület,Iszlámábád,1
BUDAPEST,08,Budapest XIX. kerület,Isztambul,4
BUDAPEST,08,Budapest XIX. kerület,Jakarta,1
BUDAPEST,08,Budapest XIX. kerület,Jereván,2
BUDAPEST,08,Budapest XIX. kerület,Kairó,3
BUDAPEST,08,Budapest XIX. kerület,Kazány,1
BUDAPEST,08,Budapest XIX. kerület,Kolozsvár,18
BUDAPEST,08,Budapest XIX. kerület,Koppenhága,31
BUDAPEST,08,Budapest XIX. kerület,Krakkó,2
BUDAPEST,08,Budapest XIX. kerület,Kuala Lumpur,2
BUDAPEST,08,Budapest XIX. kerület,Kuvait,1
BUDAPEST,08,Budapest XIX. kerület,Lima,2
BUDAPEST,08,Budapest XIX. kerület,Lisszabon,8
BUDAPEST,08,Budapest XIX. kerület,Ljubljana,2
BUDAPEST,08,Budapest XIX. kerület,London,123
BUDAPEST,08,Budapest XIX. kerület,Los Angeles,10
BUDAPEST,08,Budapest XIX. kerület,Luxembourg,14
BUDAPEST,08,Budapest XIX. kerület,Lyon,9
BUDAPEST,08,Budapest XIX. kerület,Madrid,22
BUDAPEST,08,Budapest XIX. kerület,Malaga,32
BUDAPEST,08,Budapest XIX. kerület,Manchester,22
BUDAPEST,08,Budapest XIX. kerület,Maszkat,1
BUDAPEST,08,Budapest XIX. kerület,Melbourne,5
BUDAPEST,08,Budapest XIX. kerület,Mexikóváros,2
BUDAPEST,08,Budapest XIX. kerület,Miami,8
BUDAPEST,08,Budapest XIX. kerület,Milánó,24
BUDAPEST,08,Budapest XIX. kerület,Montreal,4
BUDAPEST,08,Budapest XIX. kerület,München,74
BUDAPEST,08,Budapest XIX. kerület,Nairobi,2
BUDAPEST,08,Budapest XIX. kerület,New York,18
BUDAPEST,08,Budapest XIX. kerület,Nicosia,7
BUDAPEST,08,Budapest XIX. kerület,Nürnberg,18
BUDAPEST,08,Budapest XIX. kerület,Osaka,4
BUDAPEST,08,Budapest XIX. kerület,Osló,24
BUDAPEST,08,Budapest XIX. kerület,Párizs,24
BUDAPEST,08,Budapest XIX. kerület,Peking,4
BUDAPEST,08,Budapest XIX. kerület,Phnom Penh,1
BUDAPEST,08,Budapest XIX. kerület,Podgorica,1
BUDAPEST,08,Budapest XIX. kerület,Pozsony,1
BUDAPEST,08,Budapest XIX. kerület,Prága,6
BUDAPEST,08,Budapest XIX. kerület,Pretoria,2
BUDAPEST,08,Budapest XIX. kerület,Pristina,3
BUDAPEST,08,Budapest XIX. kerület,Rabat,1
BUDAPEST,08,Budapest XIX. kerület,Riga,1
BUDAPEST,08,Budapest XIX. kerület,Róma,22
BUDAPEST,08,Budapest XIX. kerület,San Francisco,2
BUDAPEST,08,Budapest XIX. kerület,Sanghaj,3
BUDAPEST,08,Budapest XIX. kerület,Stockholm,19
BUDAPEST,08,Budapest XIX. kerület,Strasbourg,3
BUDAPEST,08,Budapest XIX. kerület,Stuttgart,47
BUDAPEST,08,Budapest XIX. kerület,Sydney,7
BUDAPEST,08,Budapest XIX. kerület,Szabadka,4
BUDAPEST,08,Budapest XIX. kerület,Szingapúr,7
BUDAPEST,08,Budapest XIX. kerület,Szkopje,3
BUDAPEST,08,Budapest XIX. kerület,Szöul,7
BUDAPEST,08,Budapest XIX. kerület,Tallinn,2
BUDAPEST,08,Budapest XIX. kerület,Tbiliszi,1
BUDAPEST,08,Budapest XIX. kerület,Tel-Aviv,1
BUDAPEST,08,Budapest XIX. kerület,Tirana,2
BUDAPEST,08,Budapest XIX. kerület,Tokió,8
BUDAPEST,08,Budapest XIX. kerület,Toronto,5
BUDAPEST,08,Budapest XIX. kerület,Újdelhi,1
BUDAPEST,08,Budapest XIX. kerület,Ungvár,7
BUDAPEST,08,Budapest XIX. kerület,Valletta,6
BUDAPEST,08,Budapest XIX. kerület,Vancouver,4
BUDAPEST,08,Budapest XIX. kerület,Varsó,9
BUDAPEST,08,Budapest XIX. kerület,Vilnius,2
BUDAPEST,08,Budapest XIX. kerület,Washington,5
BUDAPEST,08,Budapest XIX. kerület,Wellington,3
BUDAPEST,08,Budapest XIX. kerület,Zágráb,4
BUDAPEST,09,Budapest XXI. kerület,Abu Dhabi,4
BUDAPEST,09,Budapest XXI. kerület,Ankara,1
BUDAPEST,09,Budapest XXI. kerület,Athén,5
BUDAPEST,09,Budapest XXI. kerület,Baku,1
BUDAPEST,09,Budapest XXI. kerület,Bangkok,3
BUDAPEST,09,Budapest XXI. kerület,Barcelona,30
BUDAPEST,09,Budapest XXI. kerület,Bécs,23
BUDAPEST,09,Budapest XXI. kerület,Belgrád,1
BUDAPEST,09,Budapest XXI. kerület,Beregszász,4
BUDAPEST,09,Budapest XXI. kerület,Berlin,36
BUDAPEST,09,Budapest XXI. kerület,Bern,49
BUDAPEST,09,Budapest XXI. kerület,Biskek,1
BUDAPEST,09,Budapest XXI. kerület,Brüsszel,23
BUDAPEST,09,Budapest XXI. kerület,Buenos Aires,3
BUDAPEST,09,Budapest XXI. kerület,Bukarest,1
BUDAPEST,09,Budapest XXI. kerület,Chicago,1
BUDAPEST,09,Budapest XXI. kerület,Csíkszereda,37
BUDAPEST,09,Budapest XXI. kerület,Doha,2
BUDAPEST,09,Budapest XXI. kerület,Dublin,31
BUDAPEST,09,Budapest XXI. kerület,Düsseldorf,26
BUDAPEST,09,Budapest XXI. kerület,Edinburgh,9
BUDAPEST,09,Budapest XXI. kerület,Gdansk,1
BUDAPEST,09,Budapest XXI. kerület,Genf,5
BUDAPEST,09,Budapest XXI. kerület,Hága,71
BUDAPEST,09,Budapest XXI. kerület,Hanoi,6
BUDAPEST,09,Budapest XXI. kerület,Havanna,1
BUDAPEST,09,Budapest XXI. kerület,Helsinki,19
BUDAPEST,09,Budapest XXI. kerület,Hongkong,1
BUDAPEST,09,Budapest XXI. kerület,Houston,1
BUDAPEST,09,Budapest XXI. kerület,Innsbruck,11
BUDAPEST,09,Budapest XXI. kerület,Isztambul,5
BUDAPEST,09,Budapest XXI. kerület,Jakarta,3
BUDAPEST,09,Budapest XXI. kerület,Kairó,1
BUDAPEST,09,Budapest XXI. kerület,Kolozsvár,8
BUDAPEST,09,Budapest XXI. kerület,Koppenhága,45
BUDAPEST,09,Budapest XXI. kerület,Krakkó,2
BUDAPEST,09,Budapest XXI. kerület,Kuala Lumpur,3
BUDAPEST,09,Budapest XXI. kerület,Kuangcsou,1
BUDAPEST,09,Budapest XXI. kerület,Lisszabon,4
BUDAPEST,09,Budapest XXI. kerület,Ljubljana,6
BUDAPEST,09,Budapest XXI. kerület,London,122
BUDAPEST,09,Budapest XXI. kerület,Los Angeles,8
BUDAPEST,09,Budapest XXI. kerület,Luxembourg,16
BUDAPEST,09,Budapest XXI. kerület,Lyon,8
BUDAPEST,09,Budapest XXI. kerület,Madrid,16
BUDAPEST,09,Budapest XXI. kerület,Malaga,21
BUDAPEST,09,Budapest XXI. kerület,Manchester,27
BUDAPEST,09,Budapest XXI. kerület,Manila,1
BUDAPEST,09,Budapest XXI. kerület,Mexikóváros,2
BUDAPEST,09,Budapest XXI. kerület,Miami,7
BUDAPEST,09,Budapest XXI. kerület,Milánó,13
BUDAPEST,09,Budapest XXI. kerület,Minszk,2
BUDAPEST,09,Budapest XXI. kerület,Montreal,4
BUDAPEST,09,Budapest XXI. kerület,Moszkva,1
BUDAPEST,09,Budapest XXI. kerület,München,64
BUDAPEST,09,Budapest XXI. kerület,New York,21
BUDAPEST,09,Budapest XXI. kerület,Nicosia,3
BUDAPEST,09,Budapest XXI. kerület,Nürnberg,7
BUDAPEST,09,Budapest XXI. kerület,Osaka,4
BUDAPEST,09,Budapest XXI. kerület,Osló,11
BUDAPEST,09,Budapest XXI. kerület,Ottawa,1
BUDAPEST,09,Budapest XXI. kerület,Párizs,28
BUDAPEST,09,Budapest XXI. kerület,Peking,2
BUDAPEST,09,Budapest XXI. kerület,Podgorica,2
BUDAPEST,09,Budapest XXI. kerület,Pozsony,3
BUDAPEST,09,Budapest XXI. kerület,Prága,11
BUDAPEST,09,Budapest XXI. kerület,Rijád,2
BUDAPEST,09,Budapest XXI. kerület,Róma,14
BUDAPEST,09,Budapest XXI. kerület,San Francisco,4
BUDAPEST,09,Budapest XXI. kerület,Sanghaj,6
BUDAPEST,09,Budapest XXI. kerület,Santiago de Chile,2
BUDAPEST,09,Budapest XXI. kerület,Stockholm,15
BUDAPEST,09,Budapest XXI. kerület,Strasbourg,9
BUDAPEST,09,Budapest XXI. kerület,Stuttgart,34
BUDAPEST,09,Budapest XXI. kerület,Sydney,3
BUDAPEST,09,Budapest XXI. kerület,Szabadka,6
BUDAPEST,09,Budapest XXI. kerület,Szarajevó,3
BUDAPEST,09,Budapest XXI. kerület,Szingapúr,2
BUDAPEST,09,Budapest XXI. kerület,Szkopje,2
BUDAPEST,09,Budapest XXI. kerület,Szöul,4
BUDAPEST,09,Budapest XXI. kerület,Tallinn,2
BUDAPEST,09,Budapest XXI. kerület,Taskent,1
BUDAPEST,09,Budapest XXI. kerület,Tirana,5
BUDAPEST,09,Budapest XXI. kerület,Tokió,4
BUDAPEST,09,Budapest XXI. kerület,Toronto,8
BUDAPEST,09,Budapest XXI. kerület,Ungvár,2
BUDAPEST,09,Budapest XXI. kerület,Valletta,9
BUDAPEST,09,Budapest XXI. kerület,Vancouver,3
BUDAPEST,09,Budapest XXI. kerület,Varsó,6
BUDAPEST,09,Budapest XXI. kerület,Vilnius,1
BUDAPEST,09,Budapest XXI. kerület,Washington,6
BUDAPEST,09,Budapest XXI. kerület,Zágráb,1
BUDAPEST,10,Budapest XXII. kerület,Abu Dhabi,9
BUDAPEST,10,Budapest XXII. kerület,Asztana,1
BUDAPEST,10,Budapest XXII. kerület,Athén,4
BUDAPEST,10,Budapest XXII. kerület,Bangkok,8
BUDAPEST,10,Budapest XXII. kerület,Barcelona,40
BUDAPEST,10,Budapest XXII. kerület,Bécs,61
BUDAPEST,10,Budapest XXII. kerület,Belgrád,1
BUDAPEST,10,Budapest XXII. kerület,Beregszász,3
BUDAPEST,10,Budapest XXII. kerület,Berlin,58
BUDAPEST,10,Budapest XXII. kerület,Bern,56
BUDAPEST,10,Budapest XXII. kerület,Biskek,2
BUDAPEST,10,Budapest XXII. kerület,Brüsszel,60
BUDAPEST,10,Budapest XXII. kerület,Buenos Aires,2
BUDAPEST,10,Budapest XXII. kerület,Canberra,1
BUDAPEST,10,Budapest XXII. kerület,Chicago,15
BUDAPEST,10,Budapest XXII. kerület,Csíkszereda,53
BUDAPEST,10,Budapest XXII. kerület,Doha,2
BUDAPEST,10,Budapest XXII. kerület,Dublin,27
BUDAPEST,10,Budapest XXII. kerület,Düsseldorf,50
BUDAPEST,10,Budapest XXII. kerület,Edinburgh,11
BUDAPEST,10,Budapest XXII. kerület,Gdansk,3
BUDAPEST,10,Budapest XXII. kerület,Genf,14
BUDAPEST,10,Budapest XXII. kerület,Hága,155
BUDAPEST,10,Budapest XXII. kerület,Hanoi,8
BUDAPEST,10,Budapest XXII. kerület,Havanna,2
BUDAPEST,10,Budapest XXII. kerület,Helsinki,18
BUDAPEST,10,Budapest XXII. kerület,Ho Chi Minh Város,2
BUDAPEST,10,Budapest XXII. kerület,Hongkong,11
BUDAPEST,10,Budapest XXII. kerület,Houston,6
BUDAPEST,10,Budapest XXII. kerület,Innsbruck,16
BUDAPEST,10,Budapest XXII. kerület,Isztambul,7
BUDAPEST,10,Budapest XXII. kerület,Jakarta,2
BUDAPEST,10,Budapest XXII. kerület,Jereván,1
BUDAPEST,10,Budapest XXII. kerület,Kairó,5
BUDAPEST,10,Budapest XXII. kerület,Kolozsvár,21
BUDAPEST,10,Budapest XXII. kerület,Koppenhága,47
BUDAPEST,10,Budapest XXII. kerület,Krakkó,4
BUDAPEST,10,Budapest XXII. kerület,Kuala Lumpur,3
BUDAPEST,10,Budapest XXII. kerület,Kuvait,1
BUDAPEST,10,Budapest XXII. kerület,Lima,1
BUDAPEST,10,Budapest XXII. kerület,Lisszabon,19
BUDAPEST,10,Budapest XXII. kerület,Ljubljana,13
BUDAPEST,10,Budapest XXII. kerület,London,168
BUDAPEST,10,Budapest XXII. kerület,Los Angeles,10
BUDAPEST,10,Budapest XXII. kerület,Lusaka,1
BUDAPEST,10,Budapest XXII. kerület,Luxembourg,27
BUDAPEST,10,Budapest XXII. kerület,Lyon,7
BUDAPEST,10,Budapest XXII. kerület,Madrid,23
BUDAPEST,10,Budapest XXII. kerület,Malaga,37
BUDAPEST,10,Budapest XXII. kerület,Manchester,26
BUDAPEST,10,Budapest XXII. kerület,Melbourne,7
BUDAPEST,10,Budapest XXII. kerület,Mexikóváros,2
BUDAPEST,10,Budapest XXII. kerület,Miami,14
BUDAPEST,10,Budapest XXII. kerület,Milánó,26
BUDAPEST,10,Budapest XXII. kerület,Montreal,3
BUDAPEST,10,Budapest XXII. kerület,München,59
BUDAPEST,10,Budapest XXII. kerület,Nairobi,1
BUDAPEST,10,Budapest XXII. kerület,N'Djamena,1
BUDAPEST,10,Budapest XXII. kerület,New York,17
BUDAPEST,10,Budapest XXII. kerület,Nicosia,7
BUDAPEST,10,Budapest XXII. kerület,Nürnberg,21
BUDAPEST,10,Budapest XXII. kerület,Osaka,6
BUDAPEST,10,Budapest XXII. kerület,Osló,16
BUDAPEST,10,Budapest XXII. kerület,Ottawa,8
BUDAPEST,10,Budapest XXII. kerület,Panamaváros,2
BUDAPEST,10,Budapest XXII. kerület,Párizs,49
BUDAPEST,10,Budapest XXII. kerület,Peking,5
BUDAPEST,10,Budapest XXII. kerület,Podgorica,2
BUDAPEST,10,Budapest XXII. kerület,Pozsony,2
BUDAPEST,10,Budapest XXII. kerület,Prága,19
BUDAPEST,10,Budapest XXII. kerület,Pretoria,1
BUDAPEST,10,Budapest XXII. kerület,Pristina,1
BUDAPEST,10,Budapest XXII. kerület,Quito,2
BUDAPEST,10,Budapest XXII. kerület,Rabat,4
BUDAPEST,10,Budapest XXII. kerület,Riga,1
BUDAPEST,10,Budapest XXII. kerület,Rijád,1
BUDAPEST,10,Budapest XXII. kerület,Róma,28
BUDAPEST,10,Budapest XXII. kerület,San Francisco,3
BUDAPEST,10,Budapest XXII. kerület,Sanghaj,8
BUDAPEST,10,Budapest XXII. kerület,Santiago de Chile,1
BUDAPEST,10,Budapest XXII. kerület,Sao Paulo,1
BUDAPEST,10,Budapest XXII. kerület,Stockholm,21
BUDAPEST,10,Budapest XXII. kerület,Strasbourg,4
BUDAPEST,10,Budapest XXII. kerület,Stuttgart,48
BUDAPEST,10,Budapest XXII. kerület,Sydney,17
BUDAPEST,10,Budapest XXII. kerület,Szabadka,7
BUDAPEST,10,Budapest XXII. kerület,Szingapúr,6
BUDAPEST,10,Budapest XXII. kerület,Szófia,2
BUDAPEST,10,Budapest XXII. kerület,Szöul,8
BUDAPEST,10,Budapest XXII. kerület,Tallinn,2
BUDAPEST,10,Budapest XXII. kerület,Taskent,2
BUDAPEST,10,Budapest XXII. kerület,Tel-Aviv,6
BUDAPEST,10,Budapest XXII. kerület,Tirana,7
BUDAPEST,10,Budapest XXII. kerület,Tokió,18
BUDAPEST,10,Budapest XXII. kerület,Toronto,1
BUDAPEST,10,Budapest XXII. kerület,Tunisz,1
BUDAPEST,10,Budapest XXII. kerület,Újdelhi,3
BUDAPEST,10,Budapest XXII. kerület,Valletta,18
BUDAPEST,10,Budapest XXII. kerület,Vancouver,5
BUDAPEST,10,Budapest XXII. kerület,Varsó,8
BUDAPEST,10,Budapest XXII. kerület,Vientián,1
BUDAPEST,10,Budapest XXII. kerület,Vilnius,1
BUDAPEST,10,Budapest XXII. kerület,Washington,14
BUDAPEST,10,Budapest XXII. kerület,Wellington,6
BUDAPEST,10,Budapest XXII. kerület,Wroclaw,3
BUDAPEST,10,Budapest XXII. kerület,Zágráb,3
BUDAPEST,11,Budapest III. kerület,Abu Dhabi,16
BUDAPEST,11,Budapest III. kerület,Ankara,2
BUDAPEST,11,Budapest III. kerület,Asztana,2
BUDAPEST,11,Budapest III. kerület,Athén,9
BUDAPEST,11,Budapest III. kerület,Baku,1
BUDAPEST,11,Budapest III. kerület,Bangkok,9
BUDAPEST,11,Budapest III. kerület,Barcelona,27
BUDAPEST,11,Budapest III. kerület,Bécs,53
BUDAPEST,11,Budapest III. kerület,Belgrád,2
BUDAPEST,11,Budapest III. kerület,Beregszász,4
BUDAPEST,11,Budapest III. kerület,Berlin,50
BUDAPEST,11,Budapest III. kerület,Bern,71
BUDAPEST,11,Budapest III. kerület,Besztercebánya,1
BUDAPEST,11,Budapest III. kerület,Biskek,3
BUDAPEST,11,Budapest III. kerület,Brazíliaváros,1
BUDAPEST,11,Budapest III. kerület,Brüsszel,66
BUDAPEST,11,Budapest III. kerület,Buenos Aires,1
BUDAPEST,11,Budapest III. kerület,Bukarest,5
BUDAPEST,11,Budapest III. kerület,Chicago,7
BUDAPEST,11,Budapest III. kerület,Kisinyov,1
BUDAPEST,11,Budapest III. kerület,Csíkszereda,45
BUDAPEST,11,Budapest III. kerület,Csungking,3
BUDAPEST,11,Budapest III. kerület,Doha,2
BUDAPEST,11,Budapest III. kerület,Dublin,45
BUDAPEST,11,Budapest III. kerület,Düsseldorf,32
BUDAPEST,11,Budapest III. kerület,Edinburgh,30
BUDAPEST,11,Budapest III. kerület,Gdansk,2
BUDAPEST,11,Budapest III. kerület,Genf,18
BUDAPEST,11,Budapest III. kerület,Hága,152
BUDAPEST,11,Budapest III. kerület,Hanoi,10
BUDAPEST,11,Budapest III. kerület,Helsinki,16
BUDAPEST,11,Budapest III. kerület,Ho Chi Minh Város,1
BUDAPEST,11,Budapest III. kerület,Hongkong,4
BUDAPEST,11,Budapest III. kerület,Houston,5
BUDAPEST,11,Budapest III. kerület,Innsbruck,18
BUDAPEST,11,Budapest III. kerület,Isztambul,5
BUDAPEST,11,Budapest III. kerület,Jakarta,4
BUDAPEST,11,Budapest III. kerület,Kairó,5
BUDAPEST,11,Budapest III. kerület,Kigali,1
BUDAPEST,11,Budapest III. kerület,Kolozsvár,21
BUDAPEST,11,Budapest III. kerület,Koppenhága,62
BUDAPEST,11,Budapest III. kerület,Krakkó,5
BUDAPEST,11,Budapest III. kerület,Kuala Lumpur,6
BUDAPEST,11,Budapest III. kerület,Kuangcsou,1
BUDAPEST,11,Budapest III. kerület,Lendva,3
BUDAPEST,11,Budapest III. kerület,Lima,3
BUDAPEST,11,Budapest III. kerület,Lisszabon,18
BUDAPEST,11,Budapest III. kerület,Ljubljana,6
BUDAPEST,11,Budapest III. kerület,London,168
BUDAPEST,11,Budapest III. kerület,Los Angeles,22
BUDAPEST,11,Budapest III. kerület,Luxembourg,9
BUDAPEST,11,Budapest III. kerület,Lyon,12
BUDAPEST,11,Budapest III. kerület,Madrid,27
BUDAPEST,11,Budapest III. kerület,Malaga,30
BUDAPEST,11,Budapest III. kerület,Manchester,18
BUDAPEST,11,Budapest III. kerület,Manila,2
BUDAPEST,11,Budapest III. kerület,Melbourne,12
BUDAPEST,11,Budapest III. kerület,Miami,7
BUDAPEST,11,Budapest III. kerület,Milánó,23
BUDAPEST,11,Budapest III. kerület,Minszk,1
BUDAPEST,11,Budapest III. kerület,Montevideo,3
BUDAPEST,11,Budapest III. kerület,Montreal,2
BUDAPEST,11,Budapest III. kerület,Moszkva,4
BUDAPEST,11,Budapest III. kerület,Mumbai,3
BUDAPEST,11,Budapest III. kerület,München,66
BUDAPEST,11,Budapest III. kerület,Nairobi,1
BUDAPEST,11,Budapest III. kerület,N'Djamena,1
BUDAPEST,11,Budapest III. kerület,New York,26
BUDAPEST,11,Budapest III. kerület,Nicosia,5
BUDAPEST,11,Budapest III. kerület,Nürnberg,15
BUDAPEST,11,Budapest III. kerület,Osaka,11
BUDAPEST,11,Budapest III. kerület,Osló,18
BUDAPEST,11,Budapest III. kerület,Ottawa,3
BUDAPEST,11,Budapest III. kerület,Panamaváros,1
BUDAPEST,11,Budapest III. kerület,Párizs,51
BUDAPEST,11,Budapest III. kerület,Peking,6
BUDAPEST,11,Budapest III. kerület,Pozsony,7
BUDAPEST,11,Budapest III. kerület,Prága,23
BUDAPEST,11,Budapest III. kerület,Pretoria,3
BUDAPEST,11,Budapest III. kerület,Pristina,3
BUDAPEST,11,Budapest III. kerület,Rabat,6
BUDAPEST,11,Budapest III. kerület,Rijád,3
BUDAPEST,11,Budapest III. kerület,Róma,33
BUDAPEST,11,Budapest III. kerület,San Francisco,8
BUDAPEST,11,Budapest III. kerület,Sanghaj,5
BUDAPEST,11,Budapest III. kerület,Sao Paulo,1
BUDAPEST,11,Budapest III. kerület,Stockholm,25
BUDAPEST,11,Budapest III. kerület,Strasbourg,9
BUDAPEST,11,Budapest III. kerület,Stuttgart,49
BUDAPEST,11,Budapest III. kerület,Sydney,12
BUDAPEST,11,Budapest III. kerület,Szabadka,10
BUDAPEST,11,Budapest III. kerület,Szentpétervár,3
BUDAPEST,11,Budapest III. kerület,Szingapúr,6
BUDAPEST,11,Budapest III. kerület,Szófia,2
BUDAPEST,11,Budapest III. kerület,Szöul,7
BUDAPEST,11,Budapest III. kerület,Tallinn,4
BUDAPEST,11,Budapest III. kerület,Taskent,3
BUDAPEST,11,Budapest III. kerület,Tel-Aviv,6
BUDAPEST,11,Budapest III. kerület,Tirana,2
BUDAPEST,11,Budapest III. kerület,Tokió,14
BUDAPEST,11,Budapest III. kerület,Toronto,12
BUDAPEST,11,Budapest III. kerület,Tunisz,1
BUDAPEST,11,Budapest III. kerület,Újdelhi,2
BUDAPEST,11,Budapest III. kerület,Ungvár,5
BUDAPEST,11,Budapest III. kerület,Valletta,27
BUDAPEST,11,Budapest III. kerület,Vancouver,3
BUDAPEST,11,Budapest III. kerület,Varsó,3
BUDAPEST,11,Budapest III. kerület,Washington,7
BUDAPEST,11,Budapest III. kerület,Wellington,8
BUDAPEST,11,Budapest III. kerület,Wroclaw,5
BUDAPEST,11,Budapest III. kerület,Zágráb,8
BUDAPEST,12,Budapest XIII. kerület,Abu Dhabi,5
BUDAPEST,12,Budapest XIII. kerület,Abuja,2
BUDAPEST,12,Budapest XIII. kerület,Athén,5
BUDAPEST,12,Budapest XIII. kerület,Baku,1
BUDAPEST,12,Budapest XIII. kerület,Bangkok,4
BUDAPEST,12,Budapest XIII. kerület,Barcelona,39
BUDAPEST,12,Budapest XIII. kerület,Bécs,45
BUDAPEST,12,Budapest XIII. kerület,Bejrút,1
BUDAPEST,12,Budapest XIII. kerület,Belgrád,2
BUDAPEST,12,Budapest XIII. kerület,Beregszász,12
BUDAPEST,12,Budapest XIII. kerület,Berlin,38
BUDAPEST,12,Budapest XIII. kerület,Bern,68
BUDAPEST,12,Budapest XIII. kerület,Besztercebánya,1
BUDAPEST,12,Budapest XIII. kerület,Biskek,2
BUDAPEST,12,Budapest XIII. kerület,Bogota,2
BUDAPEST,12,Budapest XIII. kerület,Brüsszel,45
BUDAPEST,12,Budapest XIII. kerület,Buenos Aires,1
BUDAPEST,12,Budapest XIII. kerület,Bukarest,5
BUDAPEST,12,Budapest XIII. kerület,Canberra,1
BUDAPEST,12,Budapest XIII. kerület,Chicago,4
BUDAPEST,12,Budapest XIII. kerület,Csíkszereda,55
BUDAPEST,12,Budapest XIII. kerület,Csungking,1
BUDAPEST,12,Budapest XIII. kerület,Doha,1
BUDAPEST,12,Budapest XIII. kerület,Dublin,37
BUDAPEST,12,Budapest XIII. kerület,Düsseldorf,26
BUDAPEST,12,Budapest XIII. kerület,Edinburgh,20
BUDAPEST,12,Budapest XIII. kerület,Gdansk,6
BUDAPEST,12,Budapest XIII. kerület,Genf,14
BUDAPEST,12,Budapest XIII. kerület,Hága,137
BUDAPEST,12,Budapest XIII. kerület,Hanoi,5
BUDAPEST,12,Budapest XIII. kerület,Helsinki,11
BUDAPEST,12,Budapest XIII. kerület,Ho Chi Minh Város,1
BUDAPEST,12,Budapest XIII. kerület,Hongkong,1
BUDAPEST,12,Budapest XIII. kerület,Houston,7
BUDAPEST,12,Budapest XIII. kerület,Innsbruck,16
BUDAPEST,12,Budapest XIII. kerület,Isztambul,7
BUDAPEST,12,Budapest XIII. kerület,Jakarta,1
BUDAPEST,12,Budapest XIII. kerület,Jereván,1
BUDAPEST,12,Budapest XIII. kerület,Kairó,5
BUDAPEST,12,Budapest XIII. kerület,Kampala,1
BUDAPEST,12,Budapest XIII. kerület,Kassa,1
BUDAPEST,12,Budapest XIII. kerület,Kijev,1
BUDAPEST,12,Budapest XIII. kerület,Kolozsvár,20
BUDAPEST,12,Budapest XIII. kerület,Koppenhága,36
BUDAPEST,12,Budapest XIII. kerület,Krakkó,7
BUDAPEST,12,Budapest XIII. kerület,Kuala Lumpur,2
BUDAPEST,12,Budapest XIII. kerület,Kuangcsou,1
BUDAPEST,12,Budapest XIII. kerület,Kuvait,1
BUDAPEST,12,Budapest XIII. kerület,Lisszabon,8
BUDAPEST,12,Budapest XIII. kerület,Ljubljana,6
BUDAPEST,12,Budapest XIII. kerület,London,151
BUDAPEST,12,Budapest XIII. kerület,Los Angeles,11
BUDAPEST,12,Budapest XIII. kerület,Luxembourg,17
BUDAPEST,12,Budapest XIII. kerület,Lyon,12
BUDAPEST,12,Budapest XIII. kerület,Madrid,25
BUDAPEST,12,Budapest XIII. kerület,Malaga,22
BUDAPEST,12,Budapest XIII. kerület,Manchester,34
BUDAPEST,12,Budapest XIII. kerület,Manila,3
BUDAPEST,12,Budapest XIII. kerület,Maszkat,2
BUDAPEST,12,Budapest XIII. kerület,Melbourne,7
BUDAPEST,12,Budapest XIII. kerület,Miami,13
BUDAPEST,12,Budapest XIII. kerület,Milánó,37
BUDAPEST,12,Budapest XIII. kerület,Montreal,4
BUDAPEST,12,Budapest XIII. kerület,Moszkva,4
BUDAPEST,12,Budapest XIII. kerület,Mumbai,1
BUDAPEST,12,Budapest XIII. kerület,München,61
BUDAPEST,12,Budapest XIII. kerület,Nairobi,1
BUDAPEST,12,Budapest XIII. kerület,New York,23
BUDAPEST,12,Budapest XIII. kerület,Nicosia,4
BUDAPEST,12,Budapest XIII. kerület,Nürnberg,18
BUDAPEST,12,Budapest XIII. kerület,Osaka,3
BUDAPEST,12,Budapest XIII. kerület,Osló,17
BUDAPEST,12,Budapest XIII. kerület,Panamaváros,1
BUDAPEST,12,Budapest XIII. kerület,Párizs,29
BUDAPEST,12,Budapest XIII. kerület,Peking,5
BUDAPEST,12,Budapest XIII. kerület,Pozsony,6
BUDAPEST,12,Budapest XIII. kerület,Prága,17
BUDAPEST,12,Budapest XIII. kerület,Pretoria,1
BUDAPEST,12,Budapest XIII. kerület,Pristina,1
BUDAPEST,12,Budapest XIII. kerület,Rabat,3
BUDAPEST,12,Budapest XIII. kerület,Róma,33
BUDAPEST,12,Budapest XIII. kerület,San Francisco,9
BUDAPEST,12,Budapest XIII. kerület,Santiago de Chile,3
BUDAPEST,12,Budapest XIII. kerület,Sao Paulo,2
BUDAPEST,12,Budapest XIII. kerület,Stockholm,27
BUDAPEST,12,Budapest XIII. kerület,Strasbourg,7
BUDAPEST,12,Budapest XIII. kerület,Stuttgart,35
BUDAPEST,12,Budapest XIII. kerület,Sydney,7
BUDAPEST,12,Budapest XIII. kerület,Szabadka,11
BUDAPEST,12,Budapest XIII. kerület,Szarajevó,4
BUDAPEST,12,Budapest XIII. kerület,Szentpétervár,2
BUDAPEST,12,Budapest XIII. kerület,Szingapúr,6
BUDAPEST,12,Budapest XIII. kerület,Szófia,3
BUDAPEST,12,Budapest XIII. kerület,Szöul,4
BUDAPEST,12,Budapest XIII. kerület,Tallinn,3
BUDAPEST,12,Budapest XIII. kerület,Taskent,1
BUDAPEST,12,Budapest XIII. kerület,Tbiliszi,1
BUDAPEST,12,Budapest XIII. kerület,Tel-Aviv,4
BUDAPEST,12,Budapest XIII. kerület,Tirana,1
BUDAPEST,12,Budapest XIII. kerület,Tokió,11
BUDAPEST,12,Budapest XIII. kerület,Toronto,8
BUDAPEST,12,Budapest XIII. kerület,Újdelhi,8
BUDAPEST,12,Budapest XIII. kerület,Ungvár,2
BUDAPEST,12,Budapest XIII. kerület,Valletta,11
BUDAPEST,12,Budapest XIII. kerület,Vancouver,4
BUDAPEST,12,Budapest XIII. kerület,Varsó,7
BUDAPEST,12,Budapest XIII. kerület,Washington,13
BUDAPEST,12,Budapest XIII. kerület,Wellington,1
BUDAPEST,12,Budapest XIII. kerület,Wroclaw,1
BUDAPEST,12,Budapest XIII. kerület,Zágráb,1
BUDAPEST,13,Budapest XV. kerület,Abu Dhabi,12
BUDAPEST,13,Budapest XV. kerület,Ankara,1
BUDAPEST,13,Budapest XV. kerület,Athén,7
BUDAPEST,13,Budapest XV. kerület,Baku,1
BUDAPEST,13,Budapest XV. kerület,Bangkok,7
BUDAPEST,13,Budapest XV. kerület,Barcelona,15
BUDAPEST,13,Budapest XV. kerület,Bécs,27
BUDAPEST,13,Budapest XV. kerület,Belgrád,1
BUDAPEST,13,Budapest XV. kerület,Beregszász,2
BUDAPEST,13,Budapest XV. kerület,Berlin,35
BUDAPEST,13,Budapest XV. kerület,Bern,30
BUDAPEST,13,Budapest XV. kerület,Biskek,2
BUDAPEST,13,Budapest XV. kerület,Brüsszel,45
BUDAPEST,13,Budapest XV. kerület,Bukarest,3
BUDAPEST,13,Budapest XV. kerület,Canberra,1
BUDAPEST,13,Budapest XV. kerület,Chicago,3
BUDAPEST,13,Budapest XV. kerület,Kisinyov,1
BUDAPEST,13,Budapest XV. kerület,Csíkszereda,32
BUDAPEST,13,Budapest XV. kerület,Csungking,2
BUDAPEST,13,Budapest XV. kerület,Doha,2
BUDAPEST,13,Budapest XV. kerület,Dublin,31
BUDAPEST,13,Budapest XV. kerület,Düsseldorf,22
BUDAPEST,13,Budapest XV. kerület,Edinburgh,22
BUDAPEST,13,Budapest XV. kerület,Eszék,1
BUDAPEST,13,Budapest XV. kerület,Gdansk,2
BUDAPEST,13,Budapest XV. kerület,Genf,3
BUDAPEST,13,Budapest XV. kerület,Hága,87
BUDAPEST,13,Budapest XV. kerület,Hanoi,9
BUDAPEST,13,Budapest XV. kerület,Helsinki,12
BUDAPEST,13,Budapest XV. kerület,Ho Chi Minh Város,1
BUDAPEST,13,Budapest XV. kerület,Hongkong,3
BUDAPEST,13,Budapest XV. kerület,Houston,7
BUDAPEST,13,Budapest XV. kerület,Innsbruck,12
BUDAPEST,13,Budapest XV. kerület,Isztambul,3
BUDAPEST,13,Budapest XV. kerület,Jakarta,3
BUDAPEST,13,Budapest XV. kerület,Jekatyerinburg,1
BUDAPEST,13,Budapest XV. kerület,Kairó,3
BUDAPEST,13,Budapest XV. kerület,Kijev,3
BUDAPEST,13,Budapest XV. kerület,Kolozsvár,7
BUDAPEST,13,Budapest XV. kerület,Koppenhága,41
BUDAPEST,13,Budapest XV. kerület,Krakkó,3
BUDAPEST,13,Budapest XV. kerület,Kuala Lumpur,2
BUDAPEST,13,Budapest XV. kerület,Kuangcsou,1
BUDAPEST,13,Budapest XV. kerület,Lendva,2
BUDAPEST,13,Budapest XV. kerület,Lima,1
BUDAPEST,13,Budapest XV. kerület,Lisszabon,5
BUDAPEST,13,Budapest XV. kerület,Ljubljana,3
BUDAPEST,13,Budapest XV. kerület,London,131
BUDAPEST,13,Budapest XV. kerület,Los Angeles,12
BUDAPEST,13,Budapest XV. kerület,Luxembourg,17
BUDAPEST,13,Budapest XV. kerület,Lyon,3
BUDAPEST,13,Budapest XV. kerület,Madrid,20
BUDAPEST,13,Budapest XV. kerület,Malaga,17
BUDAPEST,13,Budapest XV. kerület,Manchester,34
BUDAPEST,13,Budapest XV. kerület,Manila,1
BUDAPEST,13,Budapest XV. kerület,Maszkat,2
BUDAPEST,13,Budapest XV. kerület,Melbourne,1
BUDAPEST,13,Budapest XV. kerület,Mexikóváros,2
BUDAPEST,13,Budapest XV. kerület,Miami,8
BUDAPEST,13,Budapest XV. kerület,Milánó,10
BUDAPEST,13,Budapest XV. kerület,Minszk,4
BUDAPEST,13,Budapest XV. kerület,Montreal,3
BUDAPEST,13,Budapest XV. kerület,Moszkva,1
BUDAPEST,13,Budapest XV. kerület,München,73
BUDAPEST,13,Budapest XV. kerület,New York,21
BUDAPEST,13,Budapest XV. kerület,Nicosia,5
BUDAPEST,13,Budapest XV. kerület,Nürnberg,14
BUDAPEST,13,Budapest XV. kerület,Osaka,2
BUDAPEST,13,Budapest XV. kerület,Osló,20
BUDAPEST,13,Budapest XV. kerület,Ottawa,1
BUDAPEST,13,Budapest XV. kerület,Panamaváros,1
BUDAPEST,13,Budapest XV. kerület,Párizs,23
BUDAPEST,13,Budapest XV. kerület,Peking,3
BUDAPEST,13,Budapest XV. kerület,Podgorica,1
BUDAPEST,13,Budapest XV. kerület,Pozsony,2
BUDAPEST,13,Budapest XV. kerület,Prága,18
BUDAPEST,13,Budapest XV. kerület,Pretoria,1
BUDAPEST,13,Budapest XV. kerület,Pristina,1
BUDAPEST,13,Budapest XV. kerület,Rabat,9
BUDAPEST,13,Budapest XV. kerület,Ramallah,1
BUDAPEST,13,Budapest XV. kerület,Riga,2
BUDAPEST,13,Budapest XV. kerület,Rijád,1
BUDAPEST,13,Budapest XV. kerület,Róma,19
BUDAPEST,13,Budapest XV. kerület,San Francisco,3
BUDAPEST,13,Budapest XV. kerület,Sanghaj,2
BUDAPEST,13,Budapest XV. kerület,Sao Paulo,2
BUDAPEST,13,Budapest XV. kerület,Stockholm,22
BUDAPEST,13,Budapest XV. kerület,Strasbourg,9
BUDAPEST,13,Budapest XV. kerület,Stuttgart,31
BUDAPEST,13,Budapest XV. kerület,Sydney,5
BUDAPEST,13,Budapest XV. kerület,Szabadka,16
BUDAPEST,13,Budapest XV. kerület,Szarajevó,2
BUDAPEST,13,Budapest XV. kerület,Szentpétervár,1
BUDAPEST,13,Budapest XV. kerület,Szingapúr,4
BUDAPEST,13,Budapest XV. kerület,Szófia,2
BUDAPEST,13,Budapest XV. kerület,Szöul,9
BUDAPEST,13,Budapest XV. kerület,Tallinn,2
BUDAPEST,13,Budapest XV. kerület,Tel-Aviv,6
BUDAPEST,13,Budapest XV. kerület,Tirana,2
BUDAPEST,13,Budapest XV. kerület,Tokió,8
BUDAPEST,13,Budapest XV. kerület,Toronto,7
BUDAPEST,13,Budapest XV. kerület,Ulánbátor,1
BUDAPEST,13,Budapest XV. kerület,Ungvár,3
BUDAPEST,13,Budapest XV. kerület,Valletta,12
BUDAPEST,13,Budapest XV. kerület,Vancouver,5
BUDAPEST,13,Budapest XV. kerület,Varsó,10
BUDAPEST,13,Budapest XV. kerület,Vilnius,2
BUDAPEST,13,Budapest XV. kerület,Washington,7
BUDAPEST,13,Budapest XV. kerület,Wellington,2
BUDAPEST,13,Budapest XV. kerület,Zágráb,1
BUDAPEST,14,Budapest XVI. kerület,Abu Dhabi,5
BUDAPEST,14,Budapest XVI. kerület,Algír,1
BUDAPEST,14,Budapest XVI. kerület,Ankara,2
BUDAPEST,14,Budapest XVI. kerület,Athén,6
BUDAPEST,14,Budapest XVI. kerület,Bangkok,11
BUDAPEST,14,Budapest XVI. kerület,Barcelona,36
BUDAPEST,14,Budapest XVI. kerület,Bécs,41
BUDAPEST,14,Budapest XVI. kerület,Bejrút,2
BUDAPEST,14,Budapest XVI. kerület,Beregszász,3
BUDAPEST,14,Budapest XVI. kerület,Berlin,41
BUDAPEST,14,Budapest XVI. kerület,Bern,60
BUDAPEST,14,Budapest XVI. kerület,Besztercebánya,1
BUDAPEST,14,Budapest XVI. kerület,Brüsszel,19
BUDAPEST,14,Budapest XVI. kerület,Buenos Aires,1
BUDAPEST,14,Budapest XVI. kerület,Bukarest,2
BUDAPEST,14,Budapest XVI. kerület,Chicago,6
BUDAPEST,14,Budapest XVI. kerület,Kisinyov,2
BUDAPEST,14,Budapest XVI. kerület,Csíkszereda,42
BUDAPEST,14,Budapest XVI. kerület,Csungking,1
BUDAPEST,14,Budapest XVI. kerület,Dar Es-Salaam,1
BUDAPEST,14,Budapest XVI. kerület,Doha,2
BUDAPEST,14,Budapest XVI. kerület,Dublin,30
BUDAPEST,14,Budapest XVI. kerület,Düsseldorf,36
BUDAPEST,14,Budapest XVI. kerület,Edinburgh,23
BUDAPEST,14,Budapest XVI. kerület,Eszék,1
BUDAPEST,14,Budapest XVI. kerület,Gdansk,2
BUDAPEST,14,Budapest XVI. kerület,Genf,8
BUDAPEST,14,Budapest XVI. kerület,Hága,124
BUDAPEST,14,Budapest XVI. kerület,Hanoi,5
BUDAPEST,14,Budapest XVI. kerület,Havanna,1
BUDAPEST,14,Budapest XVI. kerület,Helsinki,25
BUDAPEST,14,Budapest XVI. kerület,Ho Chi Minh Város,4
BUDAPEST,14,Budapest XVI. kerület,Hongkong,10
BUDAPEST,14,Budapest XVI. kerület,Houston,5
BUDAPEST,14,Budapest XVI. kerület,Innsbruck,9
BUDAPEST,14,Budapest XVI. kerület,Isztambul,2
BUDAPEST,14,Budapest XVI. kerület,Jakarta,6
BUDAPEST,14,Budapest XVI. kerület,Kairó,5
BUDAPEST,14,Budapest XVI. kerület,Kampala,1
BUDAPEST,14,Budapest XVI. kerület,Kassa,1
BUDAPEST,14,Budapest XVI. kerület,Kolozsvár,14
BUDAPEST,14,Budapest XVI. kerület,Koppenhága,46
BUDAPEST,14,Budapest XVI. kerület,Krakkó,7
BUDAPEST,14,Budapest XVI. kerület,Kuala Lumpur,4
BUDAPEST,14,Budapest XVI. kerület,Kuangcsou,1
BUDAPEST,14,Budapest XVI. kerület,Lendva,1
BUDAPEST,14,Budapest XVI. kerület,Lima,1
BUDAPEST,14,Budapest XVI. kerület,Lisszabon,15
BUDAPEST,14,Budapest XVI. kerület,Ljubljana,9
BUDAPEST,14,Budapest XVI. kerület,London,152
BUDAPEST,14,Budapest XVI. kerület,Los Angeles,7
BUDAPEST,14,Budapest XVI. kerület,Luxembourg,14
BUDAPEST,14,Budapest XVI. kerület,Lyon,6
BUDAPEST,14,Budapest XVI. kerület,Madrid,25
BUDAPEST,14,Budapest XVI. kerület,Malaga,24
BUDAPEST,14,Budapest XVI. kerület,Manchester,25
BUDAPEST,14,Budapest XVI. kerület,Manila,1
BUDAPEST,14,Budapest XVI. kerület,Melbourne,7
BUDAPEST,14,Budapest XVI. kerület,Mexikóváros,1
BUDAPEST,14,Budapest XVI. kerület,Miami,12
BUDAPEST,14,Budapest XVI. kerület,Milánó,26
BUDAPEST,14,Budapest XVI. kerület,Montevideo,1
BUDAPEST,14,Budapest XVI. kerület,Montreal,2
BUDAPEST,14,Budapest XVI. kerület,Moszkva,2
BUDAPEST,14,Budapest XVI. kerület,München,57
BUDAPEST,14,Budapest XVI. kerület,Nairobi,5
BUDAPEST,14,Budapest XVI. kerület,New York,23
BUDAPEST,14,Budapest XVI. kerület,Nicosia,11
BUDAPEST,14,Budapest XVI. kerület,Nürnberg,25
BUDAPEST,14,Budapest XVI. kerület,Osaka,8
BUDAPEST,14,Budapest XVI. kerület,Osló,15
BUDAPEST,14,Budapest XVI. kerület,Párizs,43
BUDAPEST,14,Budapest XVI. kerület,Peking,4
BUDAPEST,14,Budapest XVI. kerület,Podgorica,4
BUDAPEST,14,Budapest XVI. kerület,Prága,13
BUDAPEST,14,Budapest XVI. kerület,Rabat,4
BUDAPEST,14,Budapest XVI. kerület,Riga,1
BUDAPEST,14,Budapest XVI. kerület,Rijád,1
BUDAPEST,14,Budapest XVI. kerület,Róma,32
BUDAPEST,14,Budapest XVI. kerület,San Francisco,8
BUDAPEST,14,Budapest XVI. kerület,Sanghaj,13
BUDAPEST,14,Budapest XVI. kerület,Santiago de Chile,1
BUDAPEST,14,Budapest XVI. kerület,Stockholm,30
BUDAPEST,14,Budapest XVI. kerület,Strasbourg,3
BUDAPEST,14,Budapest XVI. kerület,Stuttgart,45
BUDAPEST,14,Budapest XVI. kerület,Sydney,4
BUDAPEST,14,Budapest XVI. kerület,Szabadka,8
BUDAPEST,14,Budapest XVI. kerület,Szarajevó,5
BUDAPEST,14,Budapest XVI. kerület,Szingapúr,4
BUDAPEST,14,Budapest XVI. kerület,Szkopje,1
BUDAPEST,14,Budapest XVI. kerület,Szófia,1
BUDAPEST,14,Budapest XVI. kerület,Szöul,8
BUDAPEST,14,Budapest XVI. kerület,Tallinn,1
BUDAPEST,14,Budapest XVI. kerület,Taskent,4
BUDAPEST,14,Budapest XVI. kerület,Tel-Aviv,6
BUDAPEST,14,Budapest XVI. kerület,Tirana,2
BUDAPEST,14,Budapest XVI. kerület,Tokió,11
BUDAPEST,14,Budapest XVI. kerület,Toronto,4
BUDAPEST,14,Budapest XVI. kerület,Tunisz,5
BUDAPEST,14,Budapest XVI. kerület,Újdelhi,1
BUDAPEST,14,Budapest XVI. kerület,Ulánbátor,1
BUDAPEST,14,Budapest XVI. kerület,Valletta,15
BUDAPEST,14,Budapest XVI. kerület,Vancouver,4
BUDAPEST,14,Budapest XVI. kerület,Varsó,15
BUDAPEST,14,Budapest XVI. kerület,Washington,12
BUDAPEST,14,Budapest XVI. kerület,Wellington,3
BUDAPEST,14,Budapest XVI. kerület,Wroclaw,2
BUDAPEST,14,Budapest XVI. kerület,Zágráb,1
BUDAPEST,15,Budapest XVII. kerület,Abu Dhabi,11
BUDAPEST,15,Budapest XVII. kerület,Ankara,1
BUDAPEST,15,Budapest XVII. kerület,Athén,5
BUDAPEST,15,Budapest XVII. kerület,Bangkok,6
BUDAPEST,15,Budapest XVII. kerület,Barcelona,25
BUDAPEST,15,Budapest XVII. kerület,Bécs,32
BUDAPEST,15,Budapest XVII. kerület,Bejrút,1
BUDAPEST,15,Budapest XVII. kerület,Belgrád,5
BUDAPEST,15,Budapest XVII. kerület,Beregszász,6
BUDAPEST,15,Budapest XVII. kerület,Berlin,39
BUDAPEST,15,Budapest XVII. kerület,Bern,39
BUDAPEST,15,Budapest XVII. kerület,Besztercebánya,1
BUDAPEST,15,Budapest XVII. kerület,Biskek,1
BUDAPEST,15,Budapest XVII. kerület,Brazíliaváros,1
BUDAPEST,15,Budapest XVII. kerület,Brüsszel,40
BUDAPEST,15,Budapest XVII. kerület,Buenos Aires,1
BUDAPEST,15,Budapest XVII. kerület,Bukarest,1
BUDAPEST,15,Budapest XVII. kerület,Chicago,5
BUDAPEST,15,Budapest XVII. kerület,Kisinyov,3
BUDAPEST,15,Budapest XVII. kerület,Csíkszereda,41
BUDAPEST,15,Budapest XVII. kerület,Csungking,4
BUDAPEST,15,Budapest XVII. kerület,Doha,1
BUDAPEST,15,Budapest XVII. kerület,Dublin,25
BUDAPEST,15,Budapest XVII. kerület,Düsseldorf,27
BUDAPEST,15,Budapest XVII. kerület,Edinburgh,20
BUDAPEST,15,Budapest XVII. kerület,Eszék,1
BUDAPEST,15,Budapest XVII. kerület,Gdansk,2
BUDAPEST,15,Budapest XVII. kerület,Genf,8
BUDAPEST,15,Budapest XVII. kerület,Hága,106
BUDAPEST,15,Budapest XVII. kerület,Hanoi,2
BUDAPEST,15,Budapest XVII. kerület,Havanna,2
BUDAPEST,15,Budapest XVII. kerület,Helsinki,10
BUDAPEST,15,Budapest XVII. kerület,Ho Chi Minh Város,1
BUDAPEST,15,Budapest XVII. kerület,Hongkong,1
BUDAPEST,15,Budapest XVII. kerület,Houston,2
BUDAPEST,15,Budapest XVII. kerület,Innsbruck,8
BUDAPEST,15,Budapest XVII. kerület,Isztambul,2
BUDAPEST,15,Budapest XVII. kerület,Jakarta,2
BUDAPEST,15,Budapest XVII. kerület,Jereván,1
BUDAPEST,15,Budapest XVII. kerület,Kolozsvár,10
BUDAPEST,15,Budapest XVII. kerület,Koppenhága,41
BUDAPEST,15,Budapest XVII. kerület,Krakkó,1
BUDAPEST,15,Budapest XVII. kerület,Kuala Lumpur,1
BUDAPEST,15,Budapest XVII. kerület,Kuangcsou,2
BUDAPEST,15,Budapest XVII. kerület,Lima,1
BUDAPEST,15,Budapest XVII. kerület,Lisszabon,14
BUDAPEST,15,Budapest XVII. kerület,Ljubljana,4
BUDAPEST,15,Budapest XVII. kerület,London,122
BUDAPEST,15,Budapest XVII. kerület,Los Angeles,9
BUDAPEST,15,Budapest XVII. kerület,Luanda,1
BUDAPEST,15,Budapest XVII. kerület,Luxembourg,13
BUDAPEST,15,Budapest XVII. kerület,Lyon,5
BUDAPEST,15,Budapest XVII. kerület,Madrid,27
BUDAPEST,15,Budapest XVII. kerület,Malaga,16
BUDAPEST,15,Budapest XVII. kerület,Manchester,20
BUDAPEST,15,Budapest XVII. kerület,Melbourne,1
BUDAPEST,15,Budapest XVII. kerület,Mexikóváros,1
BUDAPEST,15,Budapest XVII. kerület,Miami,7
BUDAPEST,15,Budapest XVII. kerület,Milánó,26
BUDAPEST,15,Budapest XVII. kerület,Montreal,2
BUDAPEST,15,Budapest XVII. kerület,Moszkva,6
BUDAPEST,15,Budapest XVII. kerület,Mumbai,1
BUDAPEST,15,Budapest XVII. kerület,München,50
BUDAPEST,15,Budapest XVII. kerület,New York,17
BUDAPEST,15,Budapest XVII. kerület,Nicosia,9
BUDAPEST,15,Budapest XVII. kerület,Nürnberg,14
BUDAPEST,15,Budapest XVII. kerület,Osaka,4
BUDAPEST,15,Budapest XVII. kerület,Osló,19
BUDAPEST,15,Budapest XVII. kerület,Ottawa,1
BUDAPEST,15,Budapest XVII. kerület,Párizs,38
BUDAPEST,15,Budapest XVII. kerület,Peking,5
BUDAPEST,15,Budapest XVII. kerület,Prága,12
BUDAPEST,15,Budapest XVII. kerület,Pretoria,1
BUDAPEST,15,Budapest XVII. kerület,Pristina,2
BUDAPEST,15,Budapest XVII. kerület,Riga,1
BUDAPEST,15,Budapest XVII. kerület,Rijád,1
BUDAPEST,15,Budapest XVII. kerület,Róma,19
BUDAPEST,15,Budapest XVII. kerület,San Francisco,3
BUDAPEST,15,Budapest XVII. kerület,Sanghaj,3
BUDAPEST,15,Budapest XVII. kerület,Santiago de Chile,2
BUDAPEST,15,Budapest XVII. kerület,Stockholm,26
BUDAPEST,15,Budapest XVII. kerület,Strasbourg,2
BUDAPEST,15,Budapest XVII. kerület,Stuttgart,42
BUDAPEST,15,Budapest XVII. kerület,Sydney,10
BUDAPEST,15,Budapest XVII. kerület,Szabadka,2
BUDAPEST,15,Budapest XVII. kerület,Szarajevó,1
BUDAPEST,15,Budapest XVII. kerület,Szingapúr,3
BUDAPEST,15,Budapest XVII. kerület,Szófia,3
BUDAPEST,15,Budapest XVII. kerület,Szöul,11
BUDAPEST,15,Budapest XVII. kerület,Tallinn,2
BUDAPEST,15,Budapest XVII. kerület,Taskent,1
BUDAPEST,15,Budapest XVII. kerület,Tbiliszi,1
BUDAPEST,15,Budapest XVII. kerület,Tel-Aviv,3
BUDAPEST,15,Budapest XVII. kerület,Tirana,1
BUDAPEST,15,Budapest XVII. kerület,Tokió,10
BUDAPEST,15,Budapest XVII. kerület,Toronto,2
BUDAPEST,15,Budapest XVII. kerület,Ulánbátor,1
BUDAPEST,15,Budapest XVII. kerület,Ungvár,5
BUDAPEST,15,Budapest XVII. kerület,Valletta,14
BUDAPEST,15,Budapest XVII. kerület,Vancouver,5
BUDAPEST,15,Budapest XVII. kerület,Varsó,14
BUDAPEST,15,Budapest XVII. kerület,Vilnius,2
BUDAPEST,15,Budapest XVII. kerület,Washington,4
BUDAPEST,15,Budapest XVII. kerület,Wellington,5
BUDAPEST,15,Budapest XVII. kerület,Zágráb,4
BUDAPEST,16,Budapest XXIII. kerület,Abu Dhabi,6
BUDAPEST,16,Budapest XXIII. kerület,Addisz-Abeba,1
BUDAPEST,16,Budapest XXIII. kerület,Athén,8
BUDAPEST,16,Budapest XXIII. kerület,Baku,4
BUDAPEST,16,Budapest XXIII. kerület,Bangkok,5
BUDAPEST,16,Budapest XXIII. kerület,Barcelona,21
BUDAPEST,16,Budapest XXIII. kerület,Bécs,36
BUDAPEST,16,Budapest XXIII. kerület,Belgrád,2
BUDAPEST,16,Budapest XXIII. kerület,Beregszász,4
BUDAPEST,16,Budapest XXIII. kerület,Berlin,35
BUDAPEST,16,Budapest XXIII. kerület,Bern,48
BUDAPEST,16,Budapest XXIII. kerület,Besztercebánya,1
BUDAPEST,16,Budapest XXIII. kerület,Brüsszel,37
BUDAPEST,16,Budapest XXIII. kerület,Buenos Aires,3
BUDAPEST,16,Budapest XXIII. kerület,Bukarest,1
BUDAPEST,16,Budapest XXIII. kerület,Chicago,8
BUDAPEST,16,Budapest XXIII. kerület,Csíkszereda,57
BUDAPEST,16,Budapest XXIII. kerület,Doha,3
BUDAPEST,16,Budapest XXIII. kerület,Dublin,25
BUDAPEST,16,Budapest XXIII. kerület,Düsseldorf,29
BUDAPEST,16,Budapest XXIII. kerület,Edinburgh,28
BUDAPEST,16,Budapest XXIII. kerület,Gdansk,1
BUDAPEST,16,Budapest XXIII. kerület,Genf,4
BUDAPEST,16,Budapest XXIII. kerület,Hága,101
BUDAPEST,16,Budapest XXIII. kerület,Hanoi,3
BUDAPEST,16,Budapest XXIII. kerület,Helsinki,13
BUDAPEST,16,Budapest XXIII. kerület,Ho Chi Minh Város,4
BUDAPEST,16,Budapest XXIII. kerület,Hongkong,1
BUDAPEST,16,Budapest XXIII. kerület,Houston,7
BUDAPEST,16,Budapest XXIII. kerület,Innsbruck,14
BUDAPEST,16,Budapest XXIII. kerület,Isztambul,6
BUDAPEST,16,Budapest XXIII. kerület,Jakarta,1
BUDAPEST,16,Budapest XXIII. kerület,Jereván,1
BUDAPEST,16,Budapest XXIII. kerület,Kairó,1
BUDAPEST,16,Budapest XXIII. kerület,Kazány,1
BUDAPEST,16,Budapest XXIII. kerület,Kolozsvár,21
BUDAPEST,16,Budapest XXIII. kerület,Koppenhága,38
BUDAPEST,16,Budapest XXIII. kerület,Krakkó,3
BUDAPEST,16,Budapest XXIII. kerület,Kuala Lumpur,2
BUDAPEST,16,Budapest XXIII. kerület,Kuangcsou,1
BUDAPEST,16,Budapest XXIII. kerület,Lima,1
BUDAPEST,16,Budapest XXIII. kerület,Lisszabon,10
BUDAPEST,16,Budapest XXIII. kerület,Ljubljana,8
BUDAPEST,16,Budapest XXIII. kerület,London,132
BUDAPEST,16,Budapest XXIII. kerület,Los Angeles,2
BUDAPEST,16,Budapest XXIII. kerület,Luxembourg,12
BUDAPEST,16,Budapest XXIII. kerület,Lyon,4
BUDAPEST,16,Budapest XXIII. kerület,Madrid,23
BUDAPEST,16,Budapest XXIII. kerület,Malaga,34
BUDAPEST,16,Budapest XXIII. kerület,Manchester,25
BUDAPEST,16,Budapest XXIII. kerület,Melbourne,6
BUDAPEST,16,Budapest XXIII. kerület,Mexikóváros,1
BUDAPEST,16,Budapest XXIII. kerület,Miami,7
BUDAPEST,16,Budapest XXIII. kerület,Milánó,24
BUDAPEST,16,Budapest XXIII. kerület,Montreal,5
BUDAPEST,16,Budapest XXIII. kerület,Moszkva,3
BUDAPEST,16,Budapest XXIII. kerület,München,56
BUDAPEST,16,Budapest XXIII. kerület,Nairobi,1
BUDAPEST,16,Budapest XXIII. kerület,New York,16
BUDAPEST,16,Budapest XXIII. kerület,Nicosia,11
BUDAPEST,16,Budapest XXIII. kerület,Nürnberg,19
BUDAPEST,16,Budapest XXIII. kerület,Osaka,6
BUDAPEST,16,Budapest XXIII. kerület,Osló,14
BUDAPEST,16,Budapest XXIII. kerület,Ottawa,2
BUDAPEST,16,Budapest XXIII. kerület,Párizs,24
BUDAPEST,16,Budapest XXIII. kerület,Peking,6
BUDAPEST,16,Budapest XXIII. kerület,Phnom Penh,1
BUDAPEST,16,Budapest XXIII. kerület,Podgorica,1
BUDAPEST,16,Budapest XXIII. kerület,Prága,14
BUDAPEST,16,Budapest XXIII. kerület,Pretoria,1
BUDAPEST,16,Budapest XXIII. kerület,Pristina,1
BUDAPEST,16,Budapest XXIII. kerület,Rabat,1
BUDAPEST,16,Budapest XXIII. kerület,Róma,18
BUDAPEST,16,Budapest XXIII. kerület,San Francisco,2
BUDAPEST,16,Budapest XXIII. kerület,Sanghaj,6
BUDAPEST,16,Budapest XXIII. kerület,Stockholm,17
BUDAPEST,16,Budapest XXIII. kerület,Strasbourg,5
BUDAPEST,16,Budapest XXIII. kerület,Stuttgart,43
BUDAPEST,16,Budapest XXIII. kerület,Sydney,7
BUDAPEST,16,Budapest XXIII. kerület,Szabadka,8
BUDAPEST,16,Budapest XXIII. kerület,Szingapúr,1
BUDAPEST,16,Budapest XXIII. kerület,Szkopje,2
BUDAPEST,16,Budapest XXIII. kerület,Szöul,7
BUDAPEST,16,Budapest XXIII. kerület,Tallinn,7
BUDAPEST,16,Budapest XXIII. kerület,Taskent,4
BUDAPEST,16,Budapest XXIII. kerület,Tirana,1
BUDAPEST,16,Budapest XXIII. kerület,Tokió,8
BUDAPEST,16,Budapest XXIII. kerület,Toronto,2
BUDAPEST,16,Budapest XXIII. kerület,Tunisz,1
BUDAPEST,16,Budapest XXIII. kerület,Valletta,13
BUDAPEST,16,Budapest XXIII. kerület,Vancouver,7
BUDAPEST,16,Budapest XXIII. kerület,Varsó,4
BUDAPEST,16,Budapest XXIII. kerület,Vientián,1
BUDAPEST,16,Budapest XXIII. kerület,Vilnius,1
BUDAPEST,16,Budapest XXIII. kerület,Washington,9
BUDAPEST,16,Budapest XXIII. kerület,Wellington,2
BUDAPEST,16,Budapest XXIII. kerület,Wroclaw,1
BUDAPEST,16,Budapest XXIII. kerület,Zágráb,2
BARANYA,01,Pécs,Abu Dhabi,1
BARANYA,01,Pécs,Abuja,1
BARANYA,01,Pécs,Ankara,1
BARANYA,01,Pécs,Asztana,1
BARANYA,01,Pécs,Athén,5
BARANYA,01,Pécs,Bangkok,2
BARANYA,01,Pécs,Barcelona,28
BARANYA,01,Pécs,Bécs,42
BARANYA,01,Pécs,Belgrád,5
BARANYA,01,Pécs,Berlin,55
BARANYA,01,Pécs,Bern,70
BARANYA,01,Pécs,Brüsszel,25
BARANYA,01,Pécs,Canberra,1
BARANYA,01,Pécs,Chicago,6
BARANYA,01,Pécs,Csíkszereda,16
BARANYA,01,Pécs,Dublin,25
BARANYA,01,Pécs,Düsseldorf,46
BARANYA,01,Pécs,Edinburgh,18
BARANYA,01,Pécs,Eszék,2
BARANYA,01,Pécs,Gdansk,1
BARANYA,01,Pécs,Genf,3
BARANYA,01,Pécs,Hága,60
BARANYA,01,Pécs,Hanoi,4
BARANYA,01,Pécs,Helsinki,10
BARANYA,01,Pécs,Hongkong,2
BARANYA,01,Pécs,Houston,3
BARANYA,01,Pécs,Innsbruck,35
BARANYA,01,Pécs,Isztambul,6
BARANYA,01,Pécs,Kairó,3
BARANYA,01,Pécs,Kolozsvár,1
BARANYA,01,Pécs,Koppenhága,36
BARANYA,01,Pécs,Krakkó,9
BARANYA,01,Pécs,Kuala Lumpur,1
BARANYA,01,Pécs,Kuangcsou,1
BARANYA,01,Pécs,Lisszabon,6
BARANYA,01,Pécs,Ljubljana,2
BARANYA,01,Pécs,London,148
BARANYA,01,Pécs,Los Angeles,5
BARANYA,01,Pécs,Luxembourg,13
BARANYA,01,Pécs,Lyon,4
BARANYA,01,Pécs,Madrid,15
BARANYA,01,Pécs,Malaga,18
BARANYA,01,Pécs,Manchester,40
BARANYA,01,Pécs,Melbourne,3
BARANYA,01,Pécs,Mexikóváros,2
BARANYA,01,Pécs,Miami,7
BARANYA,01,Pécs,Milánó,8
BARANYA,01,Pécs,Montreal,3
BARANYA,01,Pécs,München,103
BARANYA,01,Pécs,N'Djamena,1
BARANYA,01,Pécs,New York,13
BARANYA,01,Pécs,Nicosia,3
BARANYA,01,Pécs,Nürnberg,22
BARANYA,01,Pécs,Osaka,4
BARANYA,01,Pécs,Osló,20
BARANYA,01,Pécs,Párizs,28
BARANYA,01,Pécs,Peking,3
BARANYA,01,Pécs,Podgorica,1
BARANYA,01,Pécs,Pozsony,4
BARANYA,01,Pécs,Prága,8
BARANYA,01,Pécs,Pretoria,2
BARANYA,01,Pécs,Pristina,1
BARANYA,01,Pécs,Rabat,1
BARANYA,01,Pécs,Rijád,1
BARANYA,01,Pécs,Róma,15
BARANYA,01,Pécs,San Francisco,5
BARANYA,01,Pécs,Sanghaj,2
BARANYA,01,Pécs,Stockholm,17
BARANYA,01,Pécs,Strasbourg,24
BARANYA,01,Pécs,Stuttgart,73
BARANYA,01,Pécs,Sydney,14
BARANYA,01,Pécs,Szabadka,5
BARANYA,01,Pécs,Szarajevó,1
BARANYA,01,Pécs,Szingapúr,1
BARANYA,01,Pécs,Szófia,1
BARANYA,01,Pécs,Szöul,2
BARANYA,01,Pécs,Tallinn,1
BARANYA,01,Pécs,Tel-Aviv,2
BARANYA,01,Pécs,Tirana,1
BARANYA,01,Pécs,Tokió,8
BARANYA,01,Pécs,Toronto,2
BARANYA,01,Pécs,Valletta,9
BARANYA,01,Pécs,Varsó,6
BARANYA,01,Pécs,Washington,9
BARANYA,01,Pécs,Wellington,3
BARANYA,01,Pécs,Wroclaw,1
BARANYA,01,Pécs,Zágráb,8
BARANYA,02,Pécs,Abuja,1
BARANYA,02,Pécs,Amman,1
BARANYA,02,Pécs,Ankara,1
BARANYA,02,Pécs,Athén,7
BARANYA,02,Pécs,Baku,1
BARANYA,02,Pécs,Bangkok,1
BARANYA,02,Pécs,Barcelona,13
BARANYA,02,Pécs,Bécs,36
BARANYA,02,Pécs,Belgrád,2
BARANYA,02,Pécs,Berlin,24
BARANYA,02,Pécs,Bern,42
BARANYA,02,Pécs,Brüsszel,20
BARANYA,02,Pécs,Bukarest,2
BARANYA,02,Pécs,Chicago,4
BARANYA,02,Pécs,Csíkszereda,11
BARANYA,02,Pécs,Dublin,27
BARANYA,02,Pécs,Düsseldorf,41
BARANYA,02,Pécs,Edinburgh,9
BARANYA,02,Pécs,Genf,6
BARANYA,02,Pécs,Hága,50
BARANYA,02,Pécs,Hanoi,1
BARANYA,02,Pécs,Helsinki,12
BARANYA,02,Pécs,Ho Chi Minh Város,2
BARANYA,02,Pécs,Innsbruck,44
BARANYA,02,Pécs,Isztambul,3
BARANYA,02,Pécs,Kolozsvár,3
BARANYA,02,Pécs,Koppenhága,21
BARANYA,02,Pécs,Krakkó,3
BARANYA,02,Pécs,Kuala Lumpur,4
BARANYA,02,Pécs,Kuangcsou,1
BARANYA,02,Pécs,Kuvait,1
BARANYA,02,Pécs,Lisszabon,12
BARANYA,02,Pécs,Ljubljana,7
BARANYA,02,Pécs,London,103
BARANYA,02,Pécs,Los Angeles,4
BARANYA,02,Pécs,Luxembourg,5
BARANYA,02,Pécs,Lyon,13
BARANYA,02,Pécs,Madrid,7
BARANYA,02,Pécs,Malaga,10
BARANYA,02,Pécs,Manchester,48
BARANYA,02,Pécs,Mexikóváros,1
BARANYA,02,Pécs,Miami,3
BARANYA,02,Pécs,Milánó,7
BARANYA,02,Pécs,Montreal,2
BARANYA,02,Pécs,Moszkva,2
BARANYA,02,Pécs,München,101
BARANYA,02,Pécs,New York,9
BARANYA,02,Pécs,Nicosia,3
BARANYA,02,Pécs,Nürnberg,30
BARANYA,02,Pécs,Osaka,5
BARANYA,02,Pécs,Osló,12
BARANYA,02,Pécs,Párizs,17
BARANYA,02,Pécs,Peking,1
BARANYA,02,Pécs,Pozsony,2
BARANYA,02,Pécs,Prága,5
BARANYA,02,Pécs,Rabat,2
BARANYA,02,Pécs,Róma,13
BARANYA,02,Pécs,San Francisco,1
BARANYA,02,Pécs,Sanghaj,2
BARANYA,02,Pécs,Sao Paulo,1
BARANYA,02,Pécs,Stockholm,18
BARANYA,02,Pécs,Strasbourg,16
BARANYA,02,Pécs,Stuttgart,84
BARANYA,02,Pécs,Sydney,5
BARANYA,02,Pécs,Szabadka,3
BARANYA,02,Pécs,Szarajevó,1
BARANYA,02,Pécs,Szingapúr,1
BARANYA,02,Pécs,Szófia,1
BARANYA,02,Pécs,Szöul,2
BARANYA,02,Pécs,Tallinn,2
BARANYA,02,Pécs,Tokió,3
BARANYA,02,Pécs,Toronto,6
BARANYA,02,Pécs,Valletta,11
BARANYA,02,Pécs,Vancouver,3
BARANYA,02,Pécs,Vilnius,2
BARANYA,02,Pécs,Washington,3
BARANYA,02,Pécs,Wellington,2
BARANYA,02,Pécs,Wroclaw,1
BARANYA,02,Pécs,Zágráb,2
BARANYA,03,Mohács,Abu Dhabi,2
BARANYA,03,Mohács,Ankara,3
BARANYA,03,Mohács,Athén,3
BARANYA,03,Mohács,Bangkok,4
BARANYA,03,Mohács,Barcelona,14
BARANYA,03,Mohács,Bécs,57
BARANYA,03,Mohács,Beregszász,1
BARANYA,03,Mohács,Berlin,24
BARANYA,03,Mohács,Bern,44
BARANYA,03,Mohács,Brüsszel,13
BARANYA,03,Mohács,Csíkszereda,11
BARANYA,03,Mohács,Dublin,15
BARANYA,03,Mohács,Düsseldorf,31
BARANYA,03,Mohács,Edinburgh,4
BARANYA,03,Mohács,Eszék,2
BARANYA,03,Mohács,Hága,30
BARANYA,03,Mohács,Helsinki,11
BARANYA,03,Mohács,Hongkong,1
BARANYA,03,Mohács,Houston,1
BARANYA,03,Mohács,Innsbruck,29
BARANYA,03,Mohács,Isztambul,4
BARANYA,03,Mohács,Koppenhága,9
BARANYA,03,Mohács,Krakkó,2
BARANYA,03,Mohács,Kuala Lumpur,2
BARANYA,03,Mohács,Lima,2
BARANYA,03,Mohács,Lisszabon,2
BARANYA,03,Mohács,Ljubljana,3
BARANYA,03,Mohács,London,58
BARANYA,03,Mohács,Luxembourg,8
BARANYA,03,Mohács,Lyon,1
BARANYA,03,Mohács,Madrid,2
BARANYA,03,Mohács,Malaga,5
BARANYA,03,Mohács,Manchester,22
BARANYA,03,Mohács,Manila,1
BARANYA,03,Mohács,Melbourne,1
BARANYA,03,Mohács,Miami,1
BARANYA,03,Mohács,Milánó,1
BARANYA,03,Mohács,München,105
BARANYA,03,Mohács,New York,7
BARANYA,03,Mohács,Nürnberg,30
BARANYA,03,Mohács,Osaka,1
BARANYA,03,Mohács,Osló,1
BARANYA,03,Mohács,Párizs,4
BARANYA,03,Mohács,Pozsony,2
BARANYA,03,Mohács,Prága,3
BARANYA,03,Mohács,Róma,2
BARANYA,03,Mohács,Stockholm,5
BARANYA,03,Mohács,Strasbourg,7
BARANYA,03,Mohács,Stuttgart,64
BARANYA,03,Mohács,Sydney,3
BARANYA,03,Mohács,Tel-Aviv,1
BARANYA,03,Mohács,Tirana,1
BARANYA,03,Mohács,Tokió,1
BARANYA,03,Mohács,Toronto,4
BARANYA,03,Mohács,Valletta,4
BARANYA,03,Mohács,Vancouver,1
BARANYA,03,Mohács,Zágráb,2
BARANYA,04,Szigetvár,Barcelona,5
BARANYA,04,Szigetvár,Bécs,12
BARANYA,04,Szigetvár,Belgrád,1
BARANYA,04,Szigetvár,Beregszász,2
BARANYA,04,Szigetvár,Berlin,14
BARANYA,04,Szigetvár,Bern,23
BARANYA,04,Szigetvár,Brüsszel,5
BARANYA,04,Szigetvár,Bukarest,1
BARANYA,04,Szigetvár,Csíkszereda,11
BARANYA,04,Szigetvár,Dublin,19
BARANYA,04,Szigetvár,Düsseldorf,15
BARANYA,04,Szigetvár,Edinburgh,12
BARANYA,04,Szigetvár,Eszék,1
BARANYA,04,Szigetvár,Genf,3
BARANYA,04,Szigetvár,Hága,27
BARANYA,04,Szigetvár,Hanoi,2
BARANYA,04,Szigetvár,Helsinki,3
BARANYA,04,Szigetvár,Houston,1
BARANYA,04,Szigetvár,Innsbruck,57
BARANYA,04,Szigetvár,Jakarta,1
BARANYA,04,Szigetvár,Kolozsvár,2
BARANYA,04,Szigetvár,Koppenhága,6
BARANYA,04,Szigetvár,Krakkó,1
BARANYA,04,Szigetvár,Kuangcsou,1
BARANYA,04,Szigetvár,Lisszabon,2
BARANYA,04,Szigetvár,London,39
BARANYA,04,Szigetvár,Los Angeles,1
BARANYA,04,Szigetvár,Luxembourg,10
BARANYA,04,Szigetvár,Lyon,4
BARANYA,04,Szigetvár,Madrid,5
BARANYA,04,Szigetvár,Malaga,2
BARANYA,04,Szigetvár,Manchester,35
BARANYA,04,Szigetvár,Melbourne,2
BARANYA,04,Szigetvár,Miami,1
BARANYA,04,Szigetvár,Milánó,4
BARANYA,04,Szigetvár,Montreal,1
BARANYA,04,Szigetvár,München,73
BARANYA,04,Szigetvár,New York,6
BARANYA,04,Szigetvár,Nicosia,3
BARANYA,04,Szigetvár,Nürnberg,14
BARANYA,04,Szigetvár,Osló,7
BARANYA,04,Szigetvár,Párizs,4
BARANYA,04,Szigetvár,Peking,1
BARANYA,04,Szigetvár,Pozsony,1
BARANYA,04,Szigetvár,Prága,4
BARANYA,04,Szigetvár,Quito,1
BARANYA,04,Szigetvár,Róma,3
BARANYA,04,Szigetvár,San Francisco,2
BARANYA,04,Szigetvár,Stockholm,8
BARANYA,04,Szigetvár,Strasbourg,3
BARANYA,04,Szigetvár,Stuttgart,48
BARANYA,04,Szigetvár,Sydney,1
BARANYA,04,Szigetvár,Szabadka,4
BARANYA,04,Szigetvár,Szarajevó,1
BARANYA,04,Szigetvár,Szkopje,1
BARANYA,04,Szigetvár,Szófia,1
BARANYA,04,Szigetvár,Tallinn,1
BARANYA,04,Szigetvár,Tbiliszi,1
BARANYA,04,Szigetvár,Tel-Aviv,1
BARANYA,04,Szigetvár,Tokió,2
BARANYA,04,Szigetvár,Valletta,3
BARANYA,04,Szigetvár,Vancouver,1
BARANYA,04,Szigetvár,Varsó,2
BARANYA,04,Szigetvár,Washington,3
BARANYA,04,Szigetvár,Zágráb,3
BÁCS-KISKUN,01,Kecskemét,Abu Dhabi,2
BÁCS-KISKUN,01,Kecskemét,Barcelona,4
BÁCS-KISKUN,01,Kecskemét,Bécs,16
BÁCS-KISKUN,01,Kecskemét,Beregszász,2
BÁCS-KISKUN,01,Kecskemét,Berlin,16
BÁCS-KISKUN,01,Kecskemét,Bern,32
BÁCS-KISKUN,01,Kecskemét,Brüsszel,13
BÁCS-KISKUN,01,Kecskemét,Chicago,6
BÁCS-KISKUN,01,Kecskemét,Csíkszereda,21
BÁCS-KISKUN,01,Kecskemét,Dublin,6
BÁCS-KISKUN,01,Kecskemét,Düsseldorf,20
BÁCS-KISKUN,01,Kecskemét,Edinburgh,8
BÁCS-KISKUN,01,Kecskemét,Genf,3
BÁCS-KISKUN,01,Kecskemét,Hága,44
BÁCS-KISKUN,01,Kecskemét,Havanna,2
BÁCS-KISKUN,01,Kecskemét,Helsinki,8
BÁCS-KISKUN,01,Kecskemét,Ho Chi Minh Város,2
BÁCS-KISKUN,01,Kecskemét,Hongkong,3
BÁCS-KISKUN,01,Kecskemét,Houston,2
BÁCS-KISKUN,01,Kecskemét,Innsbruck,15
BÁCS-KISKUN,01,Kecskemét,Kolozsvár,7
BÁCS-KISKUN,01,Kecskemét,Koppenhága,25
BÁCS-KISKUN,01,Kecskemét,Kuala Lumpur,4
BÁCS-KISKUN,01,Kecskemét,Kuangcsou,1
BÁCS-KISKUN,01,Kecskemét,Lima,1
BÁCS-KISKUN,01,Kecskemét,Lisszabon,3
BÁCS-KISKUN,01,Kecskemét,Ljubljana,2
BÁCS-KISKUN,01,Kecskemét,London,73
BÁCS-KISKUN,01,Kecskemét,Los Angeles,3
BÁCS-KISKUN,01,Kecskemét,Luxembourg,3
BÁCS-KISKUN,01,Kecskemét,Lyon,2
BÁCS-KISKUN,01,Kecskemét,Madrid,10
BÁCS-KISKUN,01,Kecskemét,Malaga,5
BÁCS-KISKUN,01,Kecskemét,Manchester,16
BÁCS-KISKUN,01,Kecskemét,Melbourne,3
BÁCS-KISKUN,01,Kecskemét,Miami,5
BÁCS-KISKUN,01,Kecskemét,Milánó,13
BÁCS-KISKUN,01,Kecskemét,München,41
BÁCS-KISKUN,01,Kecskemét,New York,10
BÁCS-KISKUN,01,Kecskemét,Nicosia,2
BÁCS-KISKUN,01,Kecskemét,Nürnberg,14
BÁCS-KISKUN,01,Kecskemét,Osaka,1
BÁCS-KISKUN,01,Kecskemét,Osló,5
BÁCS-KISKUN,01,Kecskemét,Ottawa,1
BÁCS-KISKUN,01,Kecskemét,Panamaváros,1
BÁCS-KISKUN,01,Kecskemét,Párizs,8
BÁCS-KISKUN,01,Kecskemét,Peking,2
BÁCS-KISKUN,01,Kecskemét,Pozsony,1
BÁCS-KISKUN,01,Kecskemét,Prága,10
BÁCS-KISKUN,01,Kecskemét,Pristina,1
BÁCS-KISKUN,01,Kecskemét,Rijád,1
BÁCS-KISKUN,01,Kecskemét,Róma,7
BÁCS-KISKUN,01,Kecskemét,San Francisco,2
BÁCS-KISKUN,01,Kecskemét,Sanghaj,1
BÁCS-KISKUN,01,Kecskemét,Sao Paulo,1
BÁCS-KISKUN,01,Kecskemét,Stockholm,8
BÁCS-KISKUN,01,Kecskemét,Strasbourg,3
BÁCS-KISKUN,01,Kecskemét,Stuttgart,53
BÁCS-KISKUN,01,Kecskemét,Sydney,7
BÁCS-KISKUN,01,Kecskemét,Szabadka,13
BÁCS-KISKUN,01,Kecskemét,Szarajevó,1
BÁCS-KISKUN,01,Kecskemét,Szingapúr,2
BÁCS-KISKUN,01,Kecskemét,Szófia,1
BÁCS-KISKUN,01,Kecskemét,Szöul,1
BÁCS-KISKUN,01,Kecskemét,Tbiliszi,1
BÁCS-KISKUN,01,Kecskemét,Tirana,2
BÁCS-KISKUN,01,Kecskemét,Tokió,7
BÁCS-KISKUN,01,Kecskemét,Toronto,4
BÁCS-KISKUN,01,Kecskemét,Valletta,9
BÁCS-KISKUN,01,Kecskemét,Vancouver,1
BÁCS-KISKUN,01,Kecskemét,Varsó,1
BÁCS-KISKUN,01,Kecskemét,Washington,5
BÁCS-KISKUN,01,Kecskemét,Wellington,1
BÁCS-KISKUN,01,Kecskemét,Zágráb,1
BÁCS-KISKUN,02,Kecskemét,Abu Dhabi,2
BÁCS-KISKUN,02,Kecskemét,Addisz-Abeba,1
BÁCS-KISKUN,02,Kecskemét,Almati,1
BÁCS-KISKUN,02,Kecskemét,Athén,10
BÁCS-KISKUN,02,Kecskemét,Bangkok,7
BÁCS-KISKUN,02,Kecskemét,Barcelona,12
BÁCS-KISKUN,02,Kecskemét,Bécs,22
BÁCS-KISKUN,02,Kecskemét,Belgrád,1
BÁCS-KISKUN,02,Kecskemét,Berlin,17
BÁCS-KISKUN,02,Kecskemét,Bern,31
BÁCS-KISKUN,02,Kecskemét,Brüsszel,23
BÁCS-KISKUN,02,Kecskemét,Bukarest,2
BÁCS-KISKUN,02,Kecskemét,Canberra,2
BÁCS-KISKUN,02,Kecskemét,Chicago,4
BÁCS-KISKUN,02,Kecskemét,Csíkszereda,26
BÁCS-KISKUN,02,Kecskemét,Dublin,19
BÁCS-KISKUN,02,Kecskemét,Düsseldorf,28
BÁCS-KISKUN,02,Kecskemét,Edinburgh,7
BÁCS-KISKUN,02,Kecskemét,Genf,2
BÁCS-KISKUN,02,Kecskemét,Hága,52
BÁCS-KISKUN,02,Kecskemét,Hanoi,1
BÁCS-KISKUN,02,Kecskemét,Helsinki,11
BÁCS-KISKUN,02,Kecskemét,Houston,2
BÁCS-KISKUN,02,Kecskemét,Innsbruck,18
BÁCS-KISKUN,02,Kecskemét,Isztambul,1
BÁCS-KISKUN,02,Kecskemét,Kairó,1
BÁCS-KISKUN,02,Kecskemét,Kolozsvár,13
BÁCS-KISKUN,02,Kecskemét,Koppenhága,28
BÁCS-KISKUN,02,Kecskemét,Krakkó,2
BÁCS-KISKUN,02,Kecskemét,Lendva,1
BÁCS-KISKUN,02,Kecskemét,Lisszabon,4
BÁCS-KISKUN,02,Kecskemét,Ljubljana,3
BÁCS-KISKUN,02,Kecskemét,London,95
BÁCS-KISKUN,02,Kecskemét,Los Angeles,2
BÁCS-KISKUN,02,Kecskemét,Luxembourg,9
BÁCS-KISKUN,02,Kecskemét,Lyon,4
BÁCS-KISKUN,02,Kecskemét,Madrid,11
BÁCS-KISKUN,02,Kecskemét,Malaga,14
BÁCS-KISKUN,02,Kecskemét,Manchester,18
BÁCS-KISKUN,02,Kecskemét,Manila,1
BÁCS-KISKUN,02,Kecskemét,Melbourne,1
BÁCS-KISKUN,02,Kecskemét,Miami,4
BÁCS-KISKUN,02,Kecskemét,Milánó,11
BÁCS-KISKUN,02,Kecskemét,Montreal,3
BÁCS-KISKUN,02,Kecskemét,Moszkva,1
BÁCS-KISKUN,02,Kecskemét,München,53
BÁCS-KISKUN,02,Kecskemét,New York,14
BÁCS-KISKUN,02,Kecskemét,Nicosia,4
BÁCS-KISKUN,02,Kecskemét,Nürnberg,16
BÁCS-KISKUN,02,Kecskemét,Osló,15
BÁCS-KISKUN,02,Kecskemét,Panamaváros,3
BÁCS-KISKUN,02,Kecskemét,Párizs,22
BÁCS-KISKUN,02,Kecskemét,Peking,2
BÁCS-KISKUN,02,Kecskemét,Pozsony,4
BÁCS-KISKUN,02,Kecskemét,Prága,12
BÁCS-KISKUN,02,Kecskemét,Pretoria,1
BÁCS-KISKUN,02,Kecskemét,Rijád,1
BÁCS-KISKUN,02,Kecskemét,Róma,18
BÁCS-KISKUN,02,Kecskemét,San Francisco,4
BÁCS-KISKUN,02,Kecskemét,Sanghaj,1
BÁCS-KISKUN,02,Kecskemét,Sao Paulo,2
BÁCS-KISKUN,02,Kecskemét,Stockholm,14
BÁCS-KISKUN,02,Kecskemét,Strasbourg,3
BÁCS-KISKUN,02,Kecskemét,Stuttgart,41
BÁCS-KISKUN,02,Kecskemét,Sydney,3
BÁCS-KISKUN,02,Kecskemét,Szabadka,17
BÁCS-KISKUN,02,Kecskemét,Szarajevó,3
BÁCS-KISKUN,02,Kecskemét,Szkopje,1
BÁCS-KISKUN,02,Kecskemét,Szöul,5
BÁCS-KISKUN,02,Kecskemét,Tallinn,1
BÁCS-KISKUN,02,Kecskemét,Taskent,1
BÁCS-KISKUN,02,Kecskemét,Tel-Aviv,1
BÁCS-KISKUN,02,Kecskemét,Tokió,4
BÁCS-KISKUN,02,Kecskemét,Toronto,3
BÁCS-KISKUN,02,Kecskemét,Valletta,11
BÁCS-KISKUN,02,Kecskemét,Vancouver,4
BÁCS-KISKUN,02,Kecskemét,Varsó,1
BÁCS-KISKUN,02,Kecskemét,Washington,6
BÁCS-KISKUN,02,Kecskemét,Wellington,1
BÁCS-KISKUN,02,Kecskemét,Wroclaw,1
BÁCS-KISKUN,03,Kalocsa,Abu Dhabi,2
BÁCS-KISKUN,03,Kalocsa,Bangkok,2
BÁCS-KISKUN,03,Kalocsa,Barcelona,7
BÁCS-KISKUN,03,Kalocsa,Bécs,21
BÁCS-KISKUN,03,Kalocsa,Beregszász,1
BÁCS-KISKUN,03,Kalocsa,Berlin,12
BÁCS-KISKUN,03,Kalocsa,Bern,21
BÁCS-KISKUN,03,Kalocsa,Brüsszel,12
BÁCS-KISKUN,03,Kalocsa,Chicago,1
BÁCS-KISKUN,03,Kalocsa,Csíkszereda,16
BÁCS-KISKUN,03,Kalocsa,Dublin,1
BÁCS-KISKUN,03,Kalocsa,Düsseldorf,8
BÁCS-KISKUN,03,Kalocsa,Edinburgh,6
BÁCS-KISKUN,03,Kalocsa,Genf,3
BÁCS-KISKUN,03,Kalocsa,Hága,37
BÁCS-KISKUN,03,Kalocsa,Hanoi,2
BÁCS-KISKUN,03,Kalocsa,Helsinki,5
BÁCS-KISKUN,03,Kalocsa,Ho Chi Minh Város,2
BÁCS-KISKUN,03,Kalocsa,Hongkong,2
BÁCS-KISKUN,03,Kalocsa,Houston,2
BÁCS-KISKUN,03,Kalocsa,Innsbruck,16
BÁCS-KISKUN,03,Kalocsa,Isztambul,5
BÁCS-KISKUN,03,Kalocsa,Kairó,2
BÁCS-KISKUN,03,Kalocsa,Kolozsvár,7
BÁCS-KISKUN,03,Kalocsa,Koppenhága,16
BÁCS-KISKUN,03,Kalocsa,Lisszabon,1
BÁCS-KISKUN,03,Kalocsa,Ljubljana,1
BÁCS-KISKUN,03,Kalocsa,London,59
BÁCS-KISKUN,03,Kalocsa,Los Angeles,2
BÁCS-KISKUN,03,Kalocsa,Luxembourg,3
BÁCS-KISKUN,03,Kalocsa,Madrid,6
BÁCS-KISKUN,03,Kalocsa,Malaga,4
BÁCS-KISKUN,03,Kalocsa,Manchester,11
BÁCS-KISKUN,03,Kalocsa,Manila,1
BÁCS-KISKUN,03,Kalocsa,Maszkat,2
BÁCS-KISKUN,03,Kalocsa,Melbourne,1
BÁCS-KISKUN,03,Kalocsa,Miami,4
BÁCS-KISKUN,03,Kalocsa,Milánó,4
BÁCS-KISKUN,03,Kalocsa,Montreal,1
BÁCS-KISKUN,03,Kalocsa,Mumbai,1
BÁCS-KISKUN,03,Kalocsa,München,61
BÁCS-KISKUN,03,Kalocsa,New York,4
BÁCS-KISKUN,03,Kalocsa,Nicosia,6
BÁCS-KISKUN,03,Kalocsa,Nürnberg,15
BÁCS-KISKUN,03,Kalocsa,Osló,9
BÁCS-KISKUN,03,Kalocsa,Párizs,14
BÁCS-KISKUN,03,Kalocsa,Peking,1
BÁCS-KISKUN,03,Kalocsa,Podgorica,1
BÁCS-KISKUN,03,Kalocsa,Prága,4
BÁCS-KISKUN,03,Kalocsa,Rabat,1
BÁCS-KISKUN,03,Kalocsa,Rijád,1
BÁCS-KISKUN,03,Kalocsa,Róma,5
BÁCS-KISKUN,03,Kalocsa,Sanghaj,2
BÁCS-KISKUN,03,Kalocsa,Sao Paulo,1
BÁCS-KISKUN,03,Kalocsa,Stockholm,5
BÁCS-KISKUN,03,Kalocsa,Strasbourg,1
BÁCS-KISKUN,03,Kalocsa,Stuttgart,42
BÁCS-KISKUN,03,Kalocsa,Sydney,1
BÁCS-KISKUN,03,Kalocsa,Szabadka,22
BÁCS-KISKUN,03,Kalocsa,Szarajevó,1
BÁCS-KISKUN,03,Kalocsa,Szingapúr,1
BÁCS-KISKUN,03,Kalocsa,Szófia,1
BÁCS-KISKUN,03,Kalocsa,Szöul,1
BÁCS-KISKUN,03,Kalocsa,Taskent,1
BÁCS-KISKUN,03,Kalocsa,Tirana,2
BÁCS-KISKUN,03,Kalocsa,Tokió,1
BÁCS-KISKUN,03,Kalocsa,Valletta,6
BÁCS-KISKUN,03,Kalocsa,Varsó,2
BÁCS-KISKUN,03,Kalocsa,Washington,1
BÁCS-KISKUN,03,Kalocsa,Zágráb,2
BÁCS-KISKUN,04,Kiskunfélegyháza,Abu Dhabi,3
BÁCS-KISKUN,04,Kiskunfélegyháza,Athén,1
BÁCS-KISKUN,04,Kiskunfélegyháza,Bangkok,3
BÁCS-KISKUN,04,Kiskunfélegyháza,Barcelona,7
BÁCS-KISKUN,04,Kiskunfélegyháza,Bécs,20
BÁCS-KISKUN,04,Kiskunfélegyháza,Berlin,24
BÁCS-KISKUN,04,Kiskunfélegyháza,Bern,32
BÁCS-KISKUN,04,Kiskunfélegyháza,Brüsszel,15
BÁCS-KISKUN,04,Kiskunfélegyháza,Bukarest,1
BÁCS-KISKUN,04,Kiskunfélegyháza,Chicago,2
BÁCS-KISKUN,04,Kiskunfélegyháza,Csíkszereda,36
BÁCS-KISKUN,04,Kiskunfélegyháza,Csungking,3
BÁCS-KISKUN,04,Kiskunfélegyháza,Doha,1
BÁCS-KISKUN,04,Kiskunfélegyháza,Dublin,10
BÁCS-KISKUN,04,Kiskunfélegyháza,Düsseldorf,6
BÁCS-KISKUN,04,Kiskunfélegyháza,Edinburgh,5
BÁCS-KISKUN,04,Kiskunfélegyháza,Eszék,1
BÁCS-KISKUN,04,Kiskunfélegyháza,Genf,1
BÁCS-KISKUN,04,Kiskunfélegyháza,Hága,28
BÁCS-KISKUN,04,Kiskunfélegyháza,Hanoi,2
BÁCS-KISKUN,04,Kiskunfélegyháza,Helsinki,7
BÁCS-KISKUN,04,Kiskunfélegyháza,Ho Chi Minh Város,1
BÁCS-KISKUN,04,Kiskunfélegyháza,Innsbruck,20
BÁCS-KISKUN,04,Kiskunfélegyháza,Iszlámábád,1
BÁCS-KISKUN,04,Kiskunfélegyháza,Isztambul,1
BÁCS-KISKUN,04,Kiskunfélegyháza,Kolozsvár,7
BÁCS-KISKUN,04,Kiskunfélegyháza,Koppenhága,8
BÁCS-KISKUN,04,Kiskunfélegyháza,Krakkó,4
BÁCS-KISKUN,04,Kiskunfélegyháza,Kuala Lumpur,1
BÁCS-KISKUN,04,Kiskunfélegyháza,Kuangcsou,1
BÁCS-KISKUN,04,Kiskunfélegyháza,Kuvait,1
BÁCS-KISKUN,04,Kiskunfélegyháza,Lisszabon,2
BÁCS-KISKUN,04,Kiskunfélegyháza,Ljubljana,3
BÁCS-KISKUN,04,Kiskunfélegyháza,London,53
BÁCS-KISKUN,04,Kiskunfélegyháza,Los Angeles,1
BÁCS-KISKUN,04,Kiskunfélegyháza,Luxembourg,3
BÁCS-KISKUN,04,Kiskunfélegyháza,Madrid,5
BÁCS-KISKUN,04,Kiskunfélegyháza,Malaga,8
BÁCS-KISKUN,04,Kiskunfélegyháza,Manchester,15
BÁCS-KISKUN,04,Kiskunfélegyháza,Melbourne,1
BÁCS-KISKUN,04,Kiskunfélegyháza,Miami,2
BÁCS-KISKUN,04,Kiskunfélegyháza,Milánó,1
BÁCS-KISKUN,04,Kiskunfélegyháza,Montreal,2
BÁCS-KISKUN,04,Kiskunfélegyháza,München,47
BÁCS-KISKUN,04,Kiskunfélegyháza,New York,4
BÁCS-KISKUN,04,Kiskunfélegyháza,Nicosia,3
BÁCS-KISKUN,04,Kiskunfélegyháza,Nürnberg,10
BÁCS-KISKUN,04,Kiskunfélegyháza,Osló,13
BÁCS-KISKUN,04,Kiskunfélegyháza,Párizs,8
BÁCS-KISKUN,04,Kiskunfélegyháza,Phnom Penh,3
BÁCS-KISKUN,04,Kiskunfélegyháza,Pozsony,2
BÁCS-KISKUN,04,Kiskunfélegyháza,Prága,2
BÁCS-KISKUN,04,Kiskunfélegyháza,Pristina,1
BÁCS-KISKUN,04,Kiskunfélegyháza,Róma,5
BÁCS-KISKUN,04,Kiskunfélegyháza,San Francisco,5
BÁCS-KISKUN,04,Kiskunfélegyháza,Stockholm,10
BÁCS-KISKUN,04,Kiskunfélegyháza,Stuttgart,34
BÁCS-KISKUN,04,Kiskunfélegyháza,Sydney,2
BÁCS-KISKUN,04,Kiskunfélegyháza,Szabadka,21
BÁCS-KISKUN,04,Kiskunfélegyháza,Szentpétervár,1
BÁCS-KISKUN,04,Kiskunfélegyháza,Szingapúr,1
BÁCS-KISKUN,04,Kiskunfélegyháza,Szöul,3
BÁCS-KISKUN,04,Kiskunfélegyháza,Tel-Aviv,1
BÁCS-KISKUN,04,Kiskunfélegyháza,Tokió,4
BÁCS-KISKUN,04,Kiskunfélegyháza,Toronto,1
BÁCS-KISKUN,04,Kiskunfélegyháza,Valletta,1
BÁCS-KISKUN,04,Kiskunfélegyháza,Vancouver,1
BÁCS-KISKUN,04,Kiskunfélegyháza,Varsó,3
BÁCS-KISKUN,04,Kiskunfélegyháza,Vilnius,1
BÁCS-KISKUN,04,Kiskunfélegyháza,Washington,1
BÁCS-KISKUN,04,Kiskunfélegyháza,Wellington,1
BÁCS-KISKUN,04,Kiskunfélegyháza,Zágráb,1
BÁCS-KISKUN,05,Kiskunhalas,Abu Dhabi,2
BÁCS-KISKUN,05,Kiskunhalas,Ankara,1
BÁCS-KISKUN,05,Kiskunhalas,Athén,5
BÁCS-KISKUN,05,Kiskunhalas,Baku,1
BÁCS-KISKUN,05,Kiskunhalas,Bangkok,4
BÁCS-KISKUN,05,Kiskunhalas,Barcelona,3
BÁCS-KISKUN,05,Kiskunhalas,Bécs,23
BÁCS-KISKUN,05,Kiskunhalas,Belgrád,6
BÁCS-KISKUN,05,Kiskunhalas,Berlin,10
BÁCS-KISKUN,05,Kiskunhalas,Bern,38
BÁCS-KISKUN,05,Kiskunhalas,Brüsszel,9
BÁCS-KISKUN,05,Kiskunhalas,Canberra,2
BÁCS-KISKUN,05,Kiskunhalas,Chicago,1
BÁCS-KISKUN,05,Kiskunhalas,Csíkszereda,18
BÁCS-KISKUN,05,Kiskunhalas,Doha,3
BÁCS-KISKUN,05,Kiskunhalas,Dublin,9
BÁCS-KISKUN,05,Kiskunhalas,Düsseldorf,29
BÁCS-KISKUN,05,Kiskunhalas,Edinburgh,5
BÁCS-KISKUN,05,Kiskunhalas,Gdansk,1
BÁCS-KISKUN,05,Kiskunhalas,Hága,38
BÁCS-KISKUN,05,Kiskunhalas,Hanoi,2
BÁCS-KISKUN,05,Kiskunhalas,Helsinki,1
BÁCS-KISKUN,05,Kiskunhalas,Hongkong,1
BÁCS-KISKUN,05,Kiskunhalas,Houston,1
BÁCS-KISKUN,05,Kiskunhalas,Innsbruck,15
BÁCS-KISKUN,05,Kiskunhalas,Isztambul,2
BÁCS-KISKUN,05,Kiskunhalas,Kolozsvár,3
BÁCS-KISKUN,05,Kiskunhalas,Koppenhága,19
BÁCS-KISKUN,05,Kiskunhalas,Krakkó,5
BÁCS-KISKUN,05,Kiskunhalas,Kuvait,2
BÁCS-KISKUN,05,Kiskunhalas,Lisszabon,2
BÁCS-KISKUN,05,Kiskunhalas,Ljubljana,3
BÁCS-KISKUN,05,Kiskunhalas,London,75
BÁCS-KISKUN,05,Kiskunhalas,Luxembourg,8
BÁCS-KISKUN,05,Kiskunhalas,Lyon,1
BÁCS-KISKUN,05,Kiskunhalas,Madrid,5
BÁCS-KISKUN,05,Kiskunhalas,Malaga,4
BÁCS-KISKUN,05,Kiskunhalas,Manchester,25
BÁCS-KISKUN,05,Kiskunhalas,Melbourne,3
BÁCS-KISKUN,05,Kiskunhalas,Mexikóváros,1
BÁCS-KISKUN,05,Kiskunhalas,Miami,2
BÁCS-KISKUN,05,Kiskunhalas,Milánó,4
BÁCS-KISKUN,05,Kiskunhalas,München,57
BÁCS-KISKUN,05,Kiskunhalas,New York,9
BÁCS-KISKUN,05,Kiskunhalas,Nürnberg,21
BÁCS-KISKUN,05,Kiskunhalas,Osló,7
BÁCS-KISKUN,05,Kiskunhalas,Párizs,2
BÁCS-KISKUN,05,Kiskunhalas,Peking,2
BÁCS-KISKUN,05,Kiskunhalas,Prága,4
BÁCS-KISKUN,05,Kiskunhalas,Pretoria,1
BÁCS-KISKUN,05,Kiskunhalas,Róma,7
BÁCS-KISKUN,05,Kiskunhalas,San Francisco,1
BÁCS-KISKUN,05,Kiskunhalas,Sanghaj,3
BÁCS-KISKUN,05,Kiskunhalas,Stockholm,5
BÁCS-KISKUN,05,Kiskunhalas,Strasbourg,2
BÁCS-KISKUN,05,Kiskunhalas,Stuttgart,47
BÁCS-KISKUN,05,Kiskunhalas,Sydney,3
BÁCS-KISKUN,05,Kiskunhalas,Szabadka,48
BÁCS-KISKUN,05,Kiskunhalas,Szarajevó,1
BÁCS-KISKUN,05,Kiskunhalas,Szkopje,1
BÁCS-KISKUN,05,Kiskunhalas,Szófia,2
BÁCS-KISKUN,05,Kiskunhalas,Tirana,1
BÁCS-KISKUN,05,Kiskunhalas,Toronto,2
BÁCS-KISKUN,05,Kiskunhalas,Tunisz,1
BÁCS-KISKUN,05,Kiskunhalas,Vancouver,1
BÁCS-KISKUN,05,Kiskunhalas,Varsó,2
BÁCS-KISKUN,05,Kiskunhalas,Zágráb,2
BÁCS-KISKUN,06,Baja,Abu Dhabi,2
BÁCS-KISKUN,06,Baja,Baku,3
BÁCS-KISKUN,06,Baja,Bangkok,1
BÁCS-KISKUN,06,Baja,Barcelona,12
BÁCS-KISKUN,06,Baja,Bécs,33
BÁCS-KISKUN,06,Baja,Belgrád,1
BÁCS-KISKUN,06,Baja,Beregszász,1
BÁCS-KISKUN,06,Baja,Berlin,20
BÁCS-KISKUN,06,Baja,Bern,28
BÁCS-KISKUN,06,Baja,Bogota,1
BÁCS-KISKUN,06,Baja,Brüsszel,9
BÁCS-KISKUN,06,Baja,Chicago,2
BÁCS-KISKUN,06,Baja,Kisinyov,1
BÁCS-KISKUN,06,Baja,Csíkszereda,10
BÁCS-KISKUN,06,Baja,Dublin,17
BÁCS-KISKUN,06,Baja,Düsseldorf,30
BÁCS-KISKUN,06,Baja,Edinburgh,12
BÁCS-KISKUN,06,Baja,Eszék,1
BÁCS-KISKUN,06,Baja,Genf,1
BÁCS-KISKUN,06,Baja,Hága,29
BÁCS-KISKUN,06,Baja,Helsinki,1
BÁCS-KISKUN,06,Baja,Innsbruck,21
BÁCS-KISKUN,06,Baja,Jakarta,1
BÁCS-KISKUN,06,Baja,Kassa,1
BÁCS-KISKUN,06,Baja,Kijev,1
BÁCS-KISKUN,06,Baja,Kolozsvár,2
BÁCS-KISKUN,06,Baja,Koppenhága,13
BÁCS-KISKUN,06,Baja,Krakkó,1
BÁCS-KISKUN,06,Baja,Kuvait,1
BÁCS-KISKUN,06,Baja,Lisszabon,4
BÁCS-KISKUN,06,Baja,London,65
BÁCS-KISKUN,06,Baja,Los Angeles,2
BÁCS-KISKUN,06,Baja,Luxembourg,3
BÁCS-KISKUN,06,Baja,Lyon,2
BÁCS-KISKUN,06,Baja,Madrid,2
BÁCS-KISKUN,06,Baja,Malaga,2
BÁCS-KISKUN,06,Baja,Manchester,19
BÁCS-KISKUN,06,Baja,Melbourne,1
BÁCS-KISKUN,06,Baja,Mexikóváros,1
BÁCS-KISKUN,06,Baja,Miami,2
BÁCS-KISKUN,06,Baja,Milánó,3
BÁCS-KISKUN,06,Baja,Montreal,1
BÁCS-KISKUN,06,Baja,München,88
BÁCS-KISKUN,06,Baja,New York,12
BÁCS-KISKUN,06,Baja,Nicosia,5
BÁCS-KISKUN,06,Baja,Nürnberg,15
BÁCS-KISKUN,06,Baja,Osló,2
BÁCS-KISKUN,06,Baja,Párizs,10
BÁCS-KISKUN,06,Baja,Peking,1
BÁCS-KISKUN,06,Baja,Podgorica,3
BÁCS-KISKUN,06,Baja,Prága,3
BÁCS-KISKUN,06,Baja,Quito,1
BÁCS-KISKUN,06,Baja,Rabat,1
BÁCS-KISKUN,06,Baja,Róma,3
BÁCS-KISKUN,06,Baja,San Francisco,2
BÁCS-KISKUN,06,Baja,Sanghaj,1
BÁCS-KISKUN,06,Baja,Stockholm,9
BÁCS-KISKUN,06,Baja,Strasbourg,3
BÁCS-KISKUN,06,Baja,Stuttgart,72
BÁCS-KISKUN,06,Baja,Sydney,1
BÁCS-KISKUN,06,Baja,Szabadka,15
BÁCS-KISKUN,06,Baja,Szarajevó,1
BÁCS-KISKUN,06,Baja,Szingapúr,1
BÁCS-KISKUN,06,Baja,Szkopje,1
BÁCS-KISKUN,06,Baja,Szófia,1
BÁCS-KISKUN,06,Baja,Szöul,8
BÁCS-KISKUN,06,Baja,Tokió,1
BÁCS-KISKUN,06,Baja,Toronto,2
BÁCS-KISKUN,06,Baja,Valletta,10
BÁCS-KISKUN,06,Baja,Varsó,1
BÁCS-KISKUN,06,Baja,Vilnius,4
BÁCS-KISKUN,06,Baja,Washington,4
BÁCS-KISKUN,06,Baja,Wroclaw,1
BÁCS-KISKUN,06,Baja,Zágráb,1
BÉKÉS,01,Békéscsaba,Abu Dhabi,2
BÉKÉS,01,Békéscsaba,Algír,1
BÉKÉS,01,Békéscsaba,Athén,2
BÉKÉS,01,Békéscsaba,Barcelona,14
BÉKÉS,01,Békéscsaba,Bécs,24
BÉKÉS,01,Békéscsaba,Belgrád,1
BÉKÉS,01,Békéscsaba,Beregszász,1
BÉKÉS,01,Békéscsaba,Berlin,17
BÉKÉS,01,Békéscsaba,Bern,36
BÉKÉS,01,Békéscsaba,Besztercebánya,1
BÉKÉS,01,Békéscsaba,Brüsszel,16
BÉKÉS,01,Békéscsaba,Chicago,1
BÉKÉS,01,Békéscsaba,Csíkszereda,20
BÉKÉS,01,Békéscsaba,Doha,1
BÉKÉS,01,Békéscsaba,Dublin,18
BÉKÉS,01,Békéscsaba,Düsseldorf,26
BÉKÉS,01,Békéscsaba,Edinburgh,7
BÉKÉS,01,Békéscsaba,Gdansk,3
BÉKÉS,01,Békéscsaba,Genf,5
BÉKÉS,01,Békéscsaba,Hága,58
BÉKÉS,01,Békéscsaba,Helsinki,6
BÉKÉS,01,Békéscsaba,Innsbruck,30
BÉKÉS,01,Békéscsaba,Isztambul,4
BÉKÉS,01,Békéscsaba,Jakarta,1
BÉKÉS,01,Békéscsaba,Kolozsvár,3
BÉKÉS,01,Békéscsaba,Koppenhága,18
BÉKÉS,01,Békéscsaba,Krakkó,2
BÉKÉS,01,Békéscsaba,Kuala Lumpur,1
BÉKÉS,01,Békéscsaba,Lisszabon,3
BÉKÉS,01,Békéscsaba,London,126
BÉKÉS,01,Békéscsaba,Los Angeles,6
BÉKÉS,01,Békéscsaba,Luxembourg,9
BÉKÉS,01,Békéscsaba,Lyon,3
BÉKÉS,01,Békéscsaba,Madrid,5
BÉKÉS,01,Békéscsaba,Malaga,7
BÉKÉS,01,Békéscsaba,Manchester,48
BÉKÉS,01,Békéscsaba,Melbourne,1
BÉKÉS,01,Békéscsaba,Miami,1
BÉKÉS,01,Békéscsaba,Milánó,3
BÉKÉS,01,Békéscsaba,München,37
BÉKÉS,01,Békéscsaba,New York,7
BÉKÉS,01,Békéscsaba,Nicosia,4
BÉKÉS,01,Békéscsaba,Nürnberg,17
BÉKÉS,01,Békéscsaba,Osaka,1
BÉKÉS,01,Békéscsaba,Osló,4
BÉKÉS,01,Békéscsaba,Párizs,8
BÉKÉS,01,Békéscsaba,Pozsony,2
BÉKÉS,01,Békéscsaba,Prága,4
BÉKÉS,01,Békéscsaba,Pretoria,2
BÉKÉS,01,Békéscsaba,Rabat,1
BÉKÉS,01,Békéscsaba,Róma,5
BÉKÉS,01,Békéscsaba,San Francisco,1
BÉKÉS,01,Békéscsaba,Stockholm,18
BÉKÉS,01,Békéscsaba,Strasbourg,9
BÉKÉS,01,Békéscsaba,Stuttgart,31
BÉKÉS,01,Békéscsaba,Sydney,5
BÉKÉS,01,Békéscsaba,Szabadka,1
BÉKÉS,01,Békéscsaba,Szarajevó,1
BÉKÉS,01,Békéscsaba,Szingapúr,1
BÉKÉS,01,Békéscsaba,Szkopje,1
BÉKÉS,01,Békéscsaba,Szöul,2
BÉKÉS,01,Békéscsaba,Tallinn,1
BÉKÉS,01,Békéscsaba,Tokió,5
BÉKÉS,01,Békéscsaba,Toronto,4
BÉKÉS,01,Békéscsaba,Újdelhi,1
BÉKÉS,01,Békéscsaba,Valletta,13
BÉKÉS,01,Békéscsaba,Vancouver,1
BÉKÉS,01,Békéscsaba,Varsó,6
BÉKÉS,01,Békéscsaba,Washington,1
BÉKÉS,01,Békéscsaba,Wellington,2
BÉKÉS,01,Békéscsaba,Wroclaw,1
BÉKÉS,01,Békéscsaba,Zágráb,1
BÉKÉS,02,Békés,Abu Dhabi,4
BÉKÉS,02,Békés,Almati,1
BÉKÉS,02,Békés,Athén,1
BÉKÉS,02,Békés,Baku,1
BÉKÉS,02,Békés,Bangkok,2
BÉKÉS,02,Békés,Barcelona,5
BÉKÉS,02,Békés,Bécs,15
BÉKÉS,02,Békés,Beregszász,5
BÉKÉS,02,Békés,Berlin,14
BÉKÉS,02,Békés,Bern,37
BÉKÉS,02,Békés,Brüsszel,10
BÉKÉS,02,Békés,Chicago,3
BÉKÉS,02,Békés,Csíkszereda,17
BÉKÉS,02,Békés,Doha,2
BÉKÉS,02,Békés,Dublin,27
BÉKÉS,02,Békés,Düsseldorf,25
BÉKÉS,02,Békés,Edinburgh,12
BÉKÉS,02,Békés,Genf,5
BÉKÉS,02,Békés,Hága,35
BÉKÉS,02,Békés,Hanoi,1
BÉKÉS,02,Békés,Helsinki,3
BÉKÉS,02,Békés,Hongkong,3
BÉKÉS,02,Békés,Innsbruck,27
BÉKÉS,02,Békés,Isztambul,2
BÉKÉS,02,Békés,Jakarta,1
BÉKÉS,02,Békés,Jereván,1
BÉKÉS,02,Békés,Kolozsvár,6
BÉKÉS,02,Békés,Koppenhága,12
BÉKÉS,02,Békés,Krakkó,1
BÉKÉS,02,Békés,Lisszabon,3
BÉKÉS,02,Békés,Ljubljana,1
BÉKÉS,02,Békés,London,101
BÉKÉS,02,Békés,Los Angeles,1
BÉKÉS,02,Békés,Luxembourg,4
BÉKÉS,02,Békés,Madrid,4
BÉKÉS,02,Békés,Malaga,3
BÉKÉS,02,Békés,Manchester,36
BÉKÉS,02,Békés,Miami,2
BÉKÉS,02,Békés,Milánó,4
BÉKÉS,02,Békés,Montreal,2
BÉKÉS,02,Békés,Mumbai,1
BÉKÉS,02,Békés,München,59
BÉKÉS,02,Békés,New York,8
BÉKÉS,02,Békés,Nürnberg,24
BÉKÉS,02,Békés,Osaka,1
BÉKÉS,02,Békés,Osló,9
BÉKÉS,02,Békés,Párizs,3
BÉKÉS,02,Békés,Pozsony,2
BÉKÉS,02,Békés,Prága,3
BÉKÉS,02,Békés,Pristina,3
BÉKÉS,02,Békés,Róma,3
BÉKÉS,02,Békés,Sanghaj,2
BÉKÉS,02,Békés,Stockholm,8
BÉKÉS,02,Békés,Strasbourg,2
BÉKÉS,02,Békés,Stuttgart,35
BÉKÉS,02,Békés,Szabadka,3
BÉKÉS,02,Békés,Szarajevó,1
BÉKÉS,02,Békés,Szófia,1
BÉKÉS,02,Békés,Szöul,1
BÉKÉS,02,Békés,Tokió,2
BÉKÉS,02,Békés,Toronto,4
BÉKÉS,02,Békés,Valletta,4
BÉKÉS,02,Békés,Varsó,2
BÉKÉS,02,Békés,Washington,1
BÉKÉS,02,Békés,Wellington,1
BÉKÉS,03,Gyula,Abu Dhabi,1
BÉKÉS,03,Gyula,Athén,2
BÉKÉS,03,Gyula,Baku,1
BÉKÉS,03,Gyula,Bangkok,2
BÉKÉS,03,Gyula,Barcelona,8
BÉKÉS,03,Gyula,Bécs,24
BÉKÉS,03,Gyula,Beregszász,1
BÉKÉS,03,Gyula,Berlin,17
BÉKÉS,03,Gyula,Bern,33
BÉKÉS,03,Gyula,Brüsszel,12
BÉKÉS,03,Gyula,Canberra,1
BÉKÉS,03,Gyula,Chicago,5
BÉKÉS,03,Gyula,Csíkszereda,38
BÉKÉS,03,Gyula,Csungking,1
BÉKÉS,03,Gyula,Doha,2
BÉKÉS,03,Gyula,Dublin,16
BÉKÉS,03,Gyula,Düsseldorf,14
BÉKÉS,03,Gyula,Edinburgh,6
BÉKÉS,03,Gyula,Genf,1
BÉKÉS,03,Gyula,Hága,28
BÉKÉS,03,Gyula,Hanoi,1
BÉKÉS,03,Gyula,Helsinki,4
BÉKÉS,03,Gyula,Hongkong,1
BÉKÉS,03,Gyula,Houston,1
BÉKÉS,03,Gyula,Innsbruck,20
BÉKÉS,03,Gyula,Isztambul,2
BÉKÉS,03,Gyula,Kolozsvár,11
BÉKÉS,03,Gyula,Koppenhága,7
BÉKÉS,03,Gyula,Krakkó,1
BÉKÉS,03,Gyula,Kuala Lumpur,1
BÉKÉS,03,Gyula,Lisszabon,3
BÉKÉS,03,Gyula,London,58
BÉKÉS,03,Gyula,Los Angeles,2
BÉKÉS,03,Gyula,Luxembourg,1
BÉKÉS,03,Gyula,Lyon,4
BÉKÉS,03,Gyula,Madrid,9
BÉKÉS,03,Gyula,Malaga,7
BÉKÉS,03,Gyula,Manchester,26
BÉKÉS,03,Gyula,Miami,3
BÉKÉS,03,Gyula,Milánó,10
BÉKÉS,03,Gyula,Moszkva,1
BÉKÉS,03,Gyula,München,52
BÉKÉS,03,Gyula,New York,5
BÉKÉS,03,Gyula,Nicosia,1
BÉKÉS,03,Gyula,Nürnberg,16
BÉKÉS,03,Gyula,Osló,8
BÉKÉS,03,Gyula,Párizs,4
BÉKÉS,03,Gyula,Prága,1
BÉKÉS,03,Gyula,Róma,5
BÉKÉS,03,Gyula,San Francisco,1
BÉKÉS,03,Gyula,Stockholm,15
BÉKÉS,03,Gyula,Stuttgart,39
BÉKÉS,03,Gyula,Sydney,1
BÉKÉS,03,Gyula,Szabadka,2
BÉKÉS,03,Gyula,Szingapúr,2
BÉKÉS,03,Gyula,Szófia,3
BÉKÉS,03,Gyula,Szöul,2
BÉKÉS,03,Gyula,Tallinn,1
BÉKÉS,03,Gyula,Tbiliszi,1
BÉKÉS,03,Gyula,Tel-Aviv,3
BÉKÉS,03,Gyula,Tokió,3
BÉKÉS,03,Gyula,Toronto,6
BÉKÉS,03,Gyula,Ungvár,1
BÉKÉS,03,Gyula,Valletta,2
BÉKÉS,03,Gyula,Vancouver,1
BÉKÉS,03,Gyula,Varsó,1
BÉKÉS,03,Gyula,Washington,3
BÉKÉS,04,Orosháza,Abu Dhabi,2
BÉKÉS,04,Orosháza,Athén,3
BÉKÉS,04,Orosháza,Bangkok,1
BÉKÉS,04,Orosháza,Barcelona,6
BÉKÉS,04,Orosháza,Bécs,24
BÉKÉS,04,Orosháza,Belgrád,1
BÉKÉS,04,Orosháza,Berlin,16
BÉKÉS,04,Orosháza,Bern,39
BÉKÉS,04,Orosháza,Besztercebánya,1
BÉKÉS,04,Orosháza,Brüsszel,7
BÉKÉS,04,Orosháza,Buenos Aires,1
BÉKÉS,04,Orosháza,Chicago,1
BÉKÉS,04,Orosháza,Csíkszereda,28
BÉKÉS,04,Orosháza,Csungking,1
BÉKÉS,04,Orosháza,Dublin,17
BÉKÉS,04,Orosháza,Düsseldorf,26
BÉKÉS,04,Orosháza,Edinburgh,7
BÉKÉS,04,Orosháza,Gdansk,1
BÉKÉS,04,Orosháza,Genf,6
BÉKÉS,04,Orosháza,Hága,33
BÉKÉS,04,Orosháza,Helsinki,3
BÉKÉS,04,Orosháza,Innsbruck,14
BÉKÉS,04,Orosháza,Isztambul,2
BÉKÉS,04,Orosháza,Kolozsvár,5
BÉKÉS,04,Orosháza,Koppenhága,9
BÉKÉS,04,Orosháza,Krakkó,2
BÉKÉS,04,Orosháza,Lisszabon,3
BÉKÉS,04,Orosháza,Ljubljana,1
BÉKÉS,04,Orosháza,London,111
BÉKÉS,04,Orosháza,Luxembourg,9
BÉKÉS,04,Orosháza,Lyon,2
BÉKÉS,04,Orosháza,Madrid,5
BÉKÉS,04,Orosháza,Malaga,7
BÉKÉS,04,Orosháza,Manchester,41
BÉKÉS,04,Orosháza,Manila,1
BÉKÉS,04,Orosháza,Miami,9
BÉKÉS,04,Orosháza,Milánó,10
BÉKÉS,04,Orosháza,Montreal,2
BÉKÉS,04,Orosháza,Moszkva,1
BÉKÉS,04,Orosháza,München,49
BÉKÉS,04,Orosháza,New York,5
BÉKÉS,04,Orosháza,Nicosia,4
BÉKÉS,04,Orosháza,Nürnberg,45
BÉKÉS,04,Orosháza,Osaka,1
BÉKÉS,04,Orosháza,Osló,4
BÉKÉS,04,Orosháza,Ottawa,1
BÉKÉS,04,Orosháza,Panamaváros,1
BÉKÉS,04,Orosháza,Párizs,5
BÉKÉS,04,Orosháza,Peking,1
BÉKÉS,04,Orosháza,Prága,2
BÉKÉS,04,Orosháza,Rabat,1
BÉKÉS,04,Orosháza,Riga,1
BÉKÉS,04,Orosháza,Róma,4
BÉKÉS,04,Orosháza,Stockholm,9
BÉKÉS,04,Orosháza,Strasbourg,5
BÉKÉS,04,Orosháza,Stuttgart,43
BÉKÉS,04,Orosháza,Sydney,1
BÉKÉS,04,Orosháza,Szabadka,6
BÉKÉS,04,Orosháza,Szingapúr,1
BÉKÉS,04,Orosháza,Szkopje,1
BÉKÉS,04,Orosháza,Szöul,2
BÉKÉS,04,Orosháza,Taskent,1
BÉKÉS,04,Orosháza,Tirana,1
BÉKÉS,04,Orosháza,Tokió,2
BÉKÉS,04,Orosháza,Toronto,5
BÉKÉS,04,Orosháza,Ungvár,1
BÉKÉS,04,Orosháza,Valletta,8
BÉKÉS,04,Orosháza,Varsó,1
BÉKÉS,04,Orosháza,Vilnius,3
BÉKÉS,04,Orosháza,Zágráb,2
BORSOD-ABAÚJ-ZEMPLÉN,01,Miskolc,Abu Dhabi,3
BORSOD-ABAÚJ-ZEMPLÉN,01,Miskolc,Accra,1
BORSOD-ABAÚJ-ZEMPLÉN,01,Miskolc,Athén,6
BORSOD-ABAÚJ-ZEMPLÉN,01,Miskolc,Baku,1
BORSOD-ABAÚJ-ZEMPLÉN,01,Miskolc,Bangkok,2
BORSOD-ABAÚJ-ZEMPLÉN,01,Miskolc,Barcelona,16
BORSOD-ABAÚJ-ZEMPLÉN,01,Miskolc,Bécs,19
BORSOD-ABAÚJ-ZEMPLÉN,01,Miskolc,Beregszász,4
BORSOD-ABAÚJ-ZEMPLÉN,01,Miskolc,Berlin,16
BORSOD-ABAÚJ-ZEMPLÉN,01,Miskolc,Bern,40
BORSOD-ABAÚJ-ZEMPLÉN,01,Miskolc,Brüsszel,19
BORSOD-ABAÚJ-ZEMPLÉN,01,Miskolc,Bukarest,2
BORSOD-ABAÚJ-ZEMPLÉN,01,Miskolc,Chicago,5
BORSOD-ABAÚJ-ZEMPLÉN,01,Miskolc,Csíkszereda,4
BORSOD-ABAÚJ-ZEMPLÉN,01,Miskolc,Doha,2
BORSOD-ABAÚJ-ZEMPLÉN,01,Miskolc,Dublin,29
BORSOD-ABAÚJ-ZEMPLÉN,01,Miskolc,Düsseldorf,22
BORSOD-ABAÚJ-ZEMPLÉN,01,Miskolc,Edinburgh,12
BORSOD-ABAÚJ-ZEMPLÉN,01,Miskolc,Genf,4
BORSOD-ABAÚJ-ZEMPLÉN,01,Miskolc,Hága,59
BORSOD-ABAÚJ-ZEMPLÉN,01,Miskolc,Helsinki,10
BORSOD-ABAÚJ-ZEMPLÉN,01,Miskolc,Hongkong,3
BORSOD-ABAÚJ-ZEMPLÉN,01,Miskolc,Houston,2
BORSOD-ABAÚJ-ZEMPLÉN,01,Miskolc,Innsbruck,13
BORSOD-ABAÚJ-ZEMPLÉN,01,Miskolc,Isztambul,1
BORSOD-ABAÚJ-ZEMPLÉN,01,Miskolc,Kolozsvár,4
BORSOD-ABAÚJ-ZEMPLÉN,01,Miskolc,Koppenhága,19
BORSOD-ABAÚJ-ZEMPLÉN,01,Miskolc,Kuala Lumpur,1
BORSOD-ABAÚJ-ZEMPLÉN,01,Miskolc,Lisszabon,6
BORSOD-ABAÚJ-ZEMPLÉN,01,Miskolc,Ljubljana,3
BORSOD-ABAÚJ-ZEMPLÉN,01,Miskolc,London,97
BORSOD-ABAÚJ-ZEMPLÉN,01,Miskolc,Los Angeles,5
BORSOD-ABAÚJ-ZEMPLÉN,01,Miskolc,Luanda,2
BORSOD-ABAÚJ-ZEMPLÉN,01,Miskolc,Luxembourg,5
BORSOD-ABAÚJ-ZEMPLÉN,01,Miskolc,Lyon,4
BORSOD-ABAÚJ-ZEMPLÉN,01,Miskolc,Madrid,10
BORSOD-ABAÚJ-ZEMPLÉN,01,Miskolc,Malaga,9
BORSOD-ABAÚJ-ZEMPLÉN,01,Miskolc,Manchester,22
BORSOD-ABAÚJ-ZEMPLÉN,01,Miskolc,Manila,1
BORSOD-ABAÚJ-ZEMPLÉN,01,Miskolc,Maszkat,1
BORSOD-ABAÚJ-ZEMPLÉN,01,Miskolc,Melbourne,1
BORSOD-ABAÚJ-ZEMPLÉN,01,Miskolc,Mexikóváros,2
BORSOD-ABAÚJ-ZEMPLÉN,01,Miskolc,Miami,5
BORSOD-ABAÚJ-ZEMPLÉN,01,Miskolc,Milánó,10
BORSOD-ABAÚJ-ZEMPLÉN,01,Miskolc,München,77
BORSOD-ABAÚJ-ZEMPLÉN,01,Miskolc,Nairobi,1
BORSOD-ABAÚJ-ZEMPLÉN,01,Miskolc,New York,14
BORSOD-ABAÚJ-ZEMPLÉN,01,Miskolc,Nicosia,8
BORSOD-ABAÚJ-ZEMPLÉN,01,Miskolc,Nürnberg,27
BORSOD-ABAÚJ-ZEMPLÉN,01,Miskolc,Osaka,4
BORSOD-ABAÚJ-ZEMPLÉN,01,Miskolc,Osló,10
BORSOD-ABAÚJ-ZEMPLÉN,01,Miskolc,Párizs,16
BORSOD-ABAÚJ-ZEMPLÉN,01,Miskolc,Peking,3
BORSOD-ABAÚJ-ZEMPLÉN,01,Miskolc,Pozsony,1
BORSOD-ABAÚJ-ZEMPLÉN,01,Miskolc,Prága,11
BORSOD-ABAÚJ-ZEMPLÉN,01,Miskolc,Pretoria,2
BORSOD-ABAÚJ-ZEMPLÉN,01,Miskolc,Pristina,3
BORSOD-ABAÚJ-ZEMPLÉN,01,Miskolc,Róma,14
BORSOD-ABAÚJ-ZEMPLÉN,01,Miskolc,San Francisco,1
BORSOD-ABAÚJ-ZEMPLÉN,01,Miskolc,Sanghaj,1
BORSOD-ABAÚJ-ZEMPLÉN,01,Miskolc,Stockholm,11
BORSOD-ABAÚJ-ZEMPLÉN,01,Miskolc,Strasbourg,5
BORSOD-ABAÚJ-ZEMPLÉN,01,Miskolc,Stuttgart,51
BORSOD-ABAÚJ-ZEMPLÉN,01,Miskolc,Sydney,2
BORSOD-ABAÚJ-ZEMPLÉN,01,Miskolc,Szarajevó,1
BORSOD-ABAÚJ-ZEMPLÉN,01,Miskolc,Szófia,1
BORSOD-ABAÚJ-ZEMPLÉN,01,Miskolc,Szöul,5
BORSOD-ABAÚJ-ZEMPLÉN,01,Miskolc,Taskent,1
BORSOD-ABAÚJ-ZEMPLÉN,01,Miskolc,Tbiliszi,3
BORSOD-ABAÚJ-ZEMPLÉN,01,Miskolc,Tokió,6
BORSOD-ABAÚJ-ZEMPLÉN,01,Miskolc,Toronto,8
BORSOD-ABAÚJ-ZEMPLÉN,01,Miskolc,Újdelhi,1
BORSOD-ABAÚJ-ZEMPLÉN,01,Miskolc,Ungvár,4
BORSOD-ABAÚJ-ZEMPLÉN,01,Miskolc,Valletta,10
BORSOD-ABAÚJ-ZEMPLÉN,01,Miskolc,Varsó,5
BORSOD-ABAÚJ-ZEMPLÉN,01,Miskolc,Washington,5
BORSOD-ABAÚJ-ZEMPLÉN,01,Miskolc,Wellington,1
BORSOD-ABAÚJ-ZEMPLÉN,01,Miskolc,Zágráb,5
BORSOD-ABAÚJ-ZEMPLÉN,02,Miskolc,Abu Dhabi,1
BORSOD-ABAÚJ-ZEMPLÉN,02,Miskolc,Athén,2
BORSOD-ABAÚJ-ZEMPLÉN,02,Miskolc,Bangkok,3
BORSOD-ABAÚJ-ZEMPLÉN,02,Miskolc,Barcelona,21
BORSOD-ABAÚJ-ZEMPLÉN,02,Miskolc,Bécs,22
BORSOD-ABAÚJ-ZEMPLÉN,02,Miskolc,Belgrád,1
BORSOD-ABAÚJ-ZEMPLÉN,02,Miskolc,Beregszász,2
BORSOD-ABAÚJ-ZEMPLÉN,02,Miskolc,Berlin,23
BORSOD-ABAÚJ-ZEMPLÉN,02,Miskolc,Bern,40
BORSOD-ABAÚJ-ZEMPLÉN,02,Miskolc,Brazíliaváros,1
BORSOD-ABAÚJ-ZEMPLÉN,02,Miskolc,Brüsszel,22
BORSOD-ABAÚJ-ZEMPLÉN,02,Miskolc,Bukarest,1
BORSOD-ABAÚJ-ZEMPLÉN,02,Miskolc,Canberra,2
BORSOD-ABAÚJ-ZEMPLÉN,02,Miskolc,Chicago,3
BORSOD-ABAÚJ-ZEMPLÉN,02,Miskolc,Csíkszereda,10
BORSOD-ABAÚJ-ZEMPLÉN,02,Miskolc,Csungking,1
BORSOD-ABAÚJ-ZEMPLÉN,02,Miskolc,Doha,3
BORSOD-ABAÚJ-ZEMPLÉN,02,Miskolc,Dublin,29
BORSOD-ABAÚJ-ZEMPLÉN,02,Miskolc,Düsseldorf,29
BORSOD-ABAÚJ-ZEMPLÉN,02,Miskolc,Edinburgh,10
BORSOD-ABAÚJ-ZEMPLÉN,02,Miskolc,Gdansk,2
BORSOD-ABAÚJ-ZEMPLÉN,02,Miskolc,Genf,1
BORSOD-ABAÚJ-ZEMPLÉN,02,Miskolc,Hága,77
BORSOD-ABAÚJ-ZEMPLÉN,02,Miskolc,Helsinki,7
BORSOD-ABAÚJ-ZEMPLÉN,02,Miskolc,Hongkong,2
BORSOD-ABAÚJ-ZEMPLÉN,02,Miskolc,Houston,1
BORSOD-ABAÚJ-ZEMPLÉN,02,Miskolc,Innsbruck,20
BORSOD-ABAÚJ-ZEMPLÉN,02,Miskolc,Iszlámábád,1
BORSOD-ABAÚJ-ZEMPLÉN,02,Miskolc,Jekatyerinburg,1
BORSOD-ABAÚJ-ZEMPLÉN,02,Miskolc,Koppenhága,25
BORSOD-ABAÚJ-ZEMPLÉN,02,Miskolc,Kuvait,1
BORSOD-ABAÚJ-ZEMPLÉN,02,Miskolc,Lisszabon,4
BORSOD-ABAÚJ-ZEMPLÉN,02,Miskolc,Ljubljana,5
BORSOD-ABAÚJ-ZEMPLÉN,02,Miskolc,London,122
BORSOD-ABAÚJ-ZEMPLÉN,02,Miskolc,Los Angeles,4
BORSOD-ABAÚJ-ZEMPLÉN,02,Miskolc,Luxembourg,9
BORSOD-ABAÚJ-ZEMPLÉN,02,Miskolc,Lyon,11
BORSOD-ABAÚJ-ZEMPLÉN,02,Miskolc,Madrid,14
BORSOD-ABAÚJ-ZEMPLÉN,02,Miskolc,Malaga,14
BORSOD-ABAÚJ-ZEMPLÉN,02,Miskolc,Manchester,28
BORSOD-ABAÚJ-ZEMPLÉN,02,Miskolc,Manila,1
BORSOD-ABAÚJ-ZEMPLÉN,02,Miskolc,Melbourne,2
BORSOD-ABAÚJ-ZEMPLÉN,02,Miskolc,Mexikóváros,1
BORSOD-ABAÚJ-ZEMPLÉN,02,Miskolc,Miami,6
BORSOD-ABAÚJ-ZEMPLÉN,02,Miskolc,Milánó,8
BORSOD-ABAÚJ-ZEMPLÉN,02,Miskolc,Montreal,1
BORSOD-ABAÚJ-ZEMPLÉN,02,Miskolc,Moszkva,2
BORSOD-ABAÚJ-ZEMPLÉN,02,Miskolc,München,58
BORSOD-ABAÚJ-ZEMPLÉN,02,Miskolc,New York,11
BORSOD-ABAÚJ-ZEMPLÉN,02,Miskolc,Nicosia,4
BORSOD-ABAÚJ-ZEMPLÉN,02,Miskolc,Nürnberg,28
BORSOD-ABAÚJ-ZEMPLÉN,02,Miskolc,Osaka,1
BORSOD-ABAÚJ-ZEMPLÉN,02,Miskolc,Osló,14
BORSOD-ABAÚJ-ZEMPLÉN,02,Miskolc,Ottawa,1
BORSOD-ABAÚJ-ZEMPLÉN,02,Miskolc,Párizs,18
BORSOD-ABAÚJ-ZEMPLÉN,02,Miskolc,Peking,2
BORSOD-ABAÚJ-ZEMPLÉN,02,Miskolc,Pozsony,1
BORSOD-ABAÚJ-ZEMPLÉN,02,Miskolc,Prága,8
BORSOD-ABAÚJ-ZEMPLÉN,02,Miskolc,Pristina,4
BORSOD-ABAÚJ-ZEMPLÉN,02,Miskolc,Rabat,1
BORSOD-ABAÚJ-ZEMPLÉN,02,Miskolc,Róma,14
BORSOD-ABAÚJ-ZEMPLÉN,02,Miskolc,San Francisco,2
BORSOD-ABAÚJ-ZEMPLÉN,02,Miskolc,Sao Paulo,1
BORSOD-ABAÚJ-ZEMPLÉN,02,Miskolc,Stockholm,6
BORSOD-ABAÚJ-ZEMPLÉN,02,Miskolc,Strasbourg,2
BORSOD-ABAÚJ-ZEMPLÉN,02,Miskolc,Stuttgart,55
BORSOD-ABAÚJ-ZEMPLÉN,02,Miskolc,Sydney,1
BORSOD-ABAÚJ-ZEMPLÉN,02,Miskolc,Szarajevó,2
BORSOD-ABAÚJ-ZEMPLÉN,02,Miskolc,Szingapúr,2
BORSOD-ABAÚJ-ZEMPLÉN,02,Miskolc,Szófia,1
BORSOD-ABAÚJ-ZEMPLÉN,02,Miskolc,Szöul,2
BORSOD-ABAÚJ-ZEMPLÉN,02,Miskolc,Tallinn,1
BORSOD-ABAÚJ-ZEMPLÉN,02,Miskolc,Tbiliszi,1
BORSOD-ABAÚJ-ZEMPLÉN,02,Miskolc,Tokió,5
BORSOD-ABAÚJ-ZEMPLÉN,02,Miskolc,Toronto,2
BORSOD-ABAÚJ-ZEMPLÉN,02,Miskolc,Ungvár,2
BORSOD-ABAÚJ-ZEMPLÉN,02,Miskolc,Valletta,11
BORSOD-ABAÚJ-ZEMPLÉN,02,Miskolc,Varsó,7
BORSOD-ABAÚJ-ZEMPLÉN,02,Miskolc,Vilnius,1
BORSOD-ABAÚJ-ZEMPLÉN,02,Miskolc,Washington,7
BORSOD-ABAÚJ-ZEMPLÉN,02,Miskolc,Wroclaw,1
BORSOD-ABAÚJ-ZEMPLÉN,02,Miskolc,Zágráb,2
BORSOD-ABAÚJ-ZEMPLÉN,03,Ózd,Abu Dhabi,4
BORSOD-ABAÚJ-ZEMPLÉN,03,Ózd,Accra,1
BORSOD-ABAÚJ-ZEMPLÉN,03,Ózd,Athén,1
BORSOD-ABAÚJ-ZEMPLÉN,03,Ózd,Barcelona,4
BORSOD-ABAÚJ-ZEMPLÉN,03,Ózd,Bécs,12
BORSOD-ABAÚJ-ZEMPLÉN,03,Ózd,Beregszász,4
BORSOD-ABAÚJ-ZEMPLÉN,03,Ózd,Berlin,14
BORSOD-ABAÚJ-ZEMPLÉN,03,Ózd,Bern,25
BORSOD-ABAÚJ-ZEMPLÉN,03,Ózd,Brüsszel,5
BORSOD-ABAÚJ-ZEMPLÉN,03,Ózd,Csíkszereda,3
BORSOD-ABAÚJ-ZEMPLÉN,03,Ózd,Dublin,7
BORSOD-ABAÚJ-ZEMPLÉN,03,Ózd,Düsseldorf,27
BORSOD-ABAÚJ-ZEMPLÉN,03,Ózd,Edinburgh,2
BORSOD-ABAÚJ-ZEMPLÉN,03,Ózd,Genf,1
BORSOD-ABAÚJ-ZEMPLÉN,03,Ózd,Hága,28
BORSOD-ABAÚJ-ZEMPLÉN,03,Ózd,Helsinki,2
BORSOD-ABAÚJ-ZEMPLÉN,03,Ózd,Innsbruck,12
BORSOD-ABAÚJ-ZEMPLÉN,03,Ózd,Jakarta,1
BORSOD-ABAÚJ-ZEMPLÉN,03,Ózd,Kolozsvár,3
BORSOD-ABAÚJ-ZEMPLÉN,03,Ózd,Koppenhága,3
BORSOD-ABAÚJ-ZEMPLÉN,03,Ózd,Krakkó,3
BORSOD-ABAÚJ-ZEMPLÉN,03,Ózd,Lima,2
BORSOD-ABAÚJ-ZEMPLÉN,03,Ózd,Lisszabon,4
BORSOD-ABAÚJ-ZEMPLÉN,03,Ózd,Ljubljana,4
BORSOD-ABAÚJ-ZEMPLÉN,03,Ózd,London,37
BORSOD-ABAÚJ-ZEMPLÉN,03,Ózd,Luanda,1
BORSOD-ABAÚJ-ZEMPLÉN,03,Ózd,Luxembourg,2
BORSOD-ABAÚJ-ZEMPLÉN,03,Ózd,Lyon,1
BORSOD-ABAÚJ-ZEMPLÉN,03,Ózd,Madrid,1
BORSOD-ABAÚJ-ZEMPLÉN,03,Ózd,Malaga,3
BORSOD-ABAÚJ-ZEMPLÉN,03,Ózd,Manchester,8
BORSOD-ABAÚJ-ZEMPLÉN,03,Ózd,Melbourne,1
BORSOD-ABAÚJ-ZEMPLÉN,03,Ózd,Milánó,4
BORSOD-ABAÚJ-ZEMPLÉN,03,Ózd,München,54
BORSOD-ABAÚJ-ZEMPLÉN,03,Ózd,New York,5
BORSOD-ABAÚJ-ZEMPLÉN,03,Ózd,Nicosia,2
BORSOD-ABAÚJ-ZEMPLÉN,03,Ózd,Nürnberg,15
BORSOD-ABAÚJ-ZEMPLÉN,03,Ózd,Osaka,1
BORSOD-ABAÚJ-ZEMPLÉN,03,Ózd,Osló,4
BORSOD-ABAÚJ-ZEMPLÉN,03,Ózd,Párizs,6
BORSOD-ABAÚJ-ZEMPLÉN,03,Ózd,Pozsony,1
BORSOD-ABAÚJ-ZEMPLÉN,03,Ózd,Prága,1
BORSOD-ABAÚJ-ZEMPLÉN,03,Ózd,Rabat,1
BORSOD-ABAÚJ-ZEMPLÉN,03,Ózd,Róma,3
BORSOD-ABAÚJ-ZEMPLÉN,03,Ózd,San Francisco,1
BORSOD-ABAÚJ-ZEMPLÉN,03,Ózd,Stockholm,3
BORSOD-ABAÚJ-ZEMPLÉN,03,Ózd,Strasbourg,5
BORSOD-ABAÚJ-ZEMPLÉN,03,Ózd,Stuttgart,23
BORSOD-ABAÚJ-ZEMPLÉN,03,Ózd,Sydney,3
BORSOD-ABAÚJ-ZEMPLÉN,03,Ózd,Szabadka,1
BORSOD-ABAÚJ-ZEMPLÉN,03,Ózd,Szófia,2
BORSOD-ABAÚJ-ZEMPLÉN,03,Ózd,Toronto,1
BORSOD-ABAÚJ-ZEMPLÉN,03,Ózd,Valletta,4
BORSOD-ABAÚJ-ZEMPLÉN,03,Ózd,Varsó,1
BORSOD-ABAÚJ-ZEMPLÉN,03,Ózd,Washington,2
BORSOD-ABAÚJ-ZEMPLÉN,03,Ózd,Wellington,1
BORSOD-ABAÚJ-ZEMPLÉN,04,Kazincbarcika,Abu Dhabi,3
BORSOD-ABAÚJ-ZEMPLÉN,04,Kazincbarcika,Abuja,1
BORSOD-ABAÚJ-ZEMPLÉN,04,Kazincbarcika,Algír,1
BORSOD-ABAÚJ-ZEMPLÉN,04,Kazincbarcika,Athén,1
BORSOD-ABAÚJ-ZEMPLÉN,04,Kazincbarcika,Barcelona,11
BORSOD-ABAÚJ-ZEMPLÉN,04,Kazincbarcika,Bécs,12
BORSOD-ABAÚJ-ZEMPLÉN,04,Kazincbarcika,Beregszász,3
BORSOD-ABAÚJ-ZEMPLÉN,04,Kazincbarcika,Berlin,19
BORSOD-ABAÚJ-ZEMPLÉN,04,Kazincbarcika,Bern,33
BORSOD-ABAÚJ-ZEMPLÉN,04,Kazincbarcika,Brüsszel,2
BORSOD-ABAÚJ-ZEMPLÉN,04,Kazincbarcika,Csíkszereda,7
BORSOD-ABAÚJ-ZEMPLÉN,04,Kazincbarcika,Dublin,20
BORSOD-ABAÚJ-ZEMPLÉN,04,Kazincbarcika,Düsseldorf,23
BORSOD-ABAÚJ-ZEMPLÉN,04,Kazincbarcika,Edinburgh,8
BORSOD-ABAÚJ-ZEMPLÉN,04,Kazincbarcika,Hága,35
BORSOD-ABAÚJ-ZEMPLÉN,04,Kazincbarcika,Helsinki,5
BORSOD-ABAÚJ-ZEMPLÉN,04,Kazincbarcika,Innsbruck,9
BORSOD-ABAÚJ-ZEMPLÉN,04,Kazincbarcika,Isztambul,2
BORSOD-ABAÚJ-ZEMPLÉN,04,Kazincbarcika,Koppenhága,18
BORSOD-ABAÚJ-ZEMPLÉN,04,Kazincbarcika,Krakkó,1
BORSOD-ABAÚJ-ZEMPLÉN,04,Kazincbarcika,Kuala Lumpur,1
BORSOD-ABAÚJ-ZEMPLÉN,04,Kazincbarcika,Lisszabon,3
BORSOD-ABAÚJ-ZEMPLÉN,04,Kazincbarcika,London,60
BORSOD-ABAÚJ-ZEMPLÉN,04,Kazincbarcika,Luxembourg,5
BORSOD-ABAÚJ-ZEMPLÉN,04,Kazincbarcika,Lyon,4
BORSOD-ABAÚJ-ZEMPLÉN,04,Kazincbarcika,Madrid,3
BORSOD-ABAÚJ-ZEMPLÉN,04,Kazincbarcika,Malaga,3
BORSOD-ABAÚJ-ZEMPLÉN,04,Kazincbarcika,Manchester,15
BORSOD-ABAÚJ-ZEMPLÉN,04,Kazincbarcika,Melbourne,2
BORSOD-ABAÚJ-ZEMPLÉN,04,Kazincbarcika,Miami,3
BORSOD-ABAÚJ-ZEMPLÉN,04,Kazincbarcika,Milánó,3
BORSOD-ABAÚJ-ZEMPLÉN,04,Kazincbarcika,München,60
BORSOD-ABAÚJ-ZEMPLÉN,04,Kazincbarcika,New York,9
BORSOD-ABAÚJ-ZEMPLÉN,04,Kazincbarcika,Nicosia,3
BORSOD-ABAÚJ-ZEMPLÉN,04,Kazincbarcika,Nürnberg,23
BORSOD-ABAÚJ-ZEMPLÉN,04,Kazincbarcika,Osló,5
BORSOD-ABAÚJ-ZEMPLÉN,04,Kazincbarcika,Párizs,2
BORSOD-ABAÚJ-ZEMPLÉN,04,Kazincbarcika,Peking,1
BORSOD-ABAÚJ-ZEMPLÉN,04,Kazincbarcika,Prága,2
BORSOD-ABAÚJ-ZEMPLÉN,04,Kazincbarcika,Pristina,4
BORSOD-ABAÚJ-ZEMPLÉN,04,Kazincbarcika,Róma,2
BORSOD-ABAÚJ-ZEMPLÉN,04,Kazincbarcika,Sao Paulo,1
BORSOD-ABAÚJ-ZEMPLÉN,04,Kazincbarcika,Stockholm,2
BORSOD-ABAÚJ-ZEMPLÉN,04,Kazincbarcika,Strasbourg,3
BORSOD-ABAÚJ-ZEMPLÉN,04,Kazincbarcika,Stuttgart,53
BORSOD-ABAÚJ-ZEMPLÉN,04,Kazincbarcika,Szöul,3
BORSOD-ABAÚJ-ZEMPLÉN,04,Kazincbarcika,Tbiliszi,3
BORSOD-ABAÚJ-ZEMPLÉN,04,Kazincbarcika,Valletta,3
BORSOD-ABAÚJ-ZEMPLÉN,04,Kazincbarcika,Varsó,1
BORSOD-ABAÚJ-ZEMPLÉN,04,Kazincbarcika,Washington,5
BORSOD-ABAÚJ-ZEMPLÉN,04,Kazincbarcika,Zágráb,2
BORSOD-ABAÚJ-ZEMPLÉN,05,Sátoraljaújhely,Abu Dhabi,6
BORSOD-ABAÚJ-ZEMPLÉN,05,Sátoraljaújhely,Bangkok,3
BORSOD-ABAÚJ-ZEMPLÉN,05,Sátoraljaújhely,Barcelona,9
BORSOD-ABAÚJ-ZEMPLÉN,05,Sátoraljaújhely,Bécs,9
BORSOD-ABAÚJ-ZEMPLÉN,05,Sátoraljaújhely,Belgrád,2
BORSOD-ABAÚJ-ZEMPLÉN,05,Sátoraljaújhely,Beregszász,12
BORSOD-ABAÚJ-ZEMPLÉN,05,Sátoraljaújhely,Berlin,10
BORSOD-ABAÚJ-ZEMPLÉN,05,Sátoraljaújhely,Bern,23
BORSOD-ABAÚJ-ZEMPLÉN,05,Sátoraljaújhely,Brüsszel,10
BORSOD-ABAÚJ-ZEMPLÉN,05,Sátoraljaújhely,Bukarest,1
BORSOD-ABAÚJ-ZEMPLÉN,05,Sátoraljaújhely,Chicago,1
BORSOD-ABAÚJ-ZEMPLÉN,05,Sátoraljaújhely,Csíkszereda,13
BORSOD-ABAÚJ-ZEMPLÉN,05,Sátoraljaújhely,Dublin,15
BORSOD-ABAÚJ-ZEMPLÉN,05,Sátoraljaújhely,Düsseldorf,29
BORSOD-ABAÚJ-ZEMPLÉN,05,Sátoraljaújhely,Edinburgh,12
BORSOD-ABAÚJ-ZEMPLÉN,05,Sátoraljaújhely,Hága,30
BORSOD-ABAÚJ-ZEMPLÉN,05,Sátoraljaújhely,Hanoi,2
BORSOD-ABAÚJ-ZEMPLÉN,05,Sátoraljaújhely,Helsinki,3
BORSOD-ABAÚJ-ZEMPLÉN,05,Sátoraljaújhely,Innsbruck,25
BORSOD-ABAÚJ-ZEMPLÉN,05,Sátoraljaújhely,Jakarta,1
BORSOD-ABAÚJ-ZEMPLÉN,05,Sátoraljaújhely,Kairó,1
BORSOD-ABAÚJ-ZEMPLÉN,05,Sátoraljaújhely,Kassa,1
BORSOD-ABAÚJ-ZEMPLÉN,05,Sátoraljaújhely,Kolozsvár,3
BORSOD-ABAÚJ-ZEMPLÉN,05,Sátoraljaújhely,Koppenhága,13
BORSOD-ABAÚJ-ZEMPLÉN,05,Sátoraljaújhely,Krakkó,2
BORSOD-ABAÚJ-ZEMPLÉN,05,Sátoraljaújhely,Ljubljana,1
BORSOD-ABAÚJ-ZEMPLÉN,05,Sátoraljaújhely,London,69
BORSOD-ABAÚJ-ZEMPLÉN,05,Sátoraljaújhely,Luanda,1
BORSOD-ABAÚJ-ZEMPLÉN,05,Sátoraljaújhely,Luxembourg,5
BORSOD-ABAÚJ-ZEMPLÉN,05,Sátoraljaújhely,Lyon,7
BORSOD-ABAÚJ-ZEMPLÉN,05,Sátoraljaújhely,Madrid,4
BORSOD-ABAÚJ-ZEMPLÉN,05,Sátoraljaújhely,Malaga,5
BORSOD-ABAÚJ-ZEMPLÉN,05,Sátoraljaújhely,Manchester,22
BORSOD-ABAÚJ-ZEMPLÉN,05,Sátoraljaújhely,Manila,1
BORSOD-ABAÚJ-ZEMPLÉN,05,Sátoraljaújhely,Melbourne,2
BORSOD-ABAÚJ-ZEMPLÉN,05,Sátoraljaújhely,Miami,3
BORSOD-ABAÚJ-ZEMPLÉN,05,Sátoraljaújhely,Milánó,3
BORSOD-ABAÚJ-ZEMPLÉN,05,Sátoraljaújhely,Montreal,1
BORSOD-ABAÚJ-ZEMPLÉN,05,Sátoraljaújhely,München,26
BORSOD-ABAÚJ-ZEMPLÉN,05,Sátoraljaújhely,New York,8
BORSOD-ABAÚJ-ZEMPLÉN,05,Sátoraljaújhely,Nürnberg,13
BORSOD-ABAÚJ-ZEMPLÉN,05,Sátoraljaújhely,Osló,8
BORSOD-ABAÚJ-ZEMPLÉN,05,Sátoraljaújhely,Prága,4
BORSOD-ABAÚJ-ZEMPLÉN,05,Sátoraljaújhely,Pristina,2
BORSOD-ABAÚJ-ZEMPLÉN,05,Sátoraljaújhely,Róma,2
BORSOD-ABAÚJ-ZEMPLÉN,05,Sátoraljaújhely,San Francisco,1
BORSOD-ABAÚJ-ZEMPLÉN,05,Sátoraljaújhely,Stockholm,5
BORSOD-ABAÚJ-ZEMPLÉN,05,Sátoraljaújhely,Strasbourg,2
BORSOD-ABAÚJ-ZEMPLÉN,05,Sátoraljaújhely,Stuttgart,20
BORSOD-ABAÚJ-ZEMPLÉN,05,Sátoraljaújhely,Szarajevó,2
BORSOD-ABAÚJ-ZEMPLÉN,05,Sátoraljaújhely,Szingapúr,3
BORSOD-ABAÚJ-ZEMPLÉN,05,Sátoraljaújhely,Szöul,1
BORSOD-ABAÚJ-ZEMPLÉN,05,Sátoraljaújhely,Tbiliszi,2
BORSOD-ABAÚJ-ZEMPLÉN,05,Sátoraljaújhely,Tel-Aviv,1
BORSOD-ABAÚJ-ZEMPLÉN,05,Sátoraljaújhely,Tokió,1
BORSOD-ABAÚJ-ZEMPLÉN,05,Sátoraljaújhely,Toronto,4
BORSOD-ABAÚJ-ZEMPLÉN,05,Sátoraljaújhely,Ungvár,5
BORSOD-ABAÚJ-ZEMPLÉN,05,Sátoraljaújhely,Valletta,4
BORSOD-ABAÚJ-ZEMPLÉN,05,Sátoraljaújhely,Vancouver,2
BORSOD-ABAÚJ-ZEMPLÉN,05,Sátoraljaújhely,Varsó,2
BORSOD-ABAÚJ-ZEMPLÉN,05,Sátoraljaújhely,Washington,4
BORSOD-ABAÚJ-ZEMPLÉN,05,Sátoraljaújhely,Wellington,3
BORSOD-ABAÚJ-ZEMPLÉN,06,Tiszaújváros,Abu Dhabi,2
BORSOD-ABAÚJ-ZEMPLÉN,06,Tiszaújváros,Ankara,1
BORSOD-ABAÚJ-ZEMPLÉN,06,Tiszaújváros,Athén,3
BORSOD-ABAÚJ-ZEMPLÉN,06,Tiszaújváros,Barcelona,8
BORSOD-ABAÚJ-ZEMPLÉN,06,Tiszaújváros,Bécs,13
BORSOD-ABAÚJ-ZEMPLÉN,06,Tiszaújváros,Beregszász,4
BORSOD-ABAÚJ-ZEMPLÉN,06,Tiszaújváros,Berlin,13
BORSOD-ABAÚJ-ZEMPLÉN,06,Tiszaújváros,Bern,31
BORSOD-ABAÚJ-ZEMPLÉN,06,Tiszaújváros,Brüsszel,8
BORSOD-ABAÚJ-ZEMPLÉN,06,Tiszaújváros,Chicago,5
BORSOD-ABAÚJ-ZEMPLÉN,06,Tiszaújváros,Csíkszereda,3
BORSOD-ABAÚJ-ZEMPLÉN,06,Tiszaújváros,Csungking,1
BORSOD-ABAÚJ-ZEMPLÉN,06,Tiszaújváros,Dublin,14
BORSOD-ABAÚJ-ZEMPLÉN,06,Tiszaújváros,Düsseldorf,41
BORSOD-ABAÚJ-ZEMPLÉN,06,Tiszaújváros,Edinburgh,16
BORSOD-ABAÚJ-ZEMPLÉN,06,Tiszaújváros,Gdansk,2
BORSOD-ABAÚJ-ZEMPLÉN,06,Tiszaújváros,Genf,2
BORSOD-ABAÚJ-ZEMPLÉN,06,Tiszaújváros,Hága,43
BORSOD-ABAÚJ-ZEMPLÉN,06,Tiszaújváros,Helsinki,4
BORSOD-ABAÚJ-ZEMPLÉN,06,Tiszaújváros,Hongkong,1
BORSOD-ABAÚJ-ZEMPLÉN,06,Tiszaújváros,Houston,1
BORSOD-ABAÚJ-ZEMPLÉN,06,Tiszaújváros,Innsbruck,15
BORSOD-ABAÚJ-ZEMPLÉN,06,Tiszaújváros,Kairó,2
BORSOD-ABAÚJ-ZEMPLÉN,06,Tiszaújváros,Koppenhága,14
BORSOD-ABAÚJ-ZEMPLÉN,06,Tiszaújváros,Krakkó,4
BORSOD-ABAÚJ-ZEMPLÉN,06,Tiszaújváros,Kuala Lumpur,1
BORSOD-ABAÚJ-ZEMPLÉN,06,Tiszaújváros,Lisszabon,2
BORSOD-ABAÚJ-ZEMPLÉN,06,Tiszaújváros,Ljubljana,2
BORSOD-ABAÚJ-ZEMPLÉN,06,Tiszaújváros,London,64
BORSOD-ABAÚJ-ZEMPLÉN,06,Tiszaújváros,Los Angeles,2
BORSOD-ABAÚJ-ZEMPLÉN,06,Tiszaújváros,Luxembourg,6
BORSOD-ABAÚJ-ZEMPLÉN,06,Tiszaújváros,Lyon,2
BORSOD-ABAÚJ-ZEMPLÉN,06,Tiszaújváros,Madrid,7
BORSOD-ABAÚJ-ZEMPLÉN,06,Tiszaújváros,Malaga,6
BORSOD-ABAÚJ-ZEMPLÉN,06,Tiszaújváros,Manchester,16
BORSOD-ABAÚJ-ZEMPLÉN,06,Tiszaújváros,Manila,1
BORSOD-ABAÚJ-ZEMPLÉN,06,Tiszaújváros,Maszkat,1
BORSOD-ABAÚJ-ZEMPLÉN,06,Tiszaújváros,Melbourne,2
BORSOD-ABAÚJ-ZEMPLÉN,06,Tiszaújváros,Miami,12
BORSOD-ABAÚJ-ZEMPLÉN,06,Tiszaújváros,Milánó,16
BORSOD-ABAÚJ-ZEMPLÉN,06,Tiszaújváros,Moszkva,1
BORSOD-ABAÚJ-ZEMPLÉN,06,Tiszaújváros,München,37
BORSOD-ABAÚJ-ZEMPLÉN,06,Tiszaújváros,New York,6
BORSOD-ABAÚJ-ZEMPLÉN,06,Tiszaújváros,Nicosia,3
BORSOD-ABAÚJ-ZEMPLÉN,06,Tiszaújváros,Nürnberg,27
BORSOD-ABAÚJ-ZEMPLÉN,06,Tiszaújváros,Osló,3
BORSOD-ABAÚJ-ZEMPLÉN,06,Tiszaújváros,Panamaváros,1
BORSOD-ABAÚJ-ZEMPLÉN,06,Tiszaújváros,Párizs,4
BORSOD-ABAÚJ-ZEMPLÉN,06,Tiszaújváros,Peking,2
BORSOD-ABAÚJ-ZEMPLÉN,06,Tiszaújváros,Podgorica,1
BORSOD-ABAÚJ-ZEMPLÉN,06,Tiszaújváros,Prága,1
BORSOD-ABAÚJ-ZEMPLÉN,06,Tiszaújváros,Pristina,2
BORSOD-ABAÚJ-ZEMPLÉN,06,Tiszaújváros,Rabat,1
BORSOD-ABAÚJ-ZEMPLÉN,06,Tiszaújváros,Róma,6
BORSOD-ABAÚJ-ZEMPLÉN,06,Tiszaújváros,Sao Paulo,1
BORSOD-ABAÚJ-ZEMPLÉN,06,Tiszaújváros,Stockholm,7
BORSOD-ABAÚJ-ZEMPLÉN,06,Tiszaújváros,Strasbourg,3
BORSOD-ABAÚJ-ZEMPLÉN,06,Tiszaújváros,Stuttgart,39
BORSOD-ABAÚJ-ZEMPLÉN,06,Tiszaújváros,Sydney,3
BORSOD-ABAÚJ-ZEMPLÉN,06,Tiszaújváros,Szófia,1
BORSOD-ABAÚJ-ZEMPLÉN,06,Tiszaújváros,Szöul,1
BORSOD-ABAÚJ-ZEMPLÉN,06,Tiszaújváros,Tallinn,3
BORSOD-ABAÚJ-ZEMPLÉN,06,Tiszaújváros,Tirana,2
BORSOD-ABAÚJ-ZEMPLÉN,06,Tiszaújváros,Tokió,1
BORSOD-ABAÚJ-ZEMPLÉN,06,Tiszaújváros,Toronto,3
BORSOD-ABAÚJ-ZEMPLÉN,06,Tiszaújváros,Ungvár,1
BORSOD-ABAÚJ-ZEMPLÉN,06,Tiszaújváros,Valletta,2
BORSOD-ABAÚJ-ZEMPLÉN,06,Tiszaújváros,Vancouver,2
BORSOD-ABAÚJ-ZEMPLÉN,06,Tiszaújváros,Varsó,3
BORSOD-ABAÚJ-ZEMPLÉN,06,Tiszaújváros,Washington,1
BORSOD-ABAÚJ-ZEMPLÉN,06,Tiszaújváros,Zágráb,1
BORSOD-ABAÚJ-ZEMPLÉN,07,Mezőkövesd,Abu Dhabi,1
BORSOD-ABAÚJ-ZEMPLÉN,07,Mezőkövesd,Accra,1
BORSOD-ABAÚJ-ZEMPLÉN,07,Mezőkövesd,Athén,7
BORSOD-ABAÚJ-ZEMPLÉN,07,Mezőkövesd,Bangkok,3
BORSOD-ABAÚJ-ZEMPLÉN,07,Mezőkövesd,Barcelona,4
BORSOD-ABAÚJ-ZEMPLÉN,07,Mezőkövesd,Bécs,20
BORSOD-ABAÚJ-ZEMPLÉN,07,Mezőkövesd,Beregszász,2
BORSOD-ABAÚJ-ZEMPLÉN,07,Mezőkövesd,Berlin,29
BORSOD-ABAÚJ-ZEMPLÉN,07,Mezőkövesd,Bern,19
BORSOD-ABAÚJ-ZEMPLÉN,07,Mezőkövesd,Brüsszel,8
BORSOD-ABAÚJ-ZEMPLÉN,07,Mezőkövesd,Buenos Aires,1
BORSOD-ABAÚJ-ZEMPLÉN,07,Mezőkövesd,Csíkszereda,6
BORSOD-ABAÚJ-ZEMPLÉN,07,Mezőkövesd,Csungking,1
BORSOD-ABAÚJ-ZEMPLÉN,07,Mezőkövesd,Dublin,14
BORSOD-ABAÚJ-ZEMPLÉN,07,Mezőkövesd,Düsseldorf,18
BORSOD-ABAÚJ-ZEMPLÉN,07,Mezőkövesd,Edinburgh,23
BORSOD-ABAÚJ-ZEMPLÉN,07,Mezőkövesd,Gdansk,3
BORSOD-ABAÚJ-ZEMPLÉN,07,Mezőkövesd,Genf,2
BORSOD-ABAÚJ-ZEMPLÉN,07,Mezőkövesd,Hága,46
BORSOD-ABAÚJ-ZEMPLÉN,07,Mezőkövesd,Helsinki,2
BORSOD-ABAÚJ-ZEMPLÉN,07,Mezőkövesd,Innsbruck,18
BORSOD-ABAÚJ-ZEMPLÉN,07,Mezőkövesd,Jakarta,1
BORSOD-ABAÚJ-ZEMPLÉN,07,Mezőkövesd,Kairó,2
BORSOD-ABAÚJ-ZEMPLÉN,07,Mezőkövesd,Kolozsvár,12
BORSOD-ABAÚJ-ZEMPLÉN,07,Mezőkövesd,Koppenhága,5
BORSOD-ABAÚJ-ZEMPLÉN,07,Mezőkövesd,Krakkó,1
BORSOD-ABAÚJ-ZEMPLÉN,07,Mezőkövesd,Ljubljana,1
BORSOD-ABAÚJ-ZEMPLÉN,07,Mezőkövesd,London,63
BORSOD-ABAÚJ-ZEMPLÉN,07,Mezőkövesd,Los Angeles,1
BORSOD-ABAÚJ-ZEMPLÉN,07,Mezőkövesd,Luxembourg,5
BORSOD-ABAÚJ-ZEMPLÉN,07,Mezőkövesd,Madrid,6
BORSOD-ABAÚJ-ZEMPLÉN,07,Mezőkövesd,Malaga,4
BORSOD-ABAÚJ-ZEMPLÉN,07,Mezőkövesd,Manchester,16
BORSOD-ABAÚJ-ZEMPLÉN,07,Mezőkövesd,Melbourne,3
BORSOD-ABAÚJ-ZEMPLÉN,07,Mezőkövesd,Mexikóváros,1
BORSOD-ABAÚJ-ZEMPLÉN,07,Mezőkövesd,Miami,8
BORSOD-ABAÚJ-ZEMPLÉN,07,Mezőkövesd,Milánó,3
BORSOD-ABAÚJ-ZEMPLÉN,07,Mezőkövesd,München,59
BORSOD-ABAÚJ-ZEMPLÉN,07,Mezőkövesd,New York,15
BORSOD-ABAÚJ-ZEMPLÉN,07,Mezőkövesd,Nicosia,3
BORSOD-ABAÚJ-ZEMPLÉN,07,Mezőkövesd,Nürnberg,25
BORSOD-ABAÚJ-ZEMPLÉN,07,Mezőkövesd,Osaka,1
BORSOD-ABAÚJ-ZEMPLÉN,07,Mezőkövesd,Osló,4
BORSOD-ABAÚJ-ZEMPLÉN,07,Mezőkövesd,Párizs,14
BORSOD-ABAÚJ-ZEMPLÉN,07,Mezőkövesd,Pozsony,1
BORSOD-ABAÚJ-ZEMPLÉN,07,Mezőkövesd,Prága,5
BORSOD-ABAÚJ-ZEMPLÉN,07,Mezőkövesd,Pristina,1
BORSOD-ABAÚJ-ZEMPLÉN,07,Mezőkövesd,Róma,13
BORSOD-ABAÚJ-ZEMPLÉN,07,Mezőkövesd,San Francisco,1
BORSOD-ABAÚJ-ZEMPLÉN,07,Mezőkövesd,Sanghaj,1
BORSOD-ABAÚJ-ZEMPLÉN,07,Mezőkövesd,Stockholm,5
BORSOD-ABAÚJ-ZEMPLÉN,07,Mezőkövesd,Stuttgart,55
BORSOD-ABAÚJ-ZEMPLÉN,07,Mezőkövesd,Szabadka,2
BORSOD-ABAÚJ-ZEMPLÉN,07,Mezőkövesd,Szarajevó,1
BORSOD-ABAÚJ-ZEMPLÉN,07,Mezőkövesd,Szöul,2
BORSOD-ABAÚJ-ZEMPLÉN,07,Mezőkövesd,Tbiliszi,1
BORSOD-ABAÚJ-ZEMPLÉN,07,Mezőkövesd,Tirana,3
BORSOD-ABAÚJ-ZEMPLÉN,07,Mezőkövesd,Tokió,2
BORSOD-ABAÚJ-ZEMPLÉN,07,Mezőkövesd,Tunisz,2
BORSOD-ABAÚJ-ZEMPLÉN,07,Mezőkövesd,Ungvár,3
BORSOD-ABAÚJ-ZEMPLÉN,07,Mezőkövesd,Valletta,3
BORSOD-ABAÚJ-ZEMPLÉN,07,Mezőkövesd,Vancouver,1
BORSOD-ABAÚJ-ZEMPLÉN,07,Mezőkövesd,Vientián,1
BORSOD-ABAÚJ-ZEMPLÉN,07,Mezőkövesd,Washington,1
BORSOD-ABAÚJ-ZEMPLÉN,07,Mezőkövesd,Zágráb,1
CSONGRÁD-CSANÁD,01,Szeged,Abu Dhabi,6
CSONGRÁD-CSANÁD,01,Szeged,Addisz-Abeba,1
CSONGRÁD-CSANÁD,01,Szeged,Athén,4
CSONGRÁD-CSANÁD,01,Szeged,Bangkok,1
CSONGRÁD-CSANÁD,01,Szeged,Barcelona,40
CSONGRÁD-CSANÁD,01,Szeged,Bécs,52
CSONGRÁD-CSANÁD,01,Szeged,Belgrád,3
CSONGRÁD-CSANÁD,01,Szeged,Beregszász,4
CSONGRÁD-CSANÁD,01,Szeged,Berlin,38
CSONGRÁD-CSANÁD,01,Szeged,Bern,70
CSONGRÁD-CSANÁD,01,Szeged,Besztercebánya,2
CSONGRÁD-CSANÁD,01,Szeged,Bogota,1
CSONGRÁD-CSANÁD,01,Szeged,Brüsszel,32
CSONGRÁD-CSANÁD,01,Szeged,Buenos Aires,1
CSONGRÁD-CSANÁD,01,Szeged,Bukarest,2
CSONGRÁD-CSANÁD,01,Szeged,Chicago,4
CSONGRÁD-CSANÁD,01,Szeged,Csíkszereda,7
CSONGRÁD-CSANÁD,01,Szeged,Dublin,37
CSONGRÁD-CSANÁD,01,Szeged,Düsseldorf,42
CSONGRÁD-CSANÁD,01,Szeged,Edinburgh,23
CSONGRÁD-CSANÁD,01,Szeged,Eszék,3
CSONGRÁD-CSANÁD,01,Szeged,Gdansk,2
CSONGRÁD-CSANÁD,01,Szeged,Genf,10
CSONGRÁD-CSANÁD,01,Szeged,Hága,98
CSONGRÁD-CSANÁD,01,Szeged,Hanoi,4
CSONGRÁD-CSANÁD,01,Szeged,Helsinki,11
CSONGRÁD-CSANÁD,01,Szeged,Hongkong,3
CSONGRÁD-CSANÁD,01,Szeged,Innsbruck,32
CSONGRÁD-CSANÁD,01,Szeged,Iszlámábád,1
CSONGRÁD-CSANÁD,01,Szeged,Isztambul,3
CSONGRÁD-CSANÁD,01,Szeged,Kairó,3
CSONGRÁD-CSANÁD,01,Szeged,Kolozsvár,6
CSONGRÁD-CSANÁD,01,Szeged,Koppenhága,56
CSONGRÁD-CSANÁD,01,Szeged,Krakkó,10
CSONGRÁD-CSANÁD,01,Szeged,Lisszabon,8
CSONGRÁD-CSANÁD,01,Szeged,Ljubljana,5
CSONGRÁD-CSANÁD,01,Szeged,London,222
CSONGRÁD-CSANÁD,01,Szeged,Los Angeles,2
CSONGRÁD-CSANÁD,01,Szeged,Luxembourg,20
CSONGRÁD-CSANÁD,01,Szeged,Lyon,6
CSONGRÁD-CSANÁD,01,Szeged,Madrid,22
CSONGRÁD-CSANÁD,01,Szeged,Malaga,16
CSONGRÁD-CSANÁD,01,Szeged,Manchester,44
CSONGRÁD-CSANÁD,01,Szeged,Melbourne,7
CSONGRÁD-CSANÁD,01,Szeged,Miami,7
CSONGRÁD-CSANÁD,01,Szeged,Milánó,26
CSONGRÁD-CSANÁD,01,Szeged,Montreal,2
CSONGRÁD-CSANÁD,01,Szeged,Mumbai,1
CSONGRÁD-CSANÁD,01,Szeged,München,71
CSONGRÁD-CSANÁD,01,Szeged,New York,27
CSONGRÁD-CSANÁD,01,Szeged,Nicosia,8
CSONGRÁD-CSANÁD,01,Szeged,Nürnberg,26
CSONGRÁD-CSANÁD,01,Szeged,Osaka,12
CSONGRÁD-CSANÁD,01,Szeged,Osló,18
CSONGRÁD-CSANÁD,01,Szeged,Ottawa,1
CSONGRÁD-CSANÁD,01,Szeged,Párizs,28
CSONGRÁD-CSANÁD,01,Szeged,Peking,2
CSONGRÁD-CSANÁD,01,Szeged,Pozsony,1
CSONGRÁD-CSANÁD,01,Szeged,Prága,8
CSONGRÁD-CSANÁD,01,Szeged,Pristina,1
CSONGRÁD-CSANÁD,01,Szeged,Rabat,2
CSONGRÁD-CSANÁD,01,Szeged,Róma,23
CSONGRÁD-CSANÁD,01,Szeged,San Francisco,2
CSONGRÁD-CSANÁD,01,Szeged,Sanghaj,3
CSONGRÁD-CSANÁD,01,Szeged,Stockholm,23
CSONGRÁD-CSANÁD,01,Szeged,Strasbourg,5
CSONGRÁD-CSANÁD,01,Szeged,Stuttgart,77
CSONGRÁD-CSANÁD,01,Szeged,Sydney,10
CSONGRÁD-CSANÁD,01,Szeged,Szabadka,162
CSONGRÁD-CSANÁD,01,Szeged,Szarajevó,2
CSONGRÁD-CSANÁD,01,Szeged,Szentpétervár,2
CSONGRÁD-CSANÁD,01,Szeged,Szingapúr,4
CSONGRÁD-CSANÁD,01,Szeged,Szkopje,2
CSONGRÁD-CSANÁD,01,Szeged,Szöul,2
CSONGRÁD-CSANÁD,01,Szeged,Tallinn,4
CSONGRÁD-CSANÁD,01,Szeged,Taskent,2
CSONGRÁD-CSANÁD,01,Szeged,Tbiliszi,2
CSONGRÁD-CSANÁD,01,Szeged,Tel-Aviv,1
CSONGRÁD-CSANÁD,01,Szeged,Tokió,4
CSONGRÁD-CSANÁD,01,Szeged,Toronto,6
CSONGRÁD-CSANÁD,01,Szeged,Újdelhi,1
CSONGRÁD-CSANÁD,01,Szeged,Ulánbátor,1
CSONGRÁD-CSANÁD,01,Szeged,Valletta,18
CSONGRÁD-CSANÁD,01,Szeged,Vancouver,3
CSONGRÁD-CSANÁD,01,Szeged,Varsó,5
CSONGRÁD-CSANÁD,01,Szeged,Vilnius,2
CSONGRÁD-CSANÁD,01,Szeged,Washington,8
CSONGRÁD-CSANÁD,01,Szeged,Wellington,1
CSONGRÁD-CSANÁD,01,Szeged,Zágráb,7
CSONGRÁD-CSANÁD,02,Szeged,Abu Dhabi,4
CSONGRÁD-CSANÁD,02,Szeged,Athén,10
CSONGRÁD-CSANÁD,02,Szeged,Baku,1
CSONGRÁD-CSANÁD,02,Szeged,Bangkok,6
CSONGRÁD-CSANÁD,02,Szeged,Barcelona,21
CSONGRÁD-CSANÁD,02,Szeged,Bécs,26
CSONGRÁD-CSANÁD,02,Szeged,Belgrád,5
CSONGRÁD-CSANÁD,02,Szeged,Berlin,20
CSONGRÁD-CSANÁD,02,Szeged,Bern,33
CSONGRÁD-CSANÁD,02,Szeged,Bogota,2
CSONGRÁD-CSANÁD,02,Szeged,Brüsszel,26
CSONGRÁD-CSANÁD,02,Szeged,Bukarest,1
CSONGRÁD-CSANÁD,02,Szeged,Chicago,1
CSONGRÁD-CSANÁD,02,Szeged,Csíkszereda,30
CSONGRÁD-CSANÁD,02,Szeged,Dakka,1
CSONGRÁD-CSANÁD,02,Szeged,Dublin,36
CSONGRÁD-CSANÁD,02,Szeged,Düsseldorf,24
CSONGRÁD-CSANÁD,02,Szeged,Edinburgh,21
CSONGRÁD-CSANÁD,02,Szeged,Eszék,1
CSONGRÁD-CSANÁD,02,Szeged,Gdansk,2
CSONGRÁD-CSANÁD,02,Szeged,Genf,1
CSONGRÁD-CSANÁD,02,Szeged,Hága,59
CSONGRÁD-CSANÁD,02,Szeged,Hanoi,3
CSONGRÁD-CSANÁD,02,Szeged,Helsinki,12
CSONGRÁD-CSANÁD,02,Szeged,Houston,3
CSONGRÁD-CSANÁD,02,Szeged,Innsbruck,27
CSONGRÁD-CSANÁD,02,Szeged,Isztambul,3
CSONGRÁD-CSANÁD,02,Szeged,Kairó,3
CSONGRÁD-CSANÁD,02,Szeged,Kijev,2
CSONGRÁD-CSANÁD,02,Szeged,Kolozsvár,5
CSONGRÁD-CSANÁD,02,Szeged,Koppenhága,44
CSONGRÁD-CSANÁD,02,Szeged,Krakkó,4
CSONGRÁD-CSANÁD,02,Szeged,Kuvait,1
CSONGRÁD-CSANÁD,02,Szeged,Lendva,4
CSONGRÁD-CSANÁD,02,Szeged,Lima,2
CSONGRÁD-CSANÁD,02,Szeged,Lisszabon,10
CSONGRÁD-CSANÁD,02,Szeged,London,138
CSONGRÁD-CSANÁD,02,Szeged,Los Angeles,6
CSONGRÁD-CSANÁD,02,Szeged,Luxembourg,12
CSONGRÁD-CSANÁD,02,Szeged,Lyon,4
CSONGRÁD-CSANÁD,02,Szeged,Madrid,16
CSONGRÁD-CSANÁD,02,Szeged,Malaga,10
CSONGRÁD-CSANÁD,02,Szeged,Manchester,31
CSONGRÁD-CSANÁD,02,Szeged,Manila,1
CSONGRÁD-CSANÁD,02,Szeged,Melbourne,2
CSONGRÁD-CSANÁD,02,Szeged,Mexikóváros,2
CSONGRÁD-CSANÁD,02,Szeged,Miami,4
CSONGRÁD-CSANÁD,02,Szeged,Milánó,12
CSONGRÁD-CSANÁD,02,Szeged,Montreal,6
CSONGRÁD-CSANÁD,02,Szeged,München,57
CSONGRÁD-CSANÁD,02,Szeged,New York,20
CSONGRÁD-CSANÁD,02,Szeged,Nicosia,4
CSONGRÁD-CSANÁD,02,Szeged,Nürnberg,29
CSONGRÁD-CSANÁD,02,Szeged,Osaka,3
CSONGRÁD-CSANÁD,02,Szeged,Osló,10
CSONGRÁD-CSANÁD,02,Szeged,Ottawa,1
CSONGRÁD-CSANÁD,02,Szeged,Párizs,28
CSONGRÁD-CSANÁD,02,Szeged,Podgorica,1
CSONGRÁD-CSANÁD,02,Szeged,Pozsony,1
CSONGRÁD-CSANÁD,02,Szeged,Prága,4
CSONGRÁD-CSANÁD,02,Szeged,Pretoria,1
CSONGRÁD-CSANÁD,02,Szeged,Rabat,2
CSONGRÁD-CSANÁD,02,Szeged,Róma,20
CSONGRÁD-CSANÁD,02,Szeged,San Francisco,3
CSONGRÁD-CSANÁD,02,Szeged,Sanghaj,5
CSONGRÁD-CSANÁD,02,Szeged,Stockholm,29
CSONGRÁD-CSANÁD,02,Szeged,Strasbourg,10
CSONGRÁD-CSANÁD,02,Szeged,Stuttgart,62
CSONGRÁD-CSANÁD,02,Szeged,Sydney,4
CSONGRÁD-CSANÁD,02,Szeged,Szabadka,130
CSONGRÁD-CSANÁD,02,Szeged,Szarajevó,2
CSONGRÁD-CSANÁD,02,Szeged,Szingapúr,1
CSONGRÁD-CSANÁD,02,Szeged,Szkopje,4
CSONGRÁD-CSANÁD,02,Szeged,Szófia,2
CSONGRÁD-CSANÁD,02,Szeged,Szöul,3
CSONGRÁD-CSANÁD,02,Szeged,Tokió,1
CSONGRÁD-CSANÁD,02,Szeged,Toronto,3
CSONGRÁD-CSANÁD,02,Szeged,Tunisz,1
CSONGRÁD-CSANÁD,02,Szeged,Ungvár,1
CSONGRÁD-CSANÁD,02,Szeged,Valletta,10
CSONGRÁD-CSANÁD,02,Szeged,Vancouver,7
CSONGRÁD-CSANÁD,02,Szeged,Varsó,3
CSONGRÁD-CSANÁD,02,Szeged,Washington,8
CSONGRÁD-CSANÁD,02,Szeged,Zágráb,4
CSONGRÁD-CSANÁD,03,Szentes,Abu Dhabi,2
CSONGRÁD-CSANÁD,03,Szentes,Addisz-Abeba,1
CSONGRÁD-CSANÁD,03,Szentes,Amman,1
CSONGRÁD-CSANÁD,03,Szentes,Barcelona,4
CSONGRÁD-CSANÁD,03,Szentes,Bécs,18
CSONGRÁD-CSANÁD,03,Szentes,Bejrút,1
CSONGRÁD-CSANÁD,03,Szentes,Belgrád,1
CSONGRÁD-CSANÁD,03,Szentes,Beregszász,2
CSONGRÁD-CSANÁD,03,Szentes,Berlin,15
CSONGRÁD-CSANÁD,03,Szentes,Bern,32
CSONGRÁD-CSANÁD,03,Szentes,Besztercebánya,2
CSONGRÁD-CSANÁD,03,Szentes,Brüsszel,8
CSONGRÁD-CSANÁD,03,Szentes,Chicago,2
CSONGRÁD-CSANÁD,03,Szentes,Csíkszereda,13
CSONGRÁD-CSANÁD,03,Szentes,Csungking,1
CSONGRÁD-CSANÁD,03,Szentes,Dublin,11
CSONGRÁD-CSANÁD,03,Szentes,Düsseldorf,16
CSONGRÁD-CSANÁD,03,Szentes,Edinburgh,20
CSONGRÁD-CSANÁD,03,Szentes,Genf,5
CSONGRÁD-CSANÁD,03,Szentes,Hága,49
CSONGRÁD-CSANÁD,03,Szentes,Hanoi,2
CSONGRÁD-CSANÁD,03,Szentes,Helsinki,5
CSONGRÁD-CSANÁD,03,Szentes,Innsbruck,35
CSONGRÁD-CSANÁD,03,Szentes,Isztambul,4
CSONGRÁD-CSANÁD,03,Szentes,Jakarta,1
CSONGRÁD-CSANÁD,03,Szentes,Kairó,1
CSONGRÁD-CSANÁD,03,Szentes,Kolozsvár,2
CSONGRÁD-CSANÁD,03,Szentes,Koppenhága,32
CSONGRÁD-CSANÁD,03,Szentes,Kuangcsou,1
CSONGRÁD-CSANÁD,03,Szentes,Lisszabon,1
CSONGRÁD-CSANÁD,03,Szentes,Ljubljana,2
CSONGRÁD-CSANÁD,03,Szentes,London,103
CSONGRÁD-CSANÁD,03,Szentes,Los Angeles,3
CSONGRÁD-CSANÁD,03,Szentes,Luxembourg,6
CSONGRÁD-CSANÁD,03,Szentes,Lyon,3
CSONGRÁD-CSANÁD,03,Szentes,Madrid,2
CSONGRÁD-CSANÁD,03,Szentes,Malaga,4
CSONGRÁD-CSANÁD,03,Szentes,Manchester,38
CSONGRÁD-CSANÁD,03,Szentes,Melbourne,1
CSONGRÁD-CSANÁD,03,Szentes,Mexikóváros,1
CSONGRÁD-CSANÁD,03,Szentes,Miami,1
CSONGRÁD-CSANÁD,03,Szentes,Milánó,7
CSONGRÁD-CSANÁD,03,Szentes,Montreal,1
CSONGRÁD-CSANÁD,03,Szentes,München,44
CSONGRÁD-CSANÁD,03,Szentes,New York,4
CSONGRÁD-CSANÁD,03,Szentes,Nicosia,5
CSONGRÁD-CSANÁD,03,Szentes,Nürnberg,24
CSONGRÁD-CSANÁD,03,Szentes,Osaka,3
CSONGRÁD-CSANÁD,03,Szentes,Osló,3
CSONGRÁD-CSANÁD,03,Szentes,Panamaváros,1
CSONGRÁD-CSANÁD,03,Szentes,Párizs,11
CSONGRÁD-CSANÁD,03,Szentes,Podgorica,1
CSONGRÁD-CSANÁD,03,Szentes,Pozsony,2
CSONGRÁD-CSANÁD,03,Szentes,Prága,6
CSONGRÁD-CSANÁD,03,Szentes,Pristina,2
CSONGRÁD-CSANÁD,03,Szentes,Riga,1
CSONGRÁD-CSANÁD,03,Szentes,Rijád,1
CSONGRÁD-CSANÁD,03,Szentes,Róma,5
CSONGRÁD-CSANÁD,03,Szentes,Sanghaj,1
CSONGRÁD-CSANÁD,03,Szentes,Stockholm,4
CSONGRÁD-CSANÁD,03,Szentes,Strasbourg,5
CSONGRÁD-CSANÁD,03,Szentes,Stuttgart,44
CSONGRÁD-CSANÁD,03,Szentes,Szabadka,14
CSONGRÁD-CSANÁD,03,Szentes,Szarajevó,3
CSONGRÁD-CSANÁD,03,Szentes,Szkopje,1
CSONGRÁD-CSANÁD,03,Szentes,Szófia,2
CSONGRÁD-CSANÁD,03,Szentes,Szöul,1
CSONGRÁD-CSANÁD,03,Szentes,Toronto,1
CSONGRÁD-CSANÁD,03,Szentes,Valletta,7
CSONGRÁD-CSANÁD,03,Szentes,Varsó,3
CSONGRÁD-CSANÁD,03,Szentes,Washington,3
CSONGRÁD-CSANÁD,03,Szentes,Zágráb,2
CSONGRÁD-CSANÁD,04,Hódmezővásárhely,Abu Dhabi,1
CSONGRÁD-CSANÁD,04,Hódmezővásárhely,Ankara,1
CSONGRÁD-CSANÁD,04,Hódmezővásárhely,Athén,1
CSONGRÁD-CSANÁD,04,Hódmezővásárhely,Bangkok,1
CSONGRÁD-CSANÁD,04,Hódmezővásárhely,Barcelona,12
CSONGRÁD-CSANÁD,04,Hódmezővásárhely,Bécs,20
CSONGRÁD-CSANÁD,04,Hódmezővásárhely,Belgrád,2
CSONGRÁD-CSANÁD,04,Hódmezővásárhely,Berlin,10
CSONGRÁD-CSANÁD,04,Hódmezővásárhely,Bern,20
CSONGRÁD-CSANÁD,04,Hódmezővásárhely,Brüsszel,13
CSONGRÁD-CSANÁD,04,Hódmezővásárhely,Chicago,1
CSONGRÁD-CSANÁD,04,Hódmezővásárhely,Kisinyov,1
CSONGRÁD-CSANÁD,04,Hódmezővásárhely,Csíkszereda,30
CSONGRÁD-CSANÁD,04,Hódmezővásárhely,Csungking,1
CSONGRÁD-CSANÁD,04,Hódmezővásárhely,Dublin,14
CSONGRÁD-CSANÁD,04,Hódmezővásárhely,Düsseldorf,15
CSONGRÁD-CSANÁD,04,Hódmezővásárhely,Edinburgh,22
CSONGRÁD-CSANÁD,04,Hódmezővásárhely,Gdansk,2
CSONGRÁD-CSANÁD,04,Hódmezővásárhely,Genf,7
CSONGRÁD-CSANÁD,04,Hódmezővásárhely,Hága,51
CSONGRÁD-CSANÁD,04,Hódmezővásárhely,Hanoi,3
CSONGRÁD-CSANÁD,04,Hódmezővásárhely,Helsinki,3
CSONGRÁD-CSANÁD,04,Hódmezővásárhely,Hongkong,1
CSONGRÁD-CSANÁD,04,Hódmezővásárhely,Innsbruck,7
CSONGRÁD-CSANÁD,04,Hódmezővásárhely,Isztambul,1
CSONGRÁD-CSANÁD,04,Hódmezővásárhely,Jakarta,1
CSONGRÁD-CSANÁD,04,Hódmezővásárhely,Kampala,1
CSONGRÁD-CSANÁD,04,Hódmezővásárhely,Kolozsvár,1
CSONGRÁD-CSANÁD,04,Hódmezővásárhely,Koppenhága,34
CSONGRÁD-CSANÁD,04,Hódmezővásárhely,Krakkó,1
CSONGRÁD-CSANÁD,04,Hódmezővásárhely,Kuangcsou,1
CSONGRÁD-CSANÁD,04,Hódmezővásárhely,Lima,1
CSONGRÁD-CSANÁD,04,Hódmezővásárhely,Lisszabon,2
CSONGRÁD-CSANÁD,04,Hódmezővásárhely,London,118
CSONGRÁD-CSANÁD,04,Hódmezővásárhely,Los Angeles,3
CSONGRÁD-CSANÁD,04,Hódmezővásárhely,Luxembourg,9
CSONGRÁD-CSANÁD,04,Hódmezővásárhely,Lyon,4
CSONGRÁD-CSANÁD,04,Hódmezővásárhely,Madrid,6
CSONGRÁD-CSANÁD,04,Hódmezővásárhely,Malaga,3
CSONGRÁD-CSANÁD,04,Hódmezővásárhely,Manchester,18
CSONGRÁD-CSANÁD,04,Hódmezővásárhely,Melbourne,1
CSONGRÁD-CSANÁD,04,Hódmezővásárhely,Miami,5
CSONGRÁD-CSANÁD,04,Hódmezővásárhely,Milánó,7
CSONGRÁD-CSANÁD,04,Hódmezővásárhely,Moszkva,1
CSONGRÁD-CSANÁD,04,Hódmezővásárhely,München,39
CSONGRÁD-CSANÁD,04,Hódmezővásárhely,New York,5
CSONGRÁD-CSANÁD,04,Hódmezővásárhely,Nürnberg,32
CSONGRÁD-CSANÁD,04,Hódmezővásárhely,Osló,2
CSONGRÁD-CSANÁD,04,Hódmezővásárhely,Párizs,8
CSONGRÁD-CSANÁD,04,Hódmezővásárhely,Peking,1
CSONGRÁD-CSANÁD,04,Hódmezővásárhely,Pozsony,1
CSONGRÁD-CSANÁD,04,Hódmezővásárhely,Prága,1
CSONGRÁD-CSANÁD,04,Hódmezővásárhely,Pristina,1
CSONGRÁD-CSANÁD,04,Hódmezővásárhely,Rabat,2
CSONGRÁD-CSANÁD,04,Hódmezővásárhely,Róma,13
CSONGRÁD-CSANÁD,04,Hódmezővásárhely,San Francisco,2
CSONGRÁD-CSANÁD,04,Hódmezővásárhely,Sanghaj,1
CSONGRÁD-CSANÁD,04,Hódmezővásárhely,Santiago de Chile,1
CSONGRÁD-CSANÁD,04,Hódmezővásárhely,Stockholm,9
CSONGRÁD-CSANÁD,04,Hódmezővásárhely,Strasbourg,2
CSONGRÁD-CSANÁD,04,Hódmezővásárhely,Stuttgart,41
CSONGRÁD-CSANÁD,04,Hódmezővásárhely,Szabadka,9
CSONGRÁD-CSANÁD,04,Hódmezővásárhely,Tallinn,1
CSONGRÁD-CSANÁD,04,Hódmezővásárhely,Tbiliszi,1
CSONGRÁD-CSANÁD,04,Hódmezővásárhely,Tokió,3
CSONGRÁD-CSANÁD,04,Hódmezővásárhely,Toronto,4
CSONGRÁD-CSANÁD,04,Hódmezővásárhely,Valletta,3
CSONGRÁD-CSANÁD,04,Hódmezővásárhely,Vancouver,8
CSONGRÁD-CSANÁD,04,Hódmezővásárhely,Varsó,1
CSONGRÁD-CSANÁD,04,Hódmezővásárhely,Washington,1
CSONGRÁD-CSANÁD,04,Hódmezővásárhely,Wellington,1
CSONGRÁD-CSANÁD,04,Hódmezővásárhely,Wroclaw,2
FEJÉR,01,Székesfehérvár,Abu Dhabi,6
FEJÉR,01,Székesfehérvár,Amman,1
FEJÉR,01,Székesfehérvár,Athén,4
FEJÉR,01,Székesfehérvár,Bangkok,6
FEJÉR,01,Székesfehérvár,Barcelona,13
FEJÉR,01,Székesfehérvár,Bécs,27
FEJÉR,01,Székesfehérvár,Beregszász,1
FEJÉR,01,Székesfehérvár,Berlin,36
FEJÉR,01,Székesfehérvár,Bern,55
FEJÉR,01,Székesfehérvár,Brüsszel,31
FEJÉR,01,Székesfehérvár,Buenos Aires,1
FEJÉR,01,Székesfehérvár,Bukarest,2
FEJÉR,01,Székesfehérvár,Chicago,2
FEJÉR,01,Székesfehérvár,Csíkszereda,20
FEJÉR,01,Székesfehérvár,Doha,2
FEJÉR,01,Székesfehérvár,Dublin,19
FEJÉR,01,Székesfehérvár,Düsseldorf,22
FEJÉR,01,Székesfehérvár,Edinburgh,15
FEJÉR,01,Székesfehérvár,Gdansk,6
FEJÉR,01,Székesfehérvár,Genf,5
FEJÉR,01,Székesfehérvár,Hága,62
FEJÉR,01,Székesfehérvár,Helsinki,10
FEJÉR,01,Székesfehérvár,Ho Chi Minh Város,1
FEJÉR,01,Székesfehérvár,Houston,1
FEJÉR,01,Székesfehérvár,Innsbruck,33
FEJÉR,01,Székesfehérvár,Iszlámábád,1
FEJÉR,01,Székesfehérvár,Isztambul,2
FEJÉR,01,Székesfehérvár,Jakarta,1
FEJÉR,01,Székesfehérvár,Jereván,1
FEJÉR,01,Székesfehérvár,Kairó,2
FEJÉR,01,Székesfehérvár,Kolozsvár,4
FEJÉR,01,Székesfehérvár,Koppenhága,37
FEJÉR,01,Székesfehérvár,Krakkó,2
FEJÉR,01,Székesfehérvár,Kuangcsou,2
FEJÉR,01,Székesfehérvár,Lendva,1
FEJÉR,01,Székesfehérvár,Lisszabon,6
FEJÉR,01,Székesfehérvár,Ljubljana,13
FEJÉR,01,Székesfehérvár,London,77
FEJÉR,01,Székesfehérvár,Los Angeles,5
FEJÉR,01,Székesfehérvár,Lusaka,1
FEJÉR,01,Székesfehérvár,Luxembourg,11
FEJÉR,01,Székesfehérvár,Lyon,5
FEJÉR,01,Székesfehérvár,Madrid,4
FEJÉR,01,Székesfehérvár,Malaga,11
FEJÉR,01,Székesfehérvár,Manchester,26
FEJÉR,01,Székesfehérvár,Manila,1
FEJÉR,01,Székesfehérvár,Melbourne,4
FEJÉR,01,Székesfehérvár,Miami,4
FEJÉR,01,Székesfehérvár,Milánó,12
FEJÉR,01,Székesfehérvár,Montreal,2
FEJÉR,01,Székesfehérvár,Mumbai,1
FEJÉR,01,Székesfehérvár,München,50
FEJÉR,01,Székesfehérvár,New York,20
FEJÉR,01,Székesfehérvár,Nicosia,9
FEJÉR,01,Székesfehérvár,Nürnberg,22
FEJÉR,01,Székesfehérvár,Osaka,6
FEJÉR,01,Székesfehérvár,Osló,16
FEJÉR,01,Székesfehérvár,Panamaváros,2
FEJÉR,01,Székesfehérvár,Párizs,22
FEJÉR,01,Székesfehérvár,Peking,1
FEJÉR,01,Székesfehérvár,Prága,9
FEJÉR,01,Székesfehérvár,Rabat,3
FEJÉR,01,Székesfehérvár,Róma,12
FEJÉR,01,Székesfehérvár,San Francisco,2
FEJÉR,01,Székesfehérvár,Sanghaj,2
FEJÉR,01,Székesfehérvár,Stockholm,13
FEJÉR,01,Székesfehérvár,Strasbourg,2
FEJÉR,01,Székesfehérvár,Stuttgart,34
FEJÉR,01,Székesfehérvár,Sydney,2
FEJÉR,01,Székesfehérvár,Szabadka,2
FEJÉR,01,Székesfehérvár,Szarajevó,7
FEJÉR,01,Székesfehérvár,Szingapúr,1
FEJÉR,01,Székesfehérvár,Szkopje,1
FEJÉR,01,Székesfehérvár,Szófia,1
FEJÉR,01,Székesfehérvár,Szöul,6
FEJÉR,01,Székesfehérvár,Tbiliszi,1
FEJÉR,01,Székesfehérvár,Tel-Aviv,1
FEJÉR,01,Székesfehérvár,Tirana,2
FEJÉR,01,Székesfehérvár,Tokió,3
FEJÉR,01,Székesfehérvár,Toronto,2
FEJÉR,01,Székesfehérvár,Újdelhi,1
FEJÉR,01,Székesfehérvár,Valletta,12
FEJÉR,01,Székesfehérvár,Vancouver,1
FEJÉR,01,Székesfehérvár,Varsó,5
FEJÉR,01,Székesfehérvár,Vilnius,1
FEJÉR,01,Székesfehérvár,Washington,4
FEJÉR,01,Székesfehérvár,Wellington,2
FEJÉR,01,Székesfehérvár,Wroclaw,1
FEJÉR,02,Székesfehérvár,Abu Dhabi,3
FEJÉR,02,Székesfehérvár,Amman,2
FEJÉR,02,Székesfehérvár,Athén,5
FEJÉR,02,Székesfehérvár,Bangkok,3
FEJÉR,02,Székesfehérvár,Barcelona,17
FEJÉR,02,Székesfehérvár,Bécs,27
FEJÉR,02,Székesfehérvár,Berlin,11
FEJÉR,02,Székesfehérvár,Bern,28
FEJÉR,02,Székesfehérvár,Brazíliaváros,1
FEJÉR,02,Székesfehérvár,Brüsszel,15
FEJÉR,02,Székesfehérvár,Chicago,3
FEJÉR,02,Székesfehérvár,Kisinyov,1
FEJÉR,02,Székesfehérvár,Csíkszereda,24
FEJÉR,02,Székesfehérvár,Dublin,23
FEJÉR,02,Székesfehérvár,Düsseldorf,15
FEJÉR,02,Székesfehérvár,Edinburgh,6
FEJÉR,02,Székesfehérvár,Gdansk,5
FEJÉR,02,Székesfehérvár,Genf,6
FEJÉR,02,Székesfehérvár,Hága,39
FEJÉR,02,Székesfehérvár,Helsinki,7
FEJÉR,02,Székesfehérvár,Hongkong,1
FEJÉR,02,Székesfehérvár,Innsbruck,26
FEJÉR,02,Székesfehérvár,Isztambul,5
FEJÉR,02,Székesfehérvár,Jakarta,2
FEJÉR,02,Székesfehérvár,Kairó,1
FEJÉR,02,Székesfehérvár,Kazány,1
FEJÉR,02,Székesfehérvár,Kolozsvár,7
FEJÉR,02,Székesfehérvár,Koppenhága,24
FEJÉR,02,Székesfehérvár,Krakkó,3
FEJÉR,02,Székesfehérvár,Kuala Lumpur,2
FEJÉR,02,Székesfehérvár,Lisszabon,3
FEJÉR,02,Székesfehérvár,Ljubljana,14
FEJÉR,02,Székesfehérvár,London,79
FEJÉR,02,Székesfehérvár,Los Angeles,1
FEJÉR,02,Székesfehérvár,Luxembourg,9
FEJÉR,02,Székesfehérvár,Lyon,4
FEJÉR,02,Székesfehérvár,Madrid,4
FEJÉR,02,Székesfehérvár,Malaga,4
FEJÉR,02,Székesfehérvár,Manchester,22
FEJÉR,02,Székesfehérvár,Manila,1
FEJÉR,02,Székesfehérvár,Melbourne,2
FEJÉR,02,Székesfehérvár,Miami,3
FEJÉR,02,Székesfehérvár,Milánó,3
FEJÉR,02,Székesfehérvár,Mumbai,1
FEJÉR,02,Székesfehérvár,München,62
FEJÉR,02,Székesfehérvár,New York,14
FEJÉR,02,Székesfehérvár,Nicosia,2
FEJÉR,02,Székesfehérvár,Nürnberg,19
FEJÉR,02,Székesfehérvár,Osló,14
FEJÉR,02,Székesfehérvár,Panamaváros,1
FEJÉR,02,Székesfehérvár,Párizs,13
FEJÉR,02,Székesfehérvár,Peking,1
FEJÉR,02,Székesfehérvár,Phnom Penh,2
FEJÉR,02,Székesfehérvár,Pozsony,1
FEJÉR,02,Székesfehérvár,Prága,11
FEJÉR,02,Székesfehérvár,Pretoria,3
FEJÉR,02,Székesfehérvár,Pristina,2
FEJÉR,02,Székesfehérvár,Riga,1
FEJÉR,02,Székesfehérvár,Rijád,1
FEJÉR,02,Székesfehérvár,Róma,6
FEJÉR,02,Székesfehérvár,San Francisco,2
FEJÉR,02,Székesfehérvár,Sanghaj,2
FEJÉR,02,Székesfehérvár,Santiago de Chile,3
FEJÉR,02,Székesfehérvár,Stockholm,11
FEJÉR,02,Székesfehérvár,Strasbourg,8
FEJÉR,02,Székesfehérvár,Stuttgart,22
FEJÉR,02,Székesfehérvár,Sydney,3
FEJÉR,02,Székesfehérvár,Szabadka,6
FEJÉR,02,Székesfehérvár,Szarajevó,5
FEJÉR,02,Székesfehérvár,Szingapúr,2
FEJÉR,02,Székesfehérvár,Szöul,3
FEJÉR,02,Székesfehérvár,Tallinn,2
FEJÉR,02,Székesfehérvár,Tokió,2
FEJÉR,02,Székesfehérvár,Toronto,1
FEJÉR,02,Székesfehérvár,Tunisz,1
FEJÉR,02,Székesfehérvár,Valletta,12
FEJÉR,02,Székesfehérvár,Vancouver,3
FEJÉR,02,Székesfehérvár,Varsó,3
FEJÉR,02,Székesfehérvár,Vilnius,1
FEJÉR,02,Székesfehérvár,Washington,4
FEJÉR,02,Székesfehérvár,Zágráb,1
FEJÉR,03,Bicske,Abu Dhabi,2
FEJÉR,03,Bicske,Almati,1
FEJÉR,03,Bicske,Amman,1
FEJÉR,03,Bicske,Athén,7
FEJÉR,03,Bicske,Baku,2
FEJÉR,03,Bicske,Bangkok,6
FEJÉR,03,Bicske,Barcelona,12
FEJÉR,03,Bicske,Bécs,14
FEJÉR,03,Bicske,Beregszász,2
FEJÉR,03,Bicske,Berlin,28
FEJÉR,03,Bicske,Bern,29
FEJÉR,03,Bicske,Brazíliaváros,1
FEJÉR,03,Bicske,Brüsszel,33
FEJÉR,03,Bicske,Buenos Aires,1
FEJÉR,03,Bicske,Chicago,3
FEJÉR,03,Bicske,Csíkszereda,38
FEJÉR,03,Bicske,Dublin,13
FEJÉR,03,Bicske,Düsseldorf,21
FEJÉR,03,Bicske,Edinburgh,15
FEJÉR,03,Bicske,Genf,2
FEJÉR,03,Bicske,Hága,54
FEJÉR,03,Bicske,Helsinki,2
FEJÉR,03,Bicske,Ho Chi Minh Város,2
FEJÉR,03,Bicske,Hongkong,3
FEJÉR,03,Bicske,Houston,2
FEJÉR,03,Bicske,Innsbruck,16
FEJÉR,03,Bicske,Isztambul,1
FEJÉR,03,Bicske,Jakarta,1
FEJÉR,03,Bicske,Jereván,1
FEJÉR,03,Bicske,Kairó,6
FEJÉR,03,Bicske,Kolozsvár,12
FEJÉR,03,Bicske,Koppenhága,22
FEJÉR,03,Bicske,Krakkó,1
FEJÉR,03,Bicske,Lisszabon,10
FEJÉR,03,Bicske,Ljubljana,6
FEJÉR,03,Bicske,London,65
FEJÉR,03,Bicske,Los Angeles,7
FEJÉR,03,Bicske,Luxembourg,13
FEJÉR,03,Bicske,Lyon,3
FEJÉR,03,Bicske,Madrid,18
FEJÉR,03,Bicske,Malaga,14
FEJÉR,03,Bicske,Manchester,21
FEJÉR,03,Bicske,Manila,1
FEJÉR,03,Bicske,Maszkat,3
FEJÉR,03,Bicske,Melbourne,5
FEJÉR,03,Bicske,Mexikóváros,3
FEJÉR,03,Bicske,Miami,5
FEJÉR,03,Bicske,Milánó,13
FEJÉR,03,Bicske,Moszkva,3
FEJÉR,03,Bicske,München,43
FEJÉR,03,Bicske,New York,12
FEJÉR,03,Bicske,Nicosia,4
FEJÉR,03,Bicske,Nürnberg,15
FEJÉR,03,Bicske,Osaka,4
FEJÉR,03,Bicske,Osló,11
FEJÉR,03,Bicske,Ottawa,1
FEJÉR,03,Bicske,Panamaváros,1
FEJÉR,03,Bicske,Párizs,15
FEJÉR,03,Bicske,Peking,4
FEJÉR,03,Bicske,Pozsony,4
FEJÉR,03,Bicske,Prága,11
FEJÉR,03,Bicske,Quito,1
FEJÉR,03,Bicske,Rabat,1
FEJÉR,03,Bicske,Róma,17
FEJÉR,03,Bicske,San Francisco,2
FEJÉR,03,Bicske,Sanghaj,2
FEJÉR,03,Bicske,Stockholm,18
FEJÉR,03,Bicske,Strasbourg,5
FEJÉR,03,Bicske,Stuttgart,34
FEJÉR,03,Bicske,Sydney,2
FEJÉR,03,Bicske,Szabadka,4
FEJÉR,03,Bicske,Szarajevó,1
FEJÉR,03,Bicske,Szingapúr,1
FEJÉR,03,Bicske,Szófia,4
FEJÉR,03,Bicske,Szöul,1
FEJÉR,03,Bicske,Tallinn,3
FEJÉR,03,Bicske,Tel-Aviv,1
FEJÉR,03,Bicske,Tirana,4
FEJÉR,03,Bicske,Tokió,3
FEJÉR,03,Bicske,Toronto,3
FEJÉR,03,Bicske,Újdelhi,3
FEJÉR,03,Bicske,Valletta,8
FEJÉR,03,Bicske,Vancouver,2
FEJÉR,03,Bicske,Varsó,3
FEJÉR,03,Bicske,Washington,6
FEJÉR,03,Bicske,Wellington,4
FEJÉR,03,Bicske,Wroclaw,1
FEJÉR,03,Bicske,Zágráb,4
FEJÉR,04,Dunaújváros,Accra,1
FEJÉR,04,Dunaújváros,Asztana,1
FEJÉR,04,Dunaújváros,Athén,10
FEJÉR,04,Dunaújváros,Baku,2
FEJÉR,04,Dunaújváros,Bangkok,1
FEJÉR,04,Dunaújváros,Barcelona,8
FEJÉR,04,Dunaújváros,Bécs,11
FEJÉR,04,Dunaújváros,Bejrút,1
FEJÉR,04,Dunaújváros,Berlin,13
FEJÉR,04,Dunaújváros,Bern,39
FEJÉR,04,Dunaújváros,Brüsszel,11
FEJÉR,04,Dunaújváros,Csíkszereda,11
FEJÉR,04,Dunaújváros,Doha,2
FEJÉR,04,Dunaújváros,Dublin,11
FEJÉR,04,Dunaújváros,Düsseldorf,14
FEJÉR,04,Dunaújváros,Edinburgh,8
FEJÉR,04,Dunaújváros,Gdansk,2
FEJÉR,04,Dunaújváros,Hága,31
FEJÉR,04,Dunaújváros,Hanoi,1
FEJÉR,04,Dunaújváros,Helsinki,11
FEJÉR,04,Dunaújváros,Houston,1
FEJÉR,04,Dunaújváros,Innsbruck,14
FEJÉR,04,Dunaújváros,Isztambul,2
FEJÉR,04,Dunaújváros,Kolozsvár,4
FEJÉR,04,Dunaújváros,Koppenhága,12
FEJÉR,04,Dunaújváros,Krakkó,4
FEJÉR,04,Dunaújváros,Kuala Lumpur,2
FEJÉR,04,Dunaújváros,Kuangcsou,1
FEJÉR,04,Dunaújváros,Lima,1
FEJÉR,04,Dunaújváros,Lisszabon,7
FEJÉR,04,Dunaújváros,Ljubljana,14
FEJÉR,04,Dunaújváros,London,67
FEJÉR,04,Dunaújváros,Los Angeles,1
FEJÉR,04,Dunaújváros,Luxembourg,10
FEJÉR,04,Dunaújváros,Lyon,5
FEJÉR,04,Dunaújváros,Madrid,12
FEJÉR,04,Dunaújváros,Malaga,7
FEJÉR,04,Dunaújváros,Manchester,23
FEJÉR,04,Dunaújváros,Manila,1
FEJÉR,04,Dunaújváros,Mexikóváros,1
FEJÉR,04,Dunaújváros,Miami,4
FEJÉR,04,Dunaújváros,Milánó,10
FEJÉR,04,Dunaújváros,München,42
FEJÉR,04,Dunaújváros,New York,8
FEJÉR,04,Dunaújváros,Nicosia,2
FEJÉR,04,Dunaújváros,Nürnberg,19
FEJÉR,04,Dunaújváros,Osló,6
FEJÉR,04,Dunaújváros,Párizs,6
FEJÉR,04,Dunaújváros,Peking,1
FEJÉR,04,Dunaújváros,Pozsony,4
FEJÉR,04,Dunaújváros,Prága,7
FEJÉR,04,Dunaújváros,Rabat,1
FEJÉR,04,Dunaújváros,Róma,18
FEJÉR,04,Dunaújváros,San Francisco,2
FEJÉR,04,Dunaújváros,Stockholm,7
FEJÉR,04,Dunaújváros,Strasbourg,2
FEJÉR,04,Dunaújváros,Stuttgart,52
FEJÉR,04,Dunaújváros,Sydney,2
FEJÉR,04,Dunaújváros,Szabadka,1
FEJÉR,04,Dunaújváros,Szarajevó,1
FEJÉR,04,Dunaújváros,Szentpétervár,1
FEJÉR,04,Dunaújváros,Szöul,1
FEJÉR,04,Dunaújváros,Tokió,4
FEJÉR,04,Dunaújváros,Toronto,1
FEJÉR,04,Dunaújváros,Valletta,8
FEJÉR,04,Dunaújváros,Varsó,4
FEJÉR,04,Dunaújváros,Vilnius,1
FEJÉR,05,Sárbogárd,Athén,1
FEJÉR,05,Sárbogárd,Bangkok,1
FEJÉR,05,Sárbogárd,Barcelona,5
FEJÉR,05,Sárbogárd,Bécs,11
FEJÉR,05,Sárbogárd,Belgrád,1
FEJÉR,05,Sárbogárd,Beregszász,2
FEJÉR,05,Sárbogárd,Berlin,4
FEJÉR,05,Sárbogárd,Bern,14
FEJÉR,05,Sárbogárd,Brüsszel,14
FEJÉR,05,Sárbogárd,Chicago,2
FEJÉR,05,Sárbogárd,Csíkszereda,11
FEJÉR,05,Sárbogárd,Dublin,3
FEJÉR,05,Sárbogárd,Düsseldorf,12
FEJÉR,05,Sárbogárd,Edinburgh,5
FEJÉR,05,Sárbogárd,Hága,17
FEJÉR,05,Sárbogárd,Helsinki,2
FEJÉR,05,Sárbogárd,Houston,3
FEJÉR,05,Sárbogárd,Innsbruck,16
FEJÉR,05,Sárbogárd,Isztambul,1
FEJÉR,05,Sárbogárd,Jakarta,1
FEJÉR,05,Sárbogárd,Kolozsvár,1
FEJÉR,05,Sárbogárd,Koppenhága,6
FEJÉR,05,Sárbogárd,Krakkó,1
FEJÉR,05,Sárbogárd,Lisszabon,3
FEJÉR,05,Sárbogárd,London,41
FEJÉR,05,Sárbogárd,Los Angeles,1
FEJÉR,05,Sárbogárd,Luxembourg,3
FEJÉR,05,Sárbogárd,Lyon,1
FEJÉR,05,Sárbogárd,Madrid,4
FEJÉR,05,Sárbogárd,Malaga,5
FEJÉR,05,Sárbogárd,Manchester,11
FEJÉR,05,Sárbogárd,Melbourne,1
FEJÉR,05,Sárbogárd,Miami,3
FEJÉR,05,Sárbogárd,Milánó,3
FEJÉR,05,Sárbogárd,München,41
FEJÉR,05,Sárbogárd,New York,3
FEJÉR,05,Sárbogárd,Nürnberg,15
FEJÉR,05,Sárbogárd,Osaka,2
FEJÉR,05,Sárbogárd,Osló,1
FEJÉR,05,Sárbogárd,Párizs,7
FEJÉR,05,Sárbogárd,Peking,1
FEJÉR,05,Sárbogárd,Podgorica,1
FEJÉR,05,Sárbogárd,Pozsony,1
FEJÉR,05,Sárbogárd,Prága,4
FEJÉR,05,Sárbogárd,Quito,1
FEJÉR,05,Sárbogárd,Róma,4
FEJÉR,05,Sárbogárd,Santiago de Chile,2
FEJÉR,05,Sárbogárd,Stockholm,4
FEJÉR,05,Sárbogárd,Stuttgart,22
FEJÉR,05,Sárbogárd,Sydney,1
FEJÉR,05,Sárbogárd,Szarajevó,7
FEJÉR,05,Sárbogárd,Szöul,2
FEJÉR,05,Sárbogárd,Tokió,1
FEJÉR,05,Sárbogárd,Toronto,3
FEJÉR,05,Sárbogárd,Ulánbátor,1
FEJÉR,05,Sárbogárd,Valletta,1
FEJÉR,05,Sárbogárd,Varsó,2
FEJÉR,05,Sárbogárd,Vilnius,1
FEJÉR,05,Sárbogárd,Wellington,2
GYŐR-MOSON-SOPRON,01,Győr,Abu Dhabi,4
GYŐR-MOSON-SOPRON,01,Győr,Athén,5
GYŐR-MOSON-SOPRON,01,Győr,Baku,4
GYŐR-MOSON-SOPRON,01,Győr,Bangkok,5
GYŐR-MOSON-SOPRON,01,Győr,Barcelona,18
GYŐR-MOSON-SOPRON,01,Győr,Bécs,33
GYŐR-MOSON-SOPRON,01,Győr,Belgrád,2
GYŐR-MOSON-SOPRON,01,Győr,Beregszász,1
GYŐR-MOSON-SOPRON,01,Győr,Berlin,34
GYŐR-MOSON-SOPRON,01,Győr,Bern,38
GYŐR-MOSON-SOPRON,01,Győr,Biskek,1
GYŐR-MOSON-SOPRON,01,Győr,Brüsszel,9
GYŐR-MOSON-SOPRON,01,Győr,Buenos Aires,1
GYŐR-MOSON-SOPRON,01,Győr,Chicago,6
GYŐR-MOSON-SOPRON,01,Győr,Csíkszereda,15
GYŐR-MOSON-SOPRON,01,Győr,Dublin,15
GYŐR-MOSON-SOPRON,01,Győr,Düsseldorf,16
GYŐR-MOSON-SOPRON,01,Győr,Edinburgh,13
GYŐR-MOSON-SOPRON,01,Győr,Eszék,1
GYŐR-MOSON-SOPRON,01,Győr,Genf,5
GYŐR-MOSON-SOPRON,01,Győr,Hága,36
GYŐR-MOSON-SOPRON,01,Győr,Hanoi,1
GYŐR-MOSON-SOPRON,01,Győr,Helsinki,13
GYŐR-MOSON-SOPRON,01,Győr,Ho Chi Minh Város,1
GYŐR-MOSON-SOPRON,01,Győr,Hongkong,1
GYŐR-MOSON-SOPRON,01,Győr,Innsbruck,16
GYŐR-MOSON-SOPRON,01,Győr,Isztambul,1
GYŐR-MOSON-SOPRON,01,Győr,Kairó,2
GYŐR-MOSON-SOPRON,01,Győr,Kolozsvár,1
GYŐR-MOSON-SOPRON,01,Győr,Koppenhága,26
GYŐR-MOSON-SOPRON,01,Győr,Krakkó,2
GYŐR-MOSON-SOPRON,01,Győr,Kuvait,2
GYŐR-MOSON-SOPRON,01,Győr,Lima,5
GYŐR-MOSON-SOPRON,01,Győr,Lisszabon,6
GYŐR-MOSON-SOPRON,01,Győr,Ljubljana,2
GYŐR-MOSON-SOPRON,01,Győr,London,74
GYŐR-MOSON-SOPRON,01,Győr,Los Angeles,1
GYŐR-MOSON-SOPRON,01,Győr,Luxembourg,8
GYŐR-MOSON-SOPRON,01,Győr,Lyon,2
GYŐR-MOSON-SOPRON,01,Győr,Madrid,26
GYŐR-MOSON-SOPRON,01,Győr,Malaga,31
GYŐR-MOSON-SOPRON,01,Győr,Manchester,18
GYŐR-MOSON-SOPRON,01,Győr,Manila,1
GYŐR-MOSON-SOPRON,01,Győr,Melbourne,2
GYŐR-MOSON-SOPRON,01,Győr,Mexikóváros,2
GYŐR-MOSON-SOPRON,01,Győr,Miami,16
GYŐR-MOSON-SOPRON,01,Győr,Milánó,25
GYŐR-MOSON-SOPRON,01,Győr,Minszk,1
GYŐR-MOSON-SOPRON,01,Győr,Moszkva,2
GYŐR-MOSON-SOPRON,01,Győr,Mumbai,1
GYŐR-MOSON-SOPRON,01,Győr,München,45
GYŐR-MOSON-SOPRON,01,Győr,New York,10
GYŐR-MOSON-SOPRON,01,Győr,Nicosia,9
GYŐR-MOSON-SOPRON,01,Győr,Nürnberg,15
GYŐR-MOSON-SOPRON,01,Győr,Osaka,1
GYŐR-MOSON-SOPRON,01,Győr,Osló,6
GYŐR-MOSON-SOPRON,01,Győr,Ottawa,2
GYŐR-MOSON-SOPRON,01,Győr,Párizs,20
GYŐR-MOSON-SOPRON,01,Győr,Peking,8
GYŐR-MOSON-SOPRON,01,Győr,Phnom Penh,1
GYŐR-MOSON-SOPRON,01,Győr,Pozsony,2
GYŐR-MOSON-SOPRON,01,Győr,Prága,5
GYŐR-MOSON-SOPRON,01,Győr,Pristina,1
GYŐR-MOSON-SOPRON,01,Győr,Rabat,1
GYŐR-MOSON-SOPRON,01,Győr,Rijád,1
GYŐR-MOSON-SOPRON,01,Győr,Róma,16
GYŐR-MOSON-SOPRON,01,Győr,San Francisco,2
GYŐR-MOSON-SOPRON,01,Győr,Sanghaj,1
GYŐR-MOSON-SOPRON,01,Győr,Sao Paulo,2
GYŐR-MOSON-SOPRON,01,Győr,Stockholm,12
GYŐR-MOSON-SOPRON,01,Győr,Strasbourg,4
GYŐR-MOSON-SOPRON,01,Győr,Stuttgart,33
GYŐR-MOSON-SOPRON,01,Győr,Sydney,4
GYŐR-MOSON-SOPRON,01,Győr,Szabadka,2
GYŐR-MOSON-SOPRON,01,Győr,Szarajevó,4
GYŐR-MOSON-SOPRON,01,Győr,Szingapúr,2
GYŐR-MOSON-SOPRON,01,Győr,Szöul,5
GYŐR-MOSON-SOPRON,01,Győr,Taskent,1
GYŐR-MOSON-SOPRON,01,Győr,Tel-Aviv,2
GYŐR-MOSON-SOPRON,01,Győr,Tirana,1
GYŐR-MOSON-SOPRON,01,Győr,Tokió,5
GYŐR-MOSON-SOPRON,01,Győr,Toronto,10
GYŐR-MOSON-SOPRON,01,Győr,Ungvár,2
GYŐR-MOSON-SOPRON,01,Győr,Valletta,8
GYŐR-MOSON-SOPRON,01,Győr,Vancouver,1
GYŐR-MOSON-SOPRON,01,Győr,Varsó,1
GYŐR-MOSON-SOPRON,01,Győr,Vientián,1
GYŐR-MOSON-SOPRON,01,Győr,Vilnius,1
GYŐR-MOSON-SOPRON,01,Győr,Wroclaw,2
GYŐR-MOSON-SOPRON,01,Győr,Zágráb,4
GYŐR-MOSON-SOPRON,02,Győr,Abu Dhabi,3
GYŐR-MOSON-SOPRON,02,Győr,Algír,1
GYŐR-MOSON-SOPRON,02,Győr,Almati,1
GYŐR-MOSON-SOPRON,02,Győr,Athén,2
GYŐR-MOSON-SOPRON,02,Győr,Baku,2
GYŐR-MOSON-SOPRON,02,Győr,Bangkok,5
GYŐR-MOSON-SOPRON,02,Győr,Barcelona,13
GYŐR-MOSON-SOPRON,02,Győr,Bécs,40
GYŐR-MOSON-SOPRON,02,Győr,Bejrút,1
GYŐR-MOSON-SOPRON,02,Győr,Belgrád,1
GYŐR-MOSON-SOPRON,02,Győr,Beregszász,2
GYŐR-MOSON-SOPRON,02,Győr,Berlin,21
GYŐR-MOSON-SOPRON,02,Győr,Bern,29
GYŐR-MOSON-SOPRON,02,Győr,Brüsszel,11
GYŐR-MOSON-SOPRON,02,Győr,Chicago,5
GYŐR-MOSON-SOPRON,02,Győr,Csíkszereda,11
GYŐR-MOSON-SOPRON,02,Győr,Doha,1
GYŐR-MOSON-SOPRON,02,Győr,Dublin,11
GYŐR-MOSON-SOPRON,02,Győr,Düsseldorf,15
GYŐR-MOSON-SOPRON,02,Győr,Edinburgh,14
GYŐR-MOSON-SOPRON,02,Győr,Genf,3
GYŐR-MOSON-SOPRON,02,Győr,Hága,38
GYŐR-MOSON-SOPRON,02,Győr,Helsinki,5
GYŐR-MOSON-SOPRON,02,Győr,Ho Chi Minh Város,2
GYŐR-MOSON-SOPRON,02,Győr,Hongkong,2
GYŐR-MOSON-SOPRON,02,Győr,Houston,2
GYŐR-MOSON-SOPRON,02,Győr,Innsbruck,31
GYŐR-MOSON-SOPRON,02,Győr,Isztambul,3
GYŐR-MOSON-SOPRON,02,Győr,Jakarta,1
GYŐR-MOSON-SOPRON,02,Győr,Kampala,1
GYŐR-MOSON-SOPRON,02,Győr,Kijev,1
GYŐR-MOSON-SOPRON,02,Győr,Kolozsvár,4
GYŐR-MOSON-SOPRON,02,Győr,Koppenhága,18
GYŐR-MOSON-SOPRON,02,Győr,Krakkó,3
GYŐR-MOSON-SOPRON,02,Győr,Kuala Lumpur,1
GYŐR-MOSON-SOPRON,02,Győr,Lisszabon,25
GYŐR-MOSON-SOPRON,02,Győr,Ljubljana,1
GYŐR-MOSON-SOPRON,02,Győr,London,66
GYŐR-MOSON-SOPRON,02,Győr,Los Angeles,3
GYŐR-MOSON-SOPRON,02,Győr,Luanda,2
GYŐR-MOSON-SOPRON,02,Győr,Luxembourg,5
GYŐR-MOSON-SOPRON,02,Győr,Lyon,4
GYŐR-MOSON-SOPRON,02,Győr,Madrid,9
GYŐR-MOSON-SOPRON,02,Győr,Malaga,15
GYŐR-MOSON-SOPRON,02,Győr,Manchester,9
GYŐR-MOSON-SOPRON,02,Győr,Melbourne,1
GYŐR-MOSON-SOPRON,02,Győr,Miami,2
GYŐR-MOSON-SOPRON,02,Győr,Milánó,5
GYŐR-MOSON-SOPRON,02,Győr,Montreal,2
GYŐR-MOSON-SOPRON,02,Győr,München,42
GYŐR-MOSON-SOPRON,02,Győr,Nairobi,1
GYŐR-MOSON-SOPRON,02,Győr,New York,11
GYŐR-MOSON-SOPRON,02,Győr,Nicosia,7
GYŐR-MOSON-SOPRON,02,Győr,Nürnberg,10
GYŐR-MOSON-SOPRON,02,Győr,Osaka,3
GYŐR-MOSON-SOPRON,02,Győr,Osló,8
GYŐR-MOSON-SOPRON,02,Győr,Párizs,8
GYŐR-MOSON-SOPRON,02,Győr,Peking,6
GYŐR-MOSON-SOPRON,02,Győr,Prága,9
GYŐR-MOSON-SOPRON,02,Győr,Pretoria,1
GYŐR-MOSON-SOPRON,02,Győr,Róma,17
GYŐR-MOSON-SOPRON,02,Győr,San Francisco,1
GYŐR-MOSON-SOPRON,02,Győr,Sao Paulo,2
GYŐR-MOSON-SOPRON,02,Győr,Stockholm,6
GYŐR-MOSON-SOPRON,02,Győr,Strasbourg,1
GYŐR-MOSON-SOPRON,02,Győr,Stuttgart,23
GYŐR-MOSON-SOPRON,02,Győr,Szabadka,3
GYŐR-MOSON-SOPRON,02,Győr,Szarajevó,2
GYŐR-MOSON-SOPRON,02,Győr,Szingapúr,1
GYŐR-MOSON-SOPRON,02,Győr,Szkopje,1
GYŐR-MOSON-SOPRON,02,Győr,Szófia,1
GYŐR-MOSON-SOPRON,02,Győr,Szöul,6
GYŐR-MOSON-SOPRON,02,Győr,Tokió,4
GYŐR-MOSON-SOPRON,02,Győr,Toronto,2
GYŐR-MOSON-SOPRON,02,Győr,Ungvár,2
GYŐR-MOSON-SOPRON,02,Győr,Valletta,3
GYŐR-MOSON-SOPRON,02,Győr,Varsó,3
GYŐR-MOSON-SOPRON,02,Győr,Washington,1
GYŐR-MOSON-SOPRON,02,Győr,Wellington,1
GYŐR-MOSON-SOPRON,02,Győr,Wroclaw,1
GYŐR-MOSON-SOPRON,02,Győr,Zágráb,1
GYŐR-MOSON-SOPRON,03,Csorna,Abu Dhabi,1
GYŐR-MOSON-SOPRON,03,Csorna,Ankara,1
GYŐR-MOSON-SOPRON,03,Csorna,Athén,4
GYŐR-MOSON-SOPRON,03,Csorna,Bangkok,1
GYŐR-MOSON-SOPRON,03,Csorna,Barcelona,9
GYŐR-MOSON-SOPRON,03,Csorna,Bécs,18
GYŐR-MOSON-SOPRON,03,Csorna,Beregszász,6
GYŐR-MOSON-SOPRON,03,Csorna,Berlin,10
GYŐR-MOSON-SOPRON,03,Csorna,Bern,21
GYŐR-MOSON-SOPRON,03,Csorna,Brüsszel,13
GYŐR-MOSON-SOPRON,03,Csorna,Bukarest,1
GYŐR-MOSON-SOPRON,03,Csorna,Chicago,2
GYŐR-MOSON-SOPRON,03,Csorna,Csíkszereda,7
GYŐR-MOSON-SOPRON,03,Csorna,Dublin,9
GYŐR-MOSON-SOPRON,03,Csorna,Düsseldorf,7
GYŐR-MOSON-SOPRON,03,Csorna,Edinburgh,3
GYŐR-MOSON-SOPRON,03,Csorna,Hága,17
GYŐR-MOSON-SOPRON,03,Csorna,Hanoi,2
GYŐR-MOSON-SOPRON,03,Csorna,Helsinki,1
GYŐR-MOSON-SOPRON,03,Csorna,Ho Chi Minh Város,1
GYŐR-MOSON-SOPRON,03,Csorna,Hongkong,1
GYŐR-MOSON-SOPRON,03,Csorna,Innsbruck,10
GYŐR-MOSON-SOPRON,03,Csorna,Isztambul,1
GYŐR-MOSON-SOPRON,03,Csorna,Kairó,4
GYŐR-MOSON-SOPRON,03,Csorna,Kolozsvár,5
GYŐR-MOSON-SOPRON,03,Csorna,Koppenhága,6
GYŐR-MOSON-SOPRON,03,Csorna,Krakkó,2
GYŐR-MOSON-SOPRON,03,Csorna,Lisszabon,3
GYŐR-MOSON-SOPRON,03,Csorna,Ljubljana,1
GYŐR-MOSON-SOPRON,03,Csorna,London,32
GYŐR-MOSON-SOPRON,03,Csorna,Los Angeles,1
GYŐR-MOSON-SOPRON,03,Csorna,Luanda,1
GYŐR-MOSON-SOPRON,03,Csorna,Luxembourg,1
GYŐR-MOSON-SOPRON,03,Csorna,Madrid,12
GYŐR-MOSON-SOPRON,03,Csorna,Malaga,5
GYŐR-MOSON-SOPRON,03,Csorna,Manchester,7
GYŐR-MOSON-SOPRON,03,Csorna,Melbourne,1
GYŐR-MOSON-SOPRON,03,Csorna,Mexikóváros,2
GYŐR-MOSON-SOPRON,03,Csorna,Miami,2
GYŐR-MOSON-SOPRON,03,Csorna,München,19
GYŐR-MOSON-SOPRON,03,Csorna,New York,3
GYŐR-MOSON-SOPRON,03,Csorna,Nürnberg,3
GYŐR-MOSON-SOPRON,03,Csorna,Osaka,3
GYŐR-MOSON-SOPRON,03,Csorna,Osló,4
GYŐR-MOSON-SOPRON,03,Csorna,Párizs,4
GYŐR-MOSON-SOPRON,03,Csorna,Prága,6
GYŐR-MOSON-SOPRON,03,Csorna,Pretoria,1
GYŐR-MOSON-SOPRON,03,Csorna,Pristina,1
GYŐR-MOSON-SOPRON,03,Csorna,Rabat,1
GYŐR-MOSON-SOPRON,03,Csorna,Róma,7
GYŐR-MOSON-SOPRON,03,Csorna,San Francisco,3
GYŐR-MOSON-SOPRON,03,Csorna,Stockholm,4
GYŐR-MOSON-SOPRON,03,Csorna,Strasbourg,1
GYŐR-MOSON-SOPRON,03,Csorna,Stuttgart,19
GYŐR-MOSON-SOPRON,03,Csorna,Szabadka,2
GYŐR-MOSON-SOPRON,03,Csorna,Szarajevó,1
GYŐR-MOSON-SOPRON,03,Csorna,Szkopje,1
GYŐR-MOSON-SOPRON,03,Csorna,Tbiliszi,1
GYŐR-MOSON-SOPRON,03,Csorna,Tokió,4
GYŐR-MOSON-SOPRON,03,Csorna,Vancouver,1
GYŐR-MOSON-SOPRON,03,Csorna,Varsó,1
GYŐR-MOSON-SOPRON,03,Csorna,Washington,2
GYŐR-MOSON-SOPRON,03,Csorna,Wroclaw,1
GYŐR-MOSON-SOPRON,04,Sopron,Abu Dhabi,1
GYŐR-MOSON-SOPRON,04,Sopron,Ankara,1
GYŐR-MOSON-SOPRON,04,Sopron,Athén,2
GYŐR-MOSON-SOPRON,04,Sopron,Bangkok,6
GYŐR-MOSON-SOPRON,04,Sopron,Barcelona,17
GYŐR-MOSON-SOPRON,04,Sopron,Bécs,27
GYŐR-MOSON-SOPRON,04,Sopron,Belgrád,1
GYŐR-MOSON-SOPRON,04,Sopron,Beregszász,1
GYŐR-MOSON-SOPRON,04,Sopron,Berlin,21
GYŐR-MOSON-SOPRON,04,Sopron,Bern,35
GYŐR-MOSON-SOPRON,04,Sopron,Brazíliaváros,1
GYŐR-MOSON-SOPRON,04,Sopron,Brüsszel,10
GYŐR-MOSON-SOPRON,04,Sopron,Csíkszereda,19
GYŐR-MOSON-SOPRON,04,Sopron,Dublin,4
GYŐR-MOSON-SOPRON,04,Sopron,Düsseldorf,8
GYŐR-MOSON-SOPRON,04,Sopron,Edinburgh,9
GYŐR-MOSON-SOPRON,04,Sopron,Eszék,1
GYŐR-MOSON-SOPRON,04,Sopron,Genf,6
GYŐR-MOSON-SOPRON,04,Sopron,Hága,24
GYŐR-MOSON-SOPRON,04,Sopron,Helsinki,5
GYŐR-MOSON-SOPRON,04,Sopron,Hongkong,2
GYŐR-MOSON-SOPRON,04,Sopron,Innsbruck,14
GYŐR-MOSON-SOPRON,04,Sopron,Isztambul,2
GYŐR-MOSON-SOPRON,04,Sopron,Jakarta,1
GYŐR-MOSON-SOPRON,04,Sopron,Kairó,9
GYŐR-MOSON-SOPRON,04,Sopron,Kampala,1
GYŐR-MOSON-SOPRON,04,Sopron,Kolozsvár,8
GYŐR-MOSON-SOPRON,04,Sopron,Koppenhága,15
GYŐR-MOSON-SOPRON,04,Sopron,Krakkó,2
GYŐR-MOSON-SOPRON,04,Sopron,Kuala Lumpur,1
GYŐR-MOSON-SOPRON,04,Sopron,Lisszabon,17
GYŐR-MOSON-SOPRON,04,Sopron,Ljubljana,1
GYŐR-MOSON-SOPRON,04,Sopron,London,37
GYŐR-MOSON-SOPRON,04,Sopron,Los Angeles,3
GYŐR-MOSON-SOPRON,04,Sopron,Luxembourg,2
GYŐR-MOSON-SOPRON,04,Sopron,Lyon,1
GYŐR-MOSON-SOPRON,04,Sopron,Madrid,12
GYŐR-MOSON-SOPRON,04,Sopron,Malaga,5
GYŐR-MOSON-SOPRON,04,Sopron,Manchester,12
GYŐR-MOSON-SOPRON,04,Sopron,Melbourne,5
GYŐR-MOSON-SOPRON,04,Sopron,Miami,1
GYŐR-MOSON-SOPRON,04,Sopron,Milánó,12
GYŐR-MOSON-SOPRON,04,Sopron,Moszkva,1
GYŐR-MOSON-SOPRON,04,Sopron,Mumbai,1
GYŐR-MOSON-SOPRON,04,Sopron,München,24
GYŐR-MOSON-SOPRON,04,Sopron,New York,6
GYŐR-MOSON-SOPRON,04,Sopron,Nicosia,2
GYŐR-MOSON-SOPRON,04,Sopron,Nürnberg,11
GYŐR-MOSON-SOPRON,04,Sopron,Osaka,1
GYŐR-MOSON-SOPRON,04,Sopron,Ottawa,1
GYŐR-MOSON-SOPRON,04,Sopron,Párizs,19
GYŐR-MOSON-SOPRON,04,Sopron,Prága,10
GYŐR-MOSON-SOPRON,04,Sopron,Pretoria,3
GYŐR-MOSON-SOPRON,04,Sopron,Rabat,3
GYŐR-MOSON-SOPRON,04,Sopron,Riga,1
GYŐR-MOSON-SOPRON,04,Sopron,Róma,13
GYŐR-MOSON-SOPRON,04,Sopron,San Francisco,3
GYŐR-MOSON-SOPRON,04,Sopron,Sanghaj,2
GYŐR-MOSON-SOPRON,04,Sopron,Stockholm,3
GYŐR-MOSON-SOPRON,04,Sopron,Strasbourg,2
GYŐR-MOSON-SOPRON,04,Sopron,Stuttgart,7
GYŐR-MOSON-SOPRON,04,Sopron,Sydney,3
GYŐR-MOSON-SOPRON,04,Sopron,Szabadka,6
GYŐR-MOSON-SOPRON,04,Sopron,Szingapúr,4
GYŐR-MOSON-SOPRON,04,Sopron,Szöul,2
GYŐR-MOSON-SOPRON,04,Sopron,Tokió,1
GYŐR-MOSON-SOPRON,04,Sopron,Toronto,1
GYŐR-MOSON-SOPRON,04,Sopron,Valletta,14
GYŐR-MOSON-SOPRON,04,Sopron,Vancouver,1
GYŐR-MOSON-SOPRON,04,Sopron,Varsó,4
GYŐR-MOSON-SOPRON,04,Sopron,Vilnius,1
GYŐR-MOSON-SOPRON,04,Sopron,Washington,4
GYŐR-MOSON-SOPRON,04,Sopron,Wellington,1
GYŐR-MOSON-SOPRON,05,Mosonmagyaróvár,Abu Dhabi,2
GYŐR-MOSON-SOPRON,05,Mosonmagyaróvár,Ankara,1
GYŐR-MOSON-SOPRON,05,Mosonmagyaróvár,Athén,1
GYŐR-MOSON-SOPRON,05,Mosonmagyaróvár,Bangkok,5
GYŐR-MOSON-SOPRON,05,Mosonmagyaróvár,Barcelona,15
GYŐR-MOSON-SOPRON,05,Mosonmagyaróvár,Bécs,26
GYŐR-MOSON-SOPRON,05,Mosonmagyaróvár,Beregszász,2
GYŐR-MOSON-SOPRON,05,Mosonmagyaróvár,Berlin,20
GYŐR-MOSON-SOPRON,05,Mosonmagyaróvár,Bern,29
GYŐR-MOSON-SOPRON,05,Mosonmagyaróvár,Brüsszel,12
GYŐR-MOSON-SOPRON,05,Mosonmagyaróvár,Csíkszereda,22
GYŐR-MOSON-SOPRON,05,Mosonmagyaróvár,Dublin,17
GYŐR-MOSON-SOPRON,05,Mosonmagyaróvár,Düsseldorf,14
GYŐR-MOSON-SOPRON,05,Mosonmagyaróvár,Edinburgh,7
GYŐR-MOSON-SOPRON,05,Mosonmagyaróvár,Gdansk,2
GYŐR-MOSON-SOPRON,05,Mosonmagyaróvár,Genf,2
GYŐR-MOSON-SOPRON,05,Mosonmagyaróvár,Hága,33
GYŐR-MOSON-SOPRON,05,Mosonmagyaróvár,Hanoi,3
GYŐR-MOSON-SOPRON,05,Mosonmagyaróvár,Helsinki,4
GYŐR-MOSON-SOPRON,05,Mosonmagyaróvár,Hongkong,2
GYŐR-MOSON-SOPRON,05,Mosonmagyaróvár,Houston,1
GYŐR-MOSON-SOPRON,05,Mosonmagyaróvár,Innsbruck,13
GYŐR-MOSON-SOPRON,05,Mosonmagyaróvár,Jakarta,3
GYŐR-MOSON-SOPRON,05,Mosonmagyaróvár,Kairó,2
GYŐR-MOSON-SOPRON,05,Mosonmagyaróvár,Kolozsvár,3
GYŐR-MOSON-SOPRON,05,Mosonmagyaróvár,Koppenhága,12
GYŐR-MOSON-SOPRON,05,Mosonmagyaróvár,Krakkó,1
GYŐR-MOSON-SOPRON,05,Mosonmagyaróvár,Lisszabon,9
GYŐR-MOSON-SOPRON,05,Mosonmagyaróvár,London,30
GYŐR-MOSON-SOPRON,05,Mosonmagyaróvár,Los Angeles,2
GYŐR-MOSON-SOPRON,05,Mosonmagyaróvár,Lusaka,1
GYŐR-MOSON-SOPRON,05,Mosonmagyaróvár,Luxembourg,9
GYŐR-MOSON-SOPRON,05,Mosonmagyaróvár,Lyon,2
GYŐR-MOSON-SOPRON,05,Mosonmagyaróvár,Madrid,19
GYŐR-MOSON-SOPRON,05,Mosonmagyaróvár,Malaga,16
GYŐR-MOSON-SOPRON,05,Mosonmagyaróvár,Manchester,6
GYŐR-MOSON-SOPRON,05,Mosonmagyaróvár,Melbourne,2
GYŐR-MOSON-SOPRON,05,Mosonmagyaróvár,Miami,1
GYŐR-MOSON-SOPRON,05,Mosonmagyaróvár,Milánó,4
GYŐR-MOSON-SOPRON,05,Mosonmagyaróvár,München,40
GYŐR-MOSON-SOPRON,05,Mosonmagyaróvár,New York,1
GYŐR-MOSON-SOPRON,05,Mosonmagyaróvár,Nicosia,2
GYŐR-MOSON-SOPRON,05,Mosonmagyaróvár,Nürnberg,10
GYŐR-MOSON-SOPRON,05,Mosonmagyaróvár,Osaka,3
GYŐR-MOSON-SOPRON,05,Mosonmagyaróvár,Osló,3
GYŐR-MOSON-SOPRON,05,Mosonmagyaróvár,Párizs,9
GYŐR-MOSON-SOPRON,05,Mosonmagyaróvár,Peking,1
GYŐR-MOSON-SOPRON,05,Mosonmagyaróvár,Podgorica,3
GYŐR-MOSON-SOPRON,05,Mosonmagyaróvár,Prága,5
GYŐR-MOSON-SOPRON,05,Mosonmagyaróvár,Pristina,1
GYŐR-MOSON-SOPRON,05,Mosonmagyaróvár,Rabat,2
GYŐR-MOSON-SOPRON,05,Mosonmagyaróvár,Riga,1
GYŐR-MOSON-SOPRON,05,Mosonmagyaróvár,Róma,19
GYŐR-MOSON-SOPRON,05,Mosonmagyaróvár,Sao Paulo,1
GYŐR-MOSON-SOPRON,05,Mosonmagyaróvár,Stockholm,7
GYŐR-MOSON-SOPRON,05,Mosonmagyaróvár,Strasbourg,5
GYŐR-MOSON-SOPRON,05,Mosonmagyaróvár,Stuttgart,24
GYŐR-MOSON-SOPRON,05,Mosonmagyaróvár,Sydney,1
GYŐR-MOSON-SOPRON,05,Mosonmagyaróvár,Szabadka,2
GYŐR-MOSON-SOPRON,05,Mosonmagyaróvár,Szarajevó,1
GYŐR-MOSON-SOPRON,05,Mosonmagyaróvár,Szentpétervár,1
GYŐR-MOSON-SOPRON,05,Mosonmagyaróvár,Szingapúr,2
GYŐR-MOSON-SOPRON,05,Mosonmagyaróvár,Szófia,3
GYŐR-MOSON-SOPRON,05,Mosonmagyaróvár,Szöul,3
GYŐR-MOSON-SOPRON,05,Mosonmagyaróvár,Tallinn,1
GYŐR-MOSON-SOPRON,05,Mosonmagyaróvár,Tel-Aviv,3
GYŐR-MOSON-SOPRON,05,Mosonmagyaróvár,Tokió,5
GYŐR-MOSON-SOPRON,05,Mosonmagyaróvár,Toronto,3
GYŐR-MOSON-SOPRON,05,Mosonmagyaróvár,Ungvár,1
GYŐR-MOSON-SOPRON,05,Mosonmagyaróvár,Valletta,6
GYŐR-MOSON-SOPRON,05,Mosonmagyaróvár,Vancouver,1
GYŐR-MOSON-SOPRON,05,Mosonmagyaróvár,Varsó,3
GYŐR-MOSON-SOPRON,05,Mosonmagyaróvár,Washington,1
HAJDÚ-BIHAR,01,Debrecen,Abu Dhabi,7
HAJDÚ-BIHAR,01,Debrecen,Abuja,1
HAJDÚ-BIHAR,01,Debrecen,Athén,1
HAJDÚ-BIHAR,01,Debrecen,Baku,3
HAJDÚ-BIHAR,01,Debrecen,Bangkok,1
HAJDÚ-BIHAR,01,Debrecen,Barcelona,14
HAJDÚ-BIHAR,01,Debrecen,Bécs,36
HAJDÚ-BIHAR,01,Debrecen,Belgrád,1
HAJDÚ-BIHAR,01,Debrecen,Beregszász,12
HAJDÚ-BIHAR,01,Debrecen,Berlin,19
HAJDÚ-BIHAR,01,Debrecen,Bern,40
HAJDÚ-BIHAR,01,Debrecen,Brüsszel,37
HAJDÚ-BIHAR,01,Debrecen,Buenos Aires,2
HAJDÚ-BIHAR,01,Debrecen,Bukarest,1
HAJDÚ-BIHAR,01,Debrecen,Chicago,7
HAJDÚ-BIHAR,01,Debrecen,Csíkszereda,17
HAJDÚ-BIHAR,01,Debrecen,Csungking,8
HAJDÚ-BIHAR,01,Debrecen,Doha,1
HAJDÚ-BIHAR,01,Debrecen,Dublin,20
HAJDÚ-BIHAR,01,Debrecen,Düsseldorf,31
HAJDÚ-BIHAR,01,Debrecen,Edinburgh,27
HAJDÚ-BIHAR,01,Debrecen,Genf,9
HAJDÚ-BIHAR,01,Debrecen,Hága,72
HAJDÚ-BIHAR,01,Debrecen,Hanoi,2
HAJDÚ-BIHAR,01,Debrecen,Helsinki,13
HAJDÚ-BIHAR,01,Debrecen,Houston,10
HAJDÚ-BIHAR,01,Debrecen,Innsbruck,12
HAJDÚ-BIHAR,01,Debrecen,Isztambul,1
HAJDÚ-BIHAR,01,Debrecen,Jakarta,4
HAJDÚ-BIHAR,01,Debrecen,Kolozsvár,9
HAJDÚ-BIHAR,01,Debrecen,Koppenhága,32
HAJDÚ-BIHAR,01,Debrecen,Krakkó,2
HAJDÚ-BIHAR,01,Debrecen,Kuala Lumpur,1
HAJDÚ-BIHAR,01,Debrecen,Lisszabon,8
HAJDÚ-BIHAR,01,Debrecen,Ljubljana,6
HAJDÚ-BIHAR,01,Debrecen,London,144
HAJDÚ-BIHAR,01,Debrecen,Los Angeles,2
HAJDÚ-BIHAR,01,Debrecen,Luxembourg,12
HAJDÚ-BIHAR,01,Debrecen,Lyon,2
HAJDÚ-BIHAR,01,Debrecen,Madrid,13
HAJDÚ-BIHAR,01,Debrecen,Malaga,21
HAJDÚ-BIHAR,01,Debrecen,Manchester,23
HAJDÚ-BIHAR,01,Debrecen,Melbourne,1
HAJDÚ-BIHAR,01,Debrecen,Miami,10
HAJDÚ-BIHAR,01,Debrecen,Milánó,23
HAJDÚ-BIHAR,01,Debrecen,Montreal,1
HAJDÚ-BIHAR,01,Debrecen,Moszkva,1
HAJDÚ-BIHAR,01,Debrecen,München,49
HAJDÚ-BIHAR,01,Debrecen,New York,14
HAJDÚ-BIHAR,01,Debrecen,Nicosia,6
HAJDÚ-BIHAR,01,Debrecen,Nürnberg,17
HAJDÚ-BIHAR,01,Debrecen,Osaka,4
HAJDÚ-BIHAR,01,Debrecen,Osló,7
HAJDÚ-BIHAR,01,Debrecen,Ottawa,4
HAJDÚ-BIHAR,01,Debrecen,Párizs,21
HAJDÚ-BIHAR,01,Debrecen,Peking,2
HAJDÚ-BIHAR,01,Debrecen,Prága,5
HAJDÚ-BIHAR,01,Debrecen,Pristina,30
HAJDÚ-BIHAR,01,Debrecen,Rabat,1
HAJDÚ-BIHAR,01,Debrecen,Róma,21
HAJDÚ-BIHAR,01,Debrecen,San Francisco,2
HAJDÚ-BIHAR,01,Debrecen,Sanghaj,3
HAJDÚ-BIHAR,01,Debrecen,Santiago de Chile,1
HAJDÚ-BIHAR,01,Debrecen,Sao Paulo,1
HAJDÚ-BIHAR,01,Debrecen,Stockholm,15
HAJDÚ-BIHAR,01,Debrecen,Strasbourg,5
HAJDÚ-BIHAR,01,Debrecen,Stuttgart,48
HAJDÚ-BIHAR,01,Debrecen,Sydney,5
HAJDÚ-BIHAR,01,Debrecen,Szabadka,1
HAJDÚ-BIHAR,01,Debrecen,Szarajevó,1
HAJDÚ-BIHAR,01,Debrecen,Szófia,1
HAJDÚ-BIHAR,01,Debrecen,Szöul,8
HAJDÚ-BIHAR,01,Debrecen,Tallinn,2
HAJDÚ-BIHAR,01,Debrecen,Tel-Aviv,1
HAJDÚ-BIHAR,01,Debrecen,Tirana,1
HAJDÚ-BIHAR,01,Debrecen,Tokió,7
HAJDÚ-BIHAR,01,Debrecen,Toronto,9
HAJDÚ-BIHAR,01,Debrecen,Újdelhi,1
HAJDÚ-BIHAR,01,Debrecen,Ungvár,4
HAJDÚ-BIHAR,01,Debrecen,Valletta,7
HAJDÚ-BIHAR,01,Debrecen,Vancouver,1
HAJDÚ-BIHAR,01,Debrecen,Varsó,5
HAJDÚ-BIHAR,01,Debrecen,Washington,3
HAJDÚ-BIHAR,01,Debrecen,Wellington,1
HAJDÚ-BIHAR,01,Debrecen,Zágráb,1
HAJDÚ-BIHAR,02,Debrecen,Athén,2
HAJDÚ-BIHAR,02,Debrecen,Bangkok,3
HAJDÚ-BIHAR,02,Debrecen,Barcelona,20
HAJDÚ-BIHAR,02,Debrecen,Bécs,21
HAJDÚ-BIHAR,02,Debrecen,Beregszász,14
HAJDÚ-BIHAR,02,Debrecen,Berlin,24
HAJDÚ-BIHAR,02,Debrecen,Bern,41
HAJDÚ-BIHAR,02,Debrecen,Bogota,1
HAJDÚ-BIHAR,02,Debrecen,Brüsszel,25
HAJDÚ-BIHAR,02,Debrecen,Bukarest,2
HAJDÚ-BIHAR,02,Debrecen,Chicago,4
HAJDÚ-BIHAR,02,Debrecen,Csíkszereda,25
HAJDÚ-BIHAR,02,Debrecen,Csungking,1
HAJDÚ-BIHAR,02,Debrecen,Dublin,28
HAJDÚ-BIHAR,02,Debrecen,Düsseldorf,30
HAJDÚ-BIHAR,02,Debrecen,Edinburgh,23
HAJDÚ-BIHAR,02,Debrecen,Gdansk,2
HAJDÚ-BIHAR,02,Debrecen,Genf,6
HAJDÚ-BIHAR,02,Debrecen,Hága,67
HAJDÚ-BIHAR,02,Debrecen,Hanoi,1
HAJDÚ-BIHAR,02,Debrecen,Helsinki,9
HAJDÚ-BIHAR,02,Debrecen,Hongkong,2
HAJDÚ-BIHAR,02,Debrecen,Houston,5
HAJDÚ-BIHAR,02,Debrecen,Innsbruck,15
HAJDÚ-BIHAR,02,Debrecen,Isztambul,3
HAJDÚ-BIHAR,02,Debrecen,Jakarta,1
HAJDÚ-BIHAR,02,Debrecen,Kolozsvár,9
HAJDÚ-BIHAR,02,Debrecen,Koppenhága,37
HAJDÚ-BIHAR,02,Debrecen,Krakkó,1
HAJDÚ-BIHAR,02,Debrecen,Kuangcsou,1
HAJDÚ-BIHAR,02,Debrecen,Lisszabon,5
HAJDÚ-BIHAR,02,Debrecen,Ljubljana,3
HAJDÚ-BIHAR,02,Debrecen,London,105
HAJDÚ-BIHAR,02,Debrecen,Los Angeles,3
HAJDÚ-BIHAR,02,Debrecen,Luxembourg,6
HAJDÚ-BIHAR,02,Debrecen,Lyon,5
HAJDÚ-BIHAR,02,Debrecen,Madrid,18
HAJDÚ-BIHAR,02,Debrecen,Malaga,10
HAJDÚ-BIHAR,02,Debrecen,Manchester,32
HAJDÚ-BIHAR,02,Debrecen,Melbourne,2
HAJDÚ-BIHAR,02,Debrecen,Miami,9
HAJDÚ-BIHAR,02,Debrecen,Milánó,14
HAJDÚ-BIHAR,02,Debrecen,München,46
HAJDÚ-BIHAR,02,Debrecen,New York,6
HAJDÚ-BIHAR,02,Debrecen,Nicosia,5
HAJDÚ-BIHAR,02,Debrecen,Nürnberg,15
HAJDÚ-BIHAR,02,Debrecen,Osló,4
HAJDÚ-BIHAR,02,Debrecen,Párizs,19
HAJDÚ-BIHAR,02,Debrecen,Pozsony,3
HAJDÚ-BIHAR,02,Debrecen,Prága,6
HAJDÚ-BIHAR,02,Debrecen,Pristina,22
HAJDÚ-BIHAR,02,Debrecen,Rabat,1
HAJDÚ-BIHAR,02,Debrecen,Rijád,1
HAJDÚ-BIHAR,02,Debrecen,Róma,13
HAJDÚ-BIHAR,02,Debrecen,San Francisco,6
HAJDÚ-BIHAR,02,Debrecen,Sanghaj,3
HAJDÚ-BIHAR,02,Debrecen,Sao Paulo,2
HAJDÚ-BIHAR,02,Debrecen,Stockholm,6
HAJDÚ-BIHAR,02,Debrecen,Strasbourg,7
HAJDÚ-BIHAR,02,Debrecen,Stuttgart,33
HAJDÚ-BIHAR,02,Debrecen,Sydney,2
HAJDÚ-BIHAR,02,Debrecen,Szarajevó,1
HAJDÚ-BIHAR,02,Debrecen,Szingapúr,1
HAJDÚ-BIHAR,02,Debrecen,Szófia,1
HAJDÚ-BIHAR,02,Debrecen,Szöul,2
HAJDÚ-BIHAR,02,Debrecen,Tirana,4
HAJDÚ-BIHAR,02,Debrecen,Toronto,7
HAJDÚ-BIHAR,02,Debrecen,Ulánbátor,2
HAJDÚ-BIHAR,02,Debrecen,Ungvár,3
HAJDÚ-BIHAR,02,Debrecen,Valletta,6
HAJDÚ-BIHAR,02,Debrecen,Vancouver,2
HAJDÚ-BIHAR,02,Debrecen,Varsó,2
HAJDÚ-BIHAR,02,Debrecen,Washington,1
HAJDÚ-BIHAR,02,Debrecen,Wellington,2
HAJDÚ-BIHAR,03,Debrecen,Abu Dhabi,1
HAJDÚ-BIHAR,03,Debrecen,Almati,1
HAJDÚ-BIHAR,03,Debrecen,Ankara,1
HAJDÚ-BIHAR,03,Debrecen,Athén,1
HAJDÚ-BIHAR,03,Debrecen,Baku,1
HAJDÚ-BIHAR,03,Debrecen,Bangkok,2
HAJDÚ-BIHAR,03,Debrecen,Barcelona,7
HAJDÚ-BIHAR,03,Debrecen,Bécs,20
HAJDÚ-BIHAR,03,Debrecen,Beregszász,9
HAJDÚ-BIHAR,03,Debrecen,Berlin,11
HAJDÚ-BIHAR,03,Debrecen,Bern,33
HAJDÚ-BIHAR,03,Debrecen,Brüsszel,15
HAJDÚ-BIHAR,03,Debrecen,Buenos Aires,1
HAJDÚ-BIHAR,03,Debrecen,Bukarest,3
HAJDÚ-BIHAR,03,Debrecen,Chicago,1
HAJDÚ-BIHAR,03,Debrecen,Csíkszereda,20
HAJDÚ-BIHAR,03,Debrecen,Csungking,4
HAJDÚ-BIHAR,03,Debrecen,Dublin,18
HAJDÚ-BIHAR,03,Debrecen,Düsseldorf,17
HAJDÚ-BIHAR,03,Debrecen,Edinburgh,12
HAJDÚ-BIHAR,03,Debrecen,Gdansk,1
HAJDÚ-BIHAR,03,Debrecen,Genf,4
HAJDÚ-BIHAR,03,Debrecen,Hága,32
HAJDÚ-BIHAR,03,Debrecen,Hanoi,4
HAJDÚ-BIHAR,03,Debrecen,Helsinki,4
HAJDÚ-BIHAR,03,Debrecen,Hongkong,1
HAJDÚ-BIHAR,03,Debrecen,Innsbruck,19
HAJDÚ-BIHAR,03,Debrecen,Isztambul,3
HAJDÚ-BIHAR,03,Debrecen,Jereván,1
HAJDÚ-BIHAR,03,Debrecen,Kassa,1
HAJDÚ-BIHAR,03,Debrecen,Kolozsvár,10
HAJDÚ-BIHAR,03,Debrecen,Koppenhága,16
HAJDÚ-BIHAR,03,Debrecen,Krakkó,4
HAJDÚ-BIHAR,03,Debrecen,Lima,1
HAJDÚ-BIHAR,03,Debrecen,Lisszabon,2
HAJDÚ-BIHAR,03,Debrecen,Ljubljana,2
HAJDÚ-BIHAR,03,Debrecen,London,67
HAJDÚ-BIHAR,03,Debrecen,Los Angeles,1
HAJDÚ-BIHAR,03,Debrecen,Luxembourg,13
HAJDÚ-BIHAR,03,Debrecen,Lyon,2
HAJDÚ-BIHAR,03,Debrecen,Madrid,7
HAJDÚ-BIHAR,03,Debrecen,Malaga,6
HAJDÚ-BIHAR,03,Debrecen,Manchester,16
HAJDÚ-BIHAR,03,Debrecen,Melbourne,1
HAJDÚ-BIHAR,03,Debrecen,Mexikóváros,1
HAJDÚ-BIHAR,03,Debrecen,Miami,2
HAJDÚ-BIHAR,03,Debrecen,Milánó,4
HAJDÚ-BIHAR,03,Debrecen,München,30
HAJDÚ-BIHAR,03,Debrecen,New York,7
HAJDÚ-BIHAR,03,Debrecen,Nicosia,5
HAJDÚ-BIHAR,03,Debrecen,Nürnberg,10
HAJDÚ-BIHAR,03,Debrecen,Osaka,3
HAJDÚ-BIHAR,03,Debrecen,Osló,6
HAJDÚ-BIHAR,03,Debrecen,Párizs,3
HAJDÚ-BIHAR,03,Debrecen,Peking,1
HAJDÚ-BIHAR,03,Debrecen,Prága,3
HAJDÚ-BIHAR,03,Debrecen,Pristina,24
HAJDÚ-BIHAR,03,Debrecen,Riga,1
HAJDÚ-BIHAR,03,Debrecen,Rijád,1
HAJDÚ-BIHAR,03,Debrecen,Róma,5
HAJDÚ-BIHAR,03,Debrecen,Stockholm,13
HAJDÚ-BIHAR,03,Debrecen,Strasbourg,2
HAJDÚ-BIHAR,03,Debrecen,Stuttgart,32
HAJDÚ-BIHAR,03,Debrecen,Szabadka,1
HAJDÚ-BIHAR,03,Debrecen,Szarajevó,2
HAJDÚ-BIHAR,03,Debrecen,Szófia,1
HAJDÚ-BIHAR,03,Debrecen,Szöul,3
HAJDÚ-BIHAR,03,Debrecen,Tirana,2
HAJDÚ-BIHAR,03,Debrecen,Tokió,2
HAJDÚ-BIHAR,03,Debrecen,Toronto,1
HAJDÚ-BIHAR,03,Debrecen,Ungvár,2
HAJDÚ-BIHAR,03,Debrecen,Valletta,8
HAJDÚ-BIHAR,03,Debrecen,Varsó,2
HAJDÚ-BIHAR,03,Debrecen,Washington,1
HAJDÚ-BIHAR,03,Debrecen,Wroclaw,3
HAJDÚ-BIHAR,04,Berettyóújfalu,Abu Dhabi,1
HAJDÚ-BIHAR,04,Berettyóújfalu,Athén,1
HAJDÚ-BIHAR,04,Berettyóújfalu,Barcelona,7
HAJDÚ-BIHAR,04,Berettyóújfalu,Bécs,18
HAJDÚ-BIHAR,04,Berettyóújfalu,Beregszász,2
HAJDÚ-BIHAR,04,Berettyóújfalu,Berlin,14
HAJDÚ-BIHAR,04,Berettyóújfalu,Bern,14
HAJDÚ-BIHAR,04,Berettyóújfalu,Brüsszel,10
HAJDÚ-BIHAR,04,Berettyóújfalu,Bukarest,1
HAJDÚ-BIHAR,04,Berettyóújfalu,Chicago,1
HAJDÚ-BIHAR,04,Berettyóújfalu,Csíkszereda,30
HAJDÚ-BIHAR,04,Berettyóújfalu,Csungking,2
HAJDÚ-BIHAR,04,Berettyóújfalu,Dublin,8
HAJDÚ-BIHAR,04,Berettyóújfalu,Düsseldorf,15
HAJDÚ-BIHAR,04,Berettyóújfalu,Edinburgh,12
HAJDÚ-BIHAR,04,Berettyóújfalu,Genf,1
HAJDÚ-BIHAR,04,Berettyóújfalu,Hága,23
HAJDÚ-BIHAR,04,Berettyóújfalu,Havanna,1
HAJDÚ-BIHAR,04,Berettyóújfalu,Helsinki,2
HAJDÚ-BIHAR,04,Berettyóújfalu,Innsbruck,13
HAJDÚ-BIHAR,04,Berettyóújfalu,Isztambul,2
HAJDÚ-BIHAR,04,Berettyóújfalu,Kolozsvár,12
HAJDÚ-BIHAR,04,Berettyóújfalu,Koppenhága,17
HAJDÚ-BIHAR,04,Berettyóújfalu,Krakkó,2
HAJDÚ-BIHAR,04,Berettyóújfalu,Lisszabon,2
HAJDÚ-BIHAR,04,Berettyóújfalu,Ljubljana,3
HAJDÚ-BIHAR,04,Berettyóújfalu,London,57
HAJDÚ-BIHAR,04,Berettyóújfalu,Luxembourg,3
HAJDÚ-BIHAR,04,Berettyóújfalu,Lyon,1
HAJDÚ-BIHAR,04,Berettyóújfalu,Madrid,1
HAJDÚ-BIHAR,04,Berettyóújfalu,Malaga,4
HAJDÚ-BIHAR,04,Berettyóújfalu,Manchester,11
HAJDÚ-BIHAR,04,Berettyóújfalu,Miami,1
HAJDÚ-BIHAR,04,Berettyóújfalu,Milánó,1
HAJDÚ-BIHAR,04,Berettyóújfalu,München,27
HAJDÚ-BIHAR,04,Berettyóújfalu,New York,3
HAJDÚ-BIHAR,04,Berettyóújfalu,Nicosia,1
HAJDÚ-BIHAR,04,Berettyóújfalu,Nürnberg,5
HAJDÚ-BIHAR,04,Berettyóújfalu,Osaka,1
HAJDÚ-BIHAR,04,Berettyóújfalu,Osló,1
HAJDÚ-BIHAR,04,Berettyóújfalu,Párizs,7
HAJDÚ-BIHAR,04,Berettyóújfalu,Prága,6
HAJDÚ-BIHAR,04,Berettyóújfalu,Pretoria,1
HAJDÚ-BIHAR,04,Berettyóújfalu,Pristina,15
HAJDÚ-BIHAR,04,Berettyóújfalu,San Francisco,1
HAJDÚ-BIHAR,04,Berettyóújfalu,Stockholm,2
HAJDÚ-BIHAR,04,Berettyóújfalu,Stuttgart,26
HAJDÚ-BIHAR,04,Berettyóújfalu,Szöul,3
HAJDÚ-BIHAR,04,Berettyóújfalu,Tirana,3
HAJDÚ-BIHAR,04,Berettyóújfalu,Valletta,2
HAJDÚ-BIHAR,04,Berettyóújfalu,Vancouver,2
HAJDÚ-BIHAR,04,Berettyóújfalu,Washington,2
HAJDÚ-BIHAR,05,Hajdúszoboszló,Abu Dhabi,1
HAJDÚ-BIHAR,05,Hajdúszoboszló,Athén,1
HAJDÚ-BIHAR,05,Hajdúszoboszló,Barcelona,4
HAJDÚ-BIHAR,05,Hajdúszoboszló,Bécs,9
HAJDÚ-BIHAR,05,Hajdúszoboszló,Belgrád,1
HAJDÚ-BIHAR,05,Hajdúszoboszló,Beregszász,3
HAJDÚ-BIHAR,05,Hajdúszoboszló,Berlin,10
HAJDÚ-BIHAR,05,Hajdúszoboszló,Bern,26
HAJDÚ-BIHAR,05,Hajdúszoboszló,Bogota,1
HAJDÚ-BIHAR,05,Hajdúszoboszló,Brüsszel,11
HAJDÚ-BIHAR,05,Hajdúszoboszló,Bukarest,2
HAJDÚ-BIHAR,05,Hajdúszoboszló,Chicago,3
HAJDÚ-BIHAR,05,Hajdúszoboszló,Csíkszereda,17
HAJDÚ-BIHAR,05,Hajdúszoboszló,Dublin,25
HAJDÚ-BIHAR,05,Hajdúszoboszló,Düsseldorf,20
HAJDÚ-BIHAR,05,Hajdúszoboszló,Edinburgh,5
HAJDÚ-BIHAR,05,Hajdúszoboszló,Gdansk,1
HAJDÚ-BIHAR,05,Hajdúszoboszló,Genf,2
HAJDÚ-BIHAR,05,Hajdúszoboszló,Hága,31
HAJDÚ-BIHAR,05,Hajdúszoboszló,Havanna,1
HAJDÚ-BIHAR,05,Hajdúszoboszló,Helsinki,5
HAJDÚ-BIHAR,05,Hajdúszoboszló,Houston,1
HAJDÚ-BIHAR,05,Hajdúszoboszló,Innsbruck,9
HAJDÚ-BIHAR,05,Hajdúszoboszló,Isztambul,4
HAJDÚ-BIHAR,05,Hajdúszoboszló,Kolozsvár,18
HAJDÚ-BIHAR,05,Hajdúszoboszló,Koppenhága,10
HAJDÚ-BIHAR,05,Hajdúszoboszló,Kuala Lumpur,1
HAJDÚ-BIHAR,05,Hajdúszoboszló,Kuvait,2
HAJDÚ-BIHAR,05,Hajdúszoboszló,Lima,1
HAJDÚ-BIHAR,05,Hajdúszoboszló,Lisszabon,2
HAJDÚ-BIHAR,05,Hajdúszoboszló,London,79
HAJDÚ-BIHAR,05,Hajdúszoboszló,Luxembourg,6
HAJDÚ-BIHAR,05,Hajdúszoboszló,Madrid,1
HAJDÚ-BIHAR,05,Hajdúszoboszló,Malaga,15
HAJDÚ-BIHAR,05,Hajdúszoboszló,Manchester,22
HAJDÚ-BIHAR,05,Hajdúszoboszló,Maszkat,1
HAJDÚ-BIHAR,05,Hajdúszoboszló,Miami,1
HAJDÚ-BIHAR,05,Hajdúszoboszló,Milánó,7
HAJDÚ-BIHAR,05,Hajdúszoboszló,München,45
HAJDÚ-BIHAR,05,Hajdúszoboszló,New York,2
HAJDÚ-BIHAR,05,Hajdúszoboszló,Nicosia,4
HAJDÚ-BIHAR,05,Hajdúszoboszló,Nürnberg,12
HAJDÚ-BIHAR,05,Hajdúszoboszló,Osló,1
HAJDÚ-BIHAR,05,Hajdúszoboszló,Párizs,11
HAJDÚ-BIHAR,05,Hajdúszoboszló,Peking,3
HAJDÚ-BIHAR,05,Hajdúszoboszló,Pozsony,1
HAJDÚ-BIHAR,05,Hajdúszoboszló,Pristina,14
HAJDÚ-BIHAR,05,Hajdúszoboszló,Riga,1
HAJDÚ-BIHAR,05,Hajdúszoboszló,Rijád,1
HAJDÚ-BIHAR,05,Hajdúszoboszló,Róma,5
HAJDÚ-BIHAR,05,Hajdúszoboszló,Stockholm,3
HAJDÚ-BIHAR,05,Hajdúszoboszló,Strasbourg,1
HAJDÚ-BIHAR,05,Hajdúszoboszló,Stuttgart,35
HAJDÚ-BIHAR,05,Hajdúszoboszló,Szingapúr,1
HAJDÚ-BIHAR,05,Hajdúszoboszló,Szöul,1
HAJDÚ-BIHAR,05,Hajdúszoboszló,Tallinn,1
HAJDÚ-BIHAR,05,Hajdúszoboszló,Tel-Aviv,1
HAJDÚ-BIHAR,05,Hajdúszoboszló,Tokió,1
HAJDÚ-BIHAR,05,Hajdúszoboszló,Toronto,1
HAJDÚ-BIHAR,05,Hajdúszoboszló,Ungvár,2
HAJDÚ-BIHAR,05,Hajdúszoboszló,Valletta,3
HAJDÚ-BIHAR,05,Hajdúszoboszló,Varsó,4
HAJDÚ-BIHAR,05,Hajdúszoboszló,Washington,2
HAJDÚ-BIHAR,05,Hajdúszoboszló,Zágráb,4
HAJDÚ-BIHAR,06,Hajdúböszörmény,Bangkok,2
HAJDÚ-BIHAR,06,Hajdúböszörmény,Barcelona,3
HAJDÚ-BIHAR,06,Hajdúböszörmény,Bécs,16
HAJDÚ-BIHAR,06,Hajdúböszörmény,Beregszász,1
HAJDÚ-BIHAR,06,Hajdúböszörmény,Berlin,11
HAJDÚ-BIHAR,06,Hajdúböszörmény,Bern,23
HAJDÚ-BIHAR,06,Hajdúböszörmény,Bogota,1
HAJDÚ-BIHAR,06,Hajdúböszörmény,Brüsszel,8
HAJDÚ-BIHAR,06,Hajdúböszörmény,Chicago,3
HAJDÚ-BIHAR,06,Hajdúböszörmény,Csíkszereda,8
HAJDÚ-BIHAR,06,Hajdúböszörmény,Csungking,1
HAJDÚ-BIHAR,06,Hajdúböszörmény,Doha,1
HAJDÚ-BIHAR,06,Hajdúböszörmény,Dublin,18
HAJDÚ-BIHAR,06,Hajdúböszörmény,Düsseldorf,9
HAJDÚ-BIHAR,06,Hajdúböszörmény,Edinburgh,6
HAJDÚ-BIHAR,06,Hajdúböszörmény,Hága,45
HAJDÚ-BIHAR,06,Hajdúböszörmény,Helsinki,2
HAJDÚ-BIHAR,06,Hajdúböszörmény,Ho Chi Minh Város,1
HAJDÚ-BIHAR,06,Hajdúböszörmény,Hongkong,1
HAJDÚ-BIHAR,06,Hajdúböszörmény,Houston,2
HAJDÚ-BIHAR,06,Hajdúböszörmény,Innsbruck,23
HAJDÚ-BIHAR,06,Hajdúböszörmény,Isztambul,1
HAJDÚ-BIHAR,06,Hajdúböszörmény,Jakarta,1
HAJDÚ-BIHAR,06,Hajdúböszörmény,Kinshasa,1
HAJDÚ-BIHAR,06,Hajdúböszörmény,Kolozsvár,4
HAJDÚ-BIHAR,06,Hajdúböszörmény,Koppenhága,17
HAJDÚ-BIHAR,06,Hajdúböszörmény,Krakkó,5
HAJDÚ-BIHAR,06,Hajdúböszörmény,Lisszabon,3
HAJDÚ-BIHAR,06,Hajdúböszörmény,London,64
HAJDÚ-BIHAR,06,Hajdúböszörmény,Los Angeles,1
HAJDÚ-BIHAR,06,Hajdúböszörmény,Lyon,2
HAJDÚ-BIHAR,06,Hajdúböszörmény,Madrid,3
HAJDÚ-BIHAR,06,Hajdúböszörmény,Manchester,24
HAJDÚ-BIHAR,06,Hajdúböszörmény,Melbourne,1
HAJDÚ-BIHAR,06,Hajdúböszörmény,Mexikóváros,2
HAJDÚ-BIHAR,06,Hajdúböszörmény,Miami,4
HAJDÚ-BIHAR,06,Hajdúböszörmény,Milánó,4
HAJDÚ-BIHAR,06,Hajdúböszörmény,München,41
HAJDÚ-BIHAR,06,Hajdúböszörmény,New York,4
HAJDÚ-BIHAR,06,Hajdúböszörmény,Nicosia,1
HAJDÚ-BIHAR,06,Hajdúböszörmény,Nürnberg,12
HAJDÚ-BIHAR,06,Hajdúböszörmény,Osló,3
HAJDÚ-BIHAR,06,Hajdúböszörmény,Párizs,6
HAJDÚ-BIHAR,06,Hajdúböszörmény,Peking,1
HAJDÚ-BIHAR,06,Hajdúböszörmény,Pristina,12
HAJDÚ-BIHAR,06,Hajdúböszörmény,Róma,3
HAJDÚ-BIHAR,06,Hajdúböszörmény,Stockholm,17
HAJDÚ-BIHAR,06,Hajdúböszörmény,Strasbourg,2
HAJDÚ-BIHAR,06,Hajdúböszörmény,Stuttgart,45
HAJDÚ-BIHAR,06,Hajdúböszörmény,Sydney,1
HAJDÚ-BIHAR,06,Hajdúböszörmény,Szarajevó,1
HAJDÚ-BIHAR,06,Hajdúböszörmény,Szingapúr,1
HAJDÚ-BIHAR,06,Hajdúböszörmény,Szófia,2
HAJDÚ-BIHAR,06,Hajdúböszörmény,Szöul,1
HAJDÚ-BIHAR,06,Hajdúböszörmény,Toronto,3
HAJDÚ-BIHAR,06,Hajdúböszörmény,Valletta,7
HAJDÚ-BIHAR,06,Hajdúböszörmény,Vancouver,1
HAJDÚ-BIHAR,06,Hajdúböszörmény,Varsó,2
HAJDÚ-BIHAR,06,Hajdúböszörmény,Wroclaw,1
HEVES,01,Eger,Abu Dhabi,2
HEVES,01,Eger,Abuja,2
HEVES,01,Eger,Amman,2
HEVES,01,Eger,Ankara,1
HEVES,01,Eger,Athén,12
HEVES,01,Eger,Bangkok,1
HEVES,01,Eger,Barcelona,16
HEVES,01,Eger,Bécs,29
HEVES,01,Eger,Berlin,32
HEVES,01,Eger,Bern,43
HEVES,01,Eger,Brüsszel,31
HEVES,01,Eger,Csíkszereda,11
HEVES,01,Eger,Csungking,1
HEVES,01,Eger,Dublin,40
HEVES,01,Eger,Düsseldorf,26
HEVES,01,Eger,Edinburgh,9
HEVES,01,Eger,Gdansk,1
HEVES,01,Eger,Genf,11
HEVES,01,Eger,Hága,57
HEVES,01,Eger,Hanoi,3
HEVES,01,Eger,Havanna,2
HEVES,01,Eger,Helsinki,10
HEVES,01,Eger,Hongkong,5
HEVES,01,Eger,Houston,3
HEVES,01,Eger,Innsbruck,26
HEVES,01,Eger,Isztambul,1
HEVES,01,Eger,Jakarta,4
HEVES,01,Eger,Kigali,1
HEVES,01,Eger,Kinshasa,1
HEVES,01,Eger,Kolozsvár,11
HEVES,01,Eger,Koppenhága,34
HEVES,01,Eger,Krakkó,1
HEVES,01,Eger,Kuala Lumpur,1
HEVES,01,Eger,Kuvait,3
HEVES,01,Eger,Lisszabon,11
HEVES,01,Eger,Ljubljana,6
HEVES,01,Eger,London,93
HEVES,01,Eger,Los Angeles,6
HEVES,01,Eger,Luxembourg,6
HEVES,01,Eger,Lyon,10
HEVES,01,Eger,Madrid,14
HEVES,01,Eger,Malaga,24
HEVES,01,Eger,Manchester,17
HEVES,01,Eger,Manila,1
HEVES,01,Eger,Melbourne,2
HEVES,01,Eger,Mexikóváros,2
HEVES,01,Eger,Miami,4
HEVES,01,Eger,Milánó,12
HEVES,01,Eger,München,66
HEVES,01,Eger,New York,14
HEVES,01,Eger,Nicosia,5
HEVES,01,Eger,Nürnberg,13
HEVES,01,Eger,Osaka,2
HEVES,01,Eger,Osló,11
HEVES,01,Eger,Párizs,22
HEVES,01,Eger,Peking,5
HEVES,01,Eger,Podgorica,3
HEVES,01,Eger,Pozsony,8
HEVES,01,Eger,Prága,5
HEVES,01,Eger,Pristina,3
HEVES,01,Eger,Róma,15
HEVES,01,Eger,San Francisco,3
HEVES,01,Eger,Sanghaj,2
HEVES,01,Eger,Santiago de Chile,1
HEVES,01,Eger,Stockholm,24
HEVES,01,Eger,Strasbourg,1
HEVES,01,Eger,Stuttgart,32
HEVES,01,Eger,Sydney,2
HEVES,01,Eger,Szabadka,2
HEVES,01,Eger,Szarajevó,3
HEVES,01,Eger,Szingapúr,1
HEVES,01,Eger,Szkopje,2
HEVES,01,Eger,Szófia,1
HEVES,01,Eger,Szöul,1
HEVES,01,Eger,Tallinn,1
HEVES,01,Eger,Tokió,6
HEVES,01,Eger,Toronto,4
HEVES,01,Eger,Ungvár,1
HEVES,01,Eger,Valletta,6
HEVES,01,Eger,Vancouver,4
HEVES,01,Eger,Varsó,6
HEVES,01,Eger,Washington,5
HEVES,01,Eger,Wroclaw,1
HEVES,02,Gyöngyös,Abu Dhabi,6
HEVES,02,Gyöngyös,Abuja,1
HEVES,02,Gyöngyös,Ankara,1
HEVES,02,Gyöngyös,Athén,5
HEVES,02,Gyöngyös,Barcelona,13
HEVES,02,Gyöngyös,Bécs,23
HEVES,02,Gyöngyös,Beregszász,2
HEVES,02,Gyöngyös,Berlin,13
HEVES,02,Gyöngyös,Bern,27
HEVES,02,Gyöngyös,Brüsszel,12
HEVES,02,Gyöngyös,Chicago,2
HEVES,02,Gyöngyös,Csíkszereda,9
HEVES,02,Gyöngyös,Csungking,1
HEVES,02,Gyöngyös,Dublin,10
HEVES,02,Gyöngyös,Düsseldorf,27
HEVES,02,Gyöngyös,Edinburgh,8
HEVES,02,Gyöngyös,Gdansk,1
HEVES,02,Gyöngyös,Genf,10
HEVES,02,Gyöngyös,Hága,46
HEVES,02,Gyöngyös,Hanoi,1
HEVES,02,Gyöngyös,Helsinki,4
HEVES,02,Gyöngyös,Hongkong,1
HEVES,02,Gyöngyös,Houston,1
HEVES,02,Gyöngyös,Innsbruck,7
HEVES,02,Gyöngyös,Isztambul,2
HEVES,02,Gyöngyös,Jereván,1
HEVES,02,Gyöngyös,Kolozsvár,6
HEVES,02,Gyöngyös,Koppenhága,16
HEVES,02,Gyöngyös,Krakkó,2
HEVES,02,Gyöngyös,Lisszabon,2
HEVES,02,Gyöngyös,Ljubljana,1
HEVES,02,Gyöngyös,London,77
HEVES,02,Gyöngyös,Los Angeles,2
HEVES,02,Gyöngyös,Luxembourg,5
HEVES,02,Gyöngyös,Lyon,3
HEVES,02,Gyöngyös,Madrid,6
HEVES,02,Gyöngyös,Malaga,11
HEVES,02,Gyöngyös,Manchester,13
HEVES,02,Gyöngyös,Melbourne,1
HEVES,02,Gyöngyös,Mexikóváros,2
HEVES,02,Gyöngyös,Miami,7
HEVES,02,Gyöngyös,Milánó,12
HEVES,02,Gyöngyös,München,46
HEVES,02,Gyöngyös,New York,8
HEVES,02,Gyöngyös,Nicosia,7
HEVES,02,Gyöngyös,Nürnberg,11
HEVES,02,Gyöngyös,Osló,10
HEVES,02,Gyöngyös,Párizs,10
HEVES,02,Gyöngyös,Prága,6
HEVES,02,Gyöngyös,Pristina,1
HEVES,02,Gyöngyös,Róma,7
HEVES,02,Gyöngyös,San Francisco,2
HEVES,02,Gyöngyös,Stockholm,17
HEVES,02,Gyöngyös,Strasbourg,4
HEVES,02,Gyöngyös,Stuttgart,24
HEVES,02,Gyöngyös,Sydney,2
HEVES,02,Gyöngyös,Szabadka,5
HEVES,02,Gyöngyös,Szarajevó,1
HEVES,02,Gyöngyös,Szkopje,2
HEVES,02,Gyöngyös,Szófia,1
HEVES,02,Gyöngyös,Szöul,1
HEVES,02,Gyöngyös,Tbiliszi,1
HEVES,02,Gyöngyös,Tirana,1
HEVES,02,Gyöngyös,Tokió,1
HEVES,02,Gyöngyös,Toronto,5
HEVES,02,Gyöngyös,Valletta,2
HEVES,02,Gyöngyös,Vancouver,1
HEVES,02,Gyöngyös,Varsó,4
HEVES,02,Gyöngyös,Vientián,1
HEVES,02,Gyöngyös,Washington,3
HEVES,02,Gyöngyös,Wellington,2
HEVES,02,Gyöngyös,Zágráb,1
HEVES,03,Hatvan,Abu Dhabi,1
HEVES,03,Hatvan,Algír,1
HEVES,03,Hatvan,Athén,1
HEVES,03,Hatvan,Bangkok,1
HEVES,03,Hatvan,Barcelona,4
HEVES,03,Hatvan,Bécs,5
HEVES,03,Hatvan,Belgrád,1
HEVES,03,Hatvan,Beregszász,1
HEVES,03,Hatvan,Berlin,8
HEVES,03,Hatvan,Bern,20
HEVES,03,Hatvan,Brüsszel,10
HEVES,03,Hatvan,Csíkszereda,10
HEVES,03,Hatvan,Csungking,1
HEVES,03,Hatvan,Dublin,13
HEVES,03,Hatvan,Düsseldorf,20
HEVES,03,Hatvan,Edinburgh,6
HEVES,03,Hatvan,Genf,3
HEVES,03,Hatvan,Hága,27
HEVES,03,Hatvan,Hanoi,2
HEVES,03,Hatvan,Helsinki,1
HEVES,03,Hatvan,Houston,1
HEVES,03,Hatvan,Innsbruck,18
HEVES,03,Hatvan,Isztambul,2
HEVES,03,Hatvan,Jakarta,1
HEVES,03,Hatvan,Kairó,1
HEVES,03,Hatvan,Kolozsvár,1
HEVES,03,Hatvan,Koppenhága,12
HEVES,03,Hatvan,Krakkó,1
HEVES,03,Hatvan,Kuvait,1
HEVES,03,Hatvan,Lisszabon,4
HEVES,03,Hatvan,Ljubljana,1
HEVES,03,Hatvan,London,55
HEVES,03,Hatvan,Los Angeles,3
HEVES,03,Hatvan,Luxembourg,3
HEVES,03,Hatvan,Lyon,4
HEVES,03,Hatvan,Madrid,2
HEVES,03,Hatvan,Malaga,4
HEVES,03,Hatvan,Manchester,17
HEVES,03,Hatvan,Melbourne,1
HEVES,03,Hatvan,Milánó,4
HEVES,03,Hatvan,Montreal,1
HEVES,03,Hatvan,München,37
HEVES,03,Hatvan,New York,7
HEVES,03,Hatvan,Nicosia,3
HEVES,03,Hatvan,Nürnberg,7
HEVES,03,Hatvan,Osló,3
HEVES,03,Hatvan,Párizs,4
HEVES,03,Hatvan,Pristina,2
HEVES,03,Hatvan,Rijád,1
HEVES,03,Hatvan,Róma,8
HEVES,03,Hatvan,Sanghaj,2
HEVES,03,Hatvan,Santiago de Chile,1
HEVES,03,Hatvan,Stockholm,6
HEVES,03,Hatvan,Stuttgart,30
HEVES,03,Hatvan,Sydney,1
HEVES,03,Hatvan,Szarajevó,1
HEVES,03,Hatvan,Szingapúr,1
HEVES,03,Hatvan,Szöul,1
HEVES,03,Hatvan,Tallinn,1
HEVES,03,Hatvan,Tokió,1
HEVES,03,Hatvan,Toronto,5
HEVES,03,Hatvan,Ungvár,1
HEVES,03,Hatvan,Valletta,7
HEVES,03,Hatvan,Vancouver,1
HEVES,03,Hatvan,Varsó,1
HEVES,03,Hatvan,Vilnius,1
HEVES,03,Hatvan,Washington,3
HEVES,03,Hatvan,Zágráb,1
JÁSZ-NAGYKUN-SZOLNOK,01,Szolnok,Abu Dhabi,7
JÁSZ-NAGYKUN-SZOLNOK,01,Szolnok,Ankara,1
JÁSZ-NAGYKUN-SZOLNOK,01,Szolnok,Asztana,1
JÁSZ-NAGYKUN-SZOLNOK,01,Szolnok,Athén,2
JÁSZ-NAGYKUN-SZOLNOK,01,Szolnok,Bangkok,2
JÁSZ-NAGYKUN-SZOLNOK,01,Szolnok,Barcelona,12
JÁSZ-NAGYKUN-SZOLNOK,01,Szolnok,Bécs,26
JÁSZ-NAGYKUN-SZOLNOK,01,Szolnok,Belgrád,1
JÁSZ-NAGYKUN-SZOLNOK,01,Szolnok,Beregszász,1
JÁSZ-NAGYKUN-SZOLNOK,01,Szolnok,Berlin,28
JÁSZ-NAGYKUN-SZOLNOK,01,Szolnok,Bern,34
JÁSZ-NAGYKUN-SZOLNOK,01,Szolnok,Bogota,1
JÁSZ-NAGYKUN-SZOLNOK,01,Szolnok,Brazíliaváros,1
JÁSZ-NAGYKUN-SZOLNOK,01,Szolnok,Brüsszel,39
JÁSZ-NAGYKUN-SZOLNOK,01,Szolnok,Bukarest,1
JÁSZ-NAGYKUN-SZOLNOK,01,Szolnok,Canberra,1
JÁSZ-NAGYKUN-SZOLNOK,01,Szolnok,Chicago,2
JÁSZ-NAGYKUN-SZOLNOK,01,Szolnok,Csíkszereda,7
JÁSZ-NAGYKUN-SZOLNOK,01,Szolnok,Doha,1
JÁSZ-NAGYKUN-SZOLNOK,01,Szolnok,Dublin,13
JÁSZ-NAGYKUN-SZOLNOK,01,Szolnok,Düsseldorf,22
JÁSZ-NAGYKUN-SZOLNOK,01,Szolnok,Edinburgh,8
JÁSZ-NAGYKUN-SZOLNOK,01,Szolnok,Gdansk,2
JÁSZ-NAGYKUN-SZOLNOK,01,Szolnok,Genf,1
JÁSZ-NAGYKUN-SZOLNOK,01,Szolnok,Hága,43
JÁSZ-NAGYKUN-SZOLNOK,01,Szolnok,Hanoi,1
JÁSZ-NAGYKUN-SZOLNOK,01,Szolnok,Helsinki,3
JÁSZ-NAGYKUN-SZOLNOK,01,Szolnok,Hongkong,2
JÁSZ-NAGYKUN-SZOLNOK,01,Szolnok,Houston,1
JÁSZ-NAGYKUN-SZOLNOK,01,Szolnok,Innsbruck,29
JÁSZ-NAGYKUN-SZOLNOK,01,Szolnok,Isztambul,4
JÁSZ-NAGYKUN-SZOLNOK,01,Szolnok,Kairó,1
JÁSZ-NAGYKUN-SZOLNOK,01,Szolnok,Kolozsvár,7
JÁSZ-NAGYKUN-SZOLNOK,01,Szolnok,Koppenhága,25
JÁSZ-NAGYKUN-SZOLNOK,01,Szolnok,Krakkó,1
JÁSZ-NAGYKUN-SZOLNOK,01,Szolnok,Kuvait,2
JÁSZ-NAGYKUN-SZOLNOK,01,Szolnok,Lisszabon,4
JÁSZ-NAGYKUN-SZOLNOK,01,Szolnok,Ljubljana,10
JÁSZ-NAGYKUN-SZOLNOK,01,Szolnok,London,125
JÁSZ-NAGYKUN-SZOLNOK,01,Szolnok,Los Angeles,4
JÁSZ-NAGYKUN-SZOLNOK,01,Szolnok,Luxembourg,10
JÁSZ-NAGYKUN-SZOLNOK,01,Szolnok,Lyon,4
JÁSZ-NAGYKUN-SZOLNOK,01,Szolnok,Madrid,5
JÁSZ-NAGYKUN-SZOLNOK,01,Szolnok,Malaga,4
JÁSZ-NAGYKUN-SZOLNOK,01,Szolnok,Manchester,20
JÁSZ-NAGYKUN-SZOLNOK,01,Szolnok,Maszkat,1
JÁSZ-NAGYKUN-SZOLNOK,01,Szolnok,Mexikóváros,1
JÁSZ-NAGYKUN-SZOLNOK,01,Szolnok,Miami,3
JÁSZ-NAGYKUN-SZOLNOK,01,Szolnok,Milánó,20
JÁSZ-NAGYKUN-SZOLNOK,01,Szolnok,Montreal,1
JÁSZ-NAGYKUN-SZOLNOK,01,Szolnok,Moszkva,2
JÁSZ-NAGYKUN-SZOLNOK,01,Szolnok,München,64
JÁSZ-NAGYKUN-SZOLNOK,01,Szolnok,New York,9
JÁSZ-NAGYKUN-SZOLNOK,01,Szolnok,Nicosia,8
JÁSZ-NAGYKUN-SZOLNOK,01,Szolnok,Nürnberg,24
JÁSZ-NAGYKUN-SZOLNOK,01,Szolnok,Osaka,1
JÁSZ-NAGYKUN-SZOLNOK,01,Szolnok,Osló,12
JÁSZ-NAGYKUN-SZOLNOK,01,Szolnok,Párizs,9
JÁSZ-NAGYKUN-SZOLNOK,01,Szolnok,Podgorica,2
JÁSZ-NAGYKUN-SZOLNOK,01,Szolnok,Prága,5
JÁSZ-NAGYKUN-SZOLNOK,01,Szolnok,Pretoria,1
JÁSZ-NAGYKUN-SZOLNOK,01,Szolnok,Pristina,10
JÁSZ-NAGYKUN-SZOLNOK,01,Szolnok,Rabat,2
JÁSZ-NAGYKUN-SZOLNOK,01,Szolnok,Riga,3
JÁSZ-NAGYKUN-SZOLNOK,01,Szolnok,Róma,9
JÁSZ-NAGYKUN-SZOLNOK,01,Szolnok,San Francisco,4
JÁSZ-NAGYKUN-SZOLNOK,01,Szolnok,Sanghaj,1
JÁSZ-NAGYKUN-SZOLNOK,01,Szolnok,Santiago de Chile,1
JÁSZ-NAGYKUN-SZOLNOK,01,Szolnok,Sao Paulo,1
JÁSZ-NAGYKUN-SZOLNOK,01,Szolnok,Stockholm,13
JÁSZ-NAGYKUN-SZOLNOK,01,Szolnok,Strasbourg,3
JÁSZ-NAGYKUN-SZOLNOK,01,Szolnok,Stuttgart,50
JÁSZ-NAGYKUN-SZOLNOK,01,Szolnok,Sydney,1
JÁSZ-NAGYKUN-SZOLNOK,01,Szolnok,Szabadka,4
JÁSZ-NAGYKUN-SZOLNOK,01,Szolnok,Szarajevó,7
JÁSZ-NAGYKUN-SZOLNOK,01,Szolnok,Szingapúr,4
JÁSZ-NAGYKUN-SZOLNOK,01,Szolnok,Szófia,1
JÁSZ-NAGYKUN-SZOLNOK,01,Szolnok,Szöul,1
JÁSZ-NAGYKUN-SZOLNOK,01,Szolnok,Taskent,3
JÁSZ-NAGYKUN-SZOLNOK,01,Szolnok,Tirana,2
JÁSZ-NAGYKUN-SZOLNOK,01,Szolnok,Tokió,4
JÁSZ-NAGYKUN-SZOLNOK,01,Szolnok,Toronto,1
JÁSZ-NAGYKUN-SZOLNOK,01,Szolnok,Valletta,8
JÁSZ-NAGYKUN-SZOLNOK,01,Szolnok,Vancouver,1
JÁSZ-NAGYKUN-SZOLNOK,01,Szolnok,Varsó,7
JÁSZ-NAGYKUN-SZOLNOK,01,Szolnok,Vilnius,1
JÁSZ-NAGYKUN-SZOLNOK,01,Szolnok,Washington,5
JÁSZ-NAGYKUN-SZOLNOK,01,Szolnok,Wellington,1
JÁSZ-NAGYKUN-SZOLNOK,01,Szolnok,Wroclaw,2
JÁSZ-NAGYKUN-SZOLNOK,01,Szolnok,Zágráb,6
JÁSZ-NAGYKUN-SZOLNOK,02,Jászberény,Abu Dhabi,2
JÁSZ-NAGYKUN-SZOLNOK,02,Jászberény,Athén,2
JÁSZ-NAGYKUN-SZOLNOK,02,Jászberény,Bangkok,1
JÁSZ-NAGYKUN-SZOLNOK,02,Jászberény,Barcelona,10
JÁSZ-NAGYKUN-SZOLNOK,02,Jászberény,Bécs,7
JÁSZ-NAGYKUN-SZOLNOK,02,Jászberény,Berlin,17
JÁSZ-NAGYKUN-SZOLNOK,02,Jászberény,Bern,17
JÁSZ-NAGYKUN-SZOLNOK,02,Jászberény,Brazíliaváros,1
JÁSZ-NAGYKUN-SZOLNOK,02,Jászberény,Brüsszel,12
JÁSZ-NAGYKUN-SZOLNOK,02,Jászberény,Chicago,4
JÁSZ-NAGYKUN-SZOLNOK,02,Jászberény,Csíkszereda,6
JÁSZ-NAGYKUN-SZOLNOK,02,Jászberény,Doha,1
JÁSZ-NAGYKUN-SZOLNOK,02,Jászberény,Dublin,4
JÁSZ-NAGYKUN-SZOLNOK,02,Jászberény,Düsseldorf,13
JÁSZ-NAGYKUN-SZOLNOK,02,Jászberény,Edinburgh,11
JÁSZ-NAGYKUN-SZOLNOK,02,Jászberény,Genf,6
JÁSZ-NAGYKUN-SZOLNOK,02,Jászberény,Hága,33
JÁSZ-NAGYKUN-SZOLNOK,02,Jászberény,Hanoi,1
JÁSZ-NAGYKUN-SZOLNOK,02,Jászberény,Helsinki,2
JÁSZ-NAGYKUN-SZOLNOK,02,Jászberény,Houston,1
JÁSZ-NAGYKUN-SZOLNOK,02,Jászberény,Innsbruck,14
JÁSZ-NAGYKUN-SZOLNOK,02,Jászberény,Isztambul,4
JÁSZ-NAGYKUN-SZOLNOK,02,Jászberény,Jakarta,1
JÁSZ-NAGYKUN-SZOLNOK,02,Jászberény,Kolozsvár,2
JÁSZ-NAGYKUN-SZOLNOK,02,Jászberény,Koppenhága,14
JÁSZ-NAGYKUN-SZOLNOK,02,Jászberény,Krakkó,1
JÁSZ-NAGYKUN-SZOLNOK,02,Jászberény,Lisszabon,9
JÁSZ-NAGYKUN-SZOLNOK,02,Jászberény,Ljubljana,1
JÁSZ-NAGYKUN-SZOLNOK,02,Jászberény,London,52
JÁSZ-NAGYKUN-SZOLNOK,02,Jászberény,Luxembourg,3
JÁSZ-NAGYKUN-SZOLNOK,02,Jászberény,Lyon,4
JÁSZ-NAGYKUN-SZOLNOK,02,Jászberény,Madrid,4
JÁSZ-NAGYKUN-SZOLNOK,02,Jászberény,Malaga,5
JÁSZ-NAGYKUN-SZOLNOK,02,Jászberény,Manchester,12
JÁSZ-NAGYKUN-SZOLNOK,02,Jászberény,Manila,1
JÁSZ-NAGYKUN-SZOLNOK,02,Jászberény,Miami,5
JÁSZ-NAGYKUN-SZOLNOK,02,Jászberény,Milánó,11
JÁSZ-NAGYKUN-SZOLNOK,02,Jászberény,Moszkva,1
JÁSZ-NAGYKUN-SZOLNOK,02,Jászberény,München,28
JÁSZ-NAGYKUN-SZOLNOK,02,Jászberény,New York,5
JÁSZ-NAGYKUN-SZOLNOK,02,Jászberény,Nicosia,1
JÁSZ-NAGYKUN-SZOLNOK,02,Jászberény,Nürnberg,15
JÁSZ-NAGYKUN-SZOLNOK,02,Jászberény,Osló,3
JÁSZ-NAGYKUN-SZOLNOK,02,Jászberény,Párizs,4
JÁSZ-NAGYKUN-SZOLNOK,02,Jászberény,Pozsony,1
JÁSZ-NAGYKUN-SZOLNOK,02,Jászberény,Prága,9
JÁSZ-NAGYKUN-SZOLNOK,02,Jászberény,Pristina,1
JÁSZ-NAGYKUN-SZOLNOK,02,Jászberény,Quito,1
JÁSZ-NAGYKUN-SZOLNOK,02,Jászberény,Róma,3
JÁSZ-NAGYKUN-SZOLNOK,02,Jászberény,San Francisco,1
JÁSZ-NAGYKUN-SZOLNOK,02,Jászberény,Stockholm,4
JÁSZ-NAGYKUN-SZOLNOK,02,Jászberény,Strasbourg,4
JÁSZ-NAGYKUN-SZOLNOK,02,Jászberény,Stuttgart,37
JÁSZ-NAGYKUN-SZOLNOK,02,Jászberény,Sydney,1
JÁSZ-NAGYKUN-SZOLNOK,02,Jászberény,Szarajevó,1
JÁSZ-NAGYKUN-SZOLNOK,02,Jászberény,Szingapúr,3
JÁSZ-NAGYKUN-SZOLNOK,02,Jászberény,Szófia,1
JÁSZ-NAGYKUN-SZOLNOK,02,Jászberény,Tbiliszi,1
JÁSZ-NAGYKUN-SZOLNOK,02,Jászberény,Tel-Aviv,1
JÁSZ-NAGYKUN-SZOLNOK,02,Jászberény,Tokió,2
JÁSZ-NAGYKUN-SZOLNOK,02,Jászberény,Ungvár,1
JÁSZ-NAGYKUN-SZOLNOK,02,Jászberény,Valletta,1
JÁSZ-NAGYKUN-SZOLNOK,02,Jászberény,Vancouver,2
JÁSZ-NAGYKUN-SZOLNOK,02,Jászberény,Varsó,1
JÁSZ-NAGYKUN-SZOLNOK,02,Jászberény,Washington,3
JÁSZ-NAGYKUN-SZOLNOK,03,Karcag,Abu Dhabi,1
JÁSZ-NAGYKUN-SZOLNOK,03,Karcag,Accra,1
JÁSZ-NAGYKUN-SZOLNOK,03,Karcag,Barcelona,5
JÁSZ-NAGYKUN-SZOLNOK,03,Karcag,Bécs,16
JÁSZ-NAGYKUN-SZOLNOK,03,Karcag,Beregszász,1
JÁSZ-NAGYKUN-SZOLNOK,03,Karcag,Berlin,17
JÁSZ-NAGYKUN-SZOLNOK,03,Karcag,Bern,26
JÁSZ-NAGYKUN-SZOLNOK,03,Karcag,Biskek,1
JÁSZ-NAGYKUN-SZOLNOK,03,Karcag,Brüsszel,10
JÁSZ-NAGYKUN-SZOLNOK,03,Karcag,Chicago,1
JÁSZ-NAGYKUN-SZOLNOK,03,Karcag,Csíkszereda,23
JÁSZ-NAGYKUN-SZOLNOK,03,Karcag,Csungking,1
JÁSZ-NAGYKUN-SZOLNOK,03,Karcag,Dublin,10
JÁSZ-NAGYKUN-SZOLNOK,03,Karcag,Düsseldorf,14
JÁSZ-NAGYKUN-SZOLNOK,03,Karcag,Edinburgh,8
JÁSZ-NAGYKUN-SZOLNOK,03,Karcag,Genf,3
JÁSZ-NAGYKUN-SZOLNOK,03,Karcag,Hága,35
JÁSZ-NAGYKUN-SZOLNOK,03,Karcag,Helsinki,3
JÁSZ-NAGYKUN-SZOLNOK,03,Karcag,Innsbruck,14
JÁSZ-NAGYKUN-SZOLNOK,03,Karcag,Isztambul,1
JÁSZ-NAGYKUN-SZOLNOK,03,Karcag,Kolozsvár,7
JÁSZ-NAGYKUN-SZOLNOK,03,Karcag,Koppenhága,12
JÁSZ-NAGYKUN-SZOLNOK,03,Karcag,Krakkó,1
JÁSZ-NAGYKUN-SZOLNOK,03,Karcag,Kuala Lumpur,1
JÁSZ-NAGYKUN-SZOLNOK,03,Karcag,Lisszabon,1
JÁSZ-NAGYKUN-SZOLNOK,03,Karcag,Ljubljana,1
JÁSZ-NAGYKUN-SZOLNOK,03,Karcag,London,55
JÁSZ-NAGYKUN-SZOLNOK,03,Karcag,Los Angeles,3
JÁSZ-NAGYKUN-SZOLNOK,03,Karcag,Luxembourg,9
JÁSZ-NAGYKUN-SZOLNOK,03,Karcag,Lyon,2
JÁSZ-NAGYKUN-SZOLNOK,03,Karcag,Madrid,7
JÁSZ-NAGYKUN-SZOLNOK,03,Karcag,Malaga,3
JÁSZ-NAGYKUN-SZOLNOK,03,Karcag,Manchester,14
JÁSZ-NAGYKUN-SZOLNOK,03,Karcag,Melbourne,1
JÁSZ-NAGYKUN-SZOLNOK,03,Karcag,Milánó,8
JÁSZ-NAGYKUN-SZOLNOK,03,Karcag,München,22
JÁSZ-NAGYKUN-SZOLNOK,03,Karcag,New York,1
JÁSZ-NAGYKUN-SZOLNOK,03,Karcag,Nürnberg,20
JÁSZ-NAGYKUN-SZOLNOK,03,Karcag,Osló,2
JÁSZ-NAGYKUN-SZOLNOK,03,Karcag,Párizs,13
JÁSZ-NAGYKUN-SZOLNOK,03,Karcag,Pozsony,1
JÁSZ-NAGYKUN-SZOLNOK,03,Karcag,Prága,5
JÁSZ-NAGYKUN-SZOLNOK,03,Karcag,Pristina,3
JÁSZ-NAGYKUN-SZOLNOK,03,Karcag,Riga,3
JÁSZ-NAGYKUN-SZOLNOK,03,Karcag,Róma,2
JÁSZ-NAGYKUN-SZOLNOK,03,Karcag,San Francisco,1
JÁSZ-NAGYKUN-SZOLNOK,03,Karcag,Sanghaj,2
JÁSZ-NAGYKUN-SZOLNOK,03,Karcag,Stockholm,6
JÁSZ-NAGYKUN-SZOLNOK,03,Karcag,Strasbourg,3
JÁSZ-NAGYKUN-SZOLNOK,03,Karcag,Stuttgart,21
JÁSZ-NAGYKUN-SZOLNOK,03,Karcag,Szarajevó,1
JÁSZ-NAGYKUN-SZOLNOK,03,Karcag,Szentpétervár,1
JÁSZ-NAGYKUN-SZOLNOK,03,Karcag,Szingapúr,2
JÁSZ-NAGYKUN-SZOLNOK,03,Karcag,Szöul,1
JÁSZ-NAGYKUN-SZOLNOK,03,Karcag,Tel-Aviv,1
JÁSZ-NAGYKUN-SZOLNOK,03,Karcag,Toronto,1
JÁSZ-NAGYKUN-SZOLNOK,03,Karcag,Tunisz,1
JÁSZ-NAGYKUN-SZOLNOK,03,Karcag,Valletta,1
JÁSZ-NAGYKUN-SZOLNOK,03,Karcag,Varsó,1
JÁSZ-NAGYKUN-SZOLNOK,03,Karcag,Vilnius,1
JÁSZ-NAGYKUN-SZOLNOK,03,Karcag,Wellington,1
JÁSZ-NAGYKUN-SZOLNOK,04,Törökszentmiklós,Abu Dhabi,1
JÁSZ-NAGYKUN-SZOLNOK,04,Törökszentmiklós,Abuja,1
JÁSZ-NAGYKUN-SZOLNOK,04,Törökszentmiklós,Bangkok,2
JÁSZ-NAGYKUN-SZOLNOK,04,Törökszentmiklós,Barcelona,6
JÁSZ-NAGYKUN-SZOLNOK,04,Törökszentmiklós,Bécs,8
JÁSZ-NAGYKUN-SZOLNOK,04,Törökszentmiklós,Beregszász,1
JÁSZ-NAGYKUN-SZOLNOK,04,Törökszentmiklós,Berlin,18
JÁSZ-NAGYKUN-SZOLNOK,04,Törökszentmiklós,Bern,30
JÁSZ-NAGYKUN-SZOLNOK,04,Törökszentmiklós,Brüsszel,12
JÁSZ-NAGYKUN-SZOLNOK,04,Törökszentmiklós,Csíkszereda,11
JÁSZ-NAGYKUN-SZOLNOK,04,Törökszentmiklós,Csungking,1
JÁSZ-NAGYKUN-SZOLNOK,04,Törökszentmiklós,Dublin,7
JÁSZ-NAGYKUN-SZOLNOK,04,Törökszentmiklós,Düsseldorf,33
JÁSZ-NAGYKUN-SZOLNOK,04,Törökszentmiklós,Edinburgh,12
JÁSZ-NAGYKUN-SZOLNOK,04,Törökszentmiklós,Genf,1
JÁSZ-NAGYKUN-SZOLNOK,04,Törökszentmiklós,Hága,24
JÁSZ-NAGYKUN-SZOLNOK,04,Törökszentmiklós,Helsinki,1
JÁSZ-NAGYKUN-SZOLNOK,04,Törökszentmiklós,Hongkong,1
JÁSZ-NAGYKUN-SZOLNOK,04,Törökszentmiklós,Houston,1
JÁSZ-NAGYKUN-SZOLNOK,04,Törökszentmiklós,Innsbruck,19
JÁSZ-NAGYKUN-SZOLNOK,04,Törökszentmiklós,Isztambul,1
JÁSZ-NAGYKUN-SZOLNOK,04,Törökszentmiklós,Kolozsvár,1
JÁSZ-NAGYKUN-SZOLNOK,04,Törökszentmiklós,Koppenhága,16
JÁSZ-NAGYKUN-SZOLNOK,04,Törökszentmiklós,Krakkó,2
JÁSZ-NAGYKUN-SZOLNOK,04,Törökszentmiklós,Lisszabon,3
JÁSZ-NAGYKUN-SZOLNOK,04,Törökszentmiklós,London,64
JÁSZ-NAGYKUN-SZOLNOK,04,Törökszentmiklós,Los Angeles,1
JÁSZ-NAGYKUN-SZOLNOK,04,Törökszentmiklós,Luxembourg,6
JÁSZ-NAGYKUN-SZOLNOK,04,Törökszentmiklós,Lyon,1
JÁSZ-NAGYKUN-SZOLNOK,04,Törökszentmiklós,Madrid,4
JÁSZ-NAGYKUN-SZOLNOK,04,Törökszentmiklós,Malaga,4
JÁSZ-NAGYKUN-SZOLNOK,04,Törökszentmiklós,Manchester,25
JÁSZ-NAGYKUN-SZOLNOK,04,Törökszentmiklós,Melbourne,1
JÁSZ-NAGYKUN-SZOLNOK,04,Törökszentmiklós,Miami,1
JÁSZ-NAGYKUN-SZOLNOK,04,Törökszentmiklós,Milánó,4
JÁSZ-NAGYKUN-SZOLNOK,04,Törökszentmiklós,Mumbai,1
JÁSZ-NAGYKUN-SZOLNOK,04,Törökszentmiklós,München,47
JÁSZ-NAGYKUN-SZOLNOK,04,Törökszentmiklós,New York,4
JÁSZ-NAGYKUN-SZOLNOK,04,Törökszentmiklós,Nürnberg,24
JÁSZ-NAGYKUN-SZOLNOK,04,Törökszentmiklós,Osaka,3
JÁSZ-NAGYKUN-SZOLNOK,04,Törökszentmiklós,Osló,2
JÁSZ-NAGYKUN-SZOLNOK,04,Törökszentmiklós,Ottawa,1
JÁSZ-NAGYKUN-SZOLNOK,04,Törökszentmiklós,Párizs,10
JÁSZ-NAGYKUN-SZOLNOK,04,Törökszentmiklós,Pozsony,2
JÁSZ-NAGYKUN-SZOLNOK,04,Törökszentmiklós,Prága,4
JÁSZ-NAGYKUN-SZOLNOK,04,Törökszentmiklós,Pretoria,1
JÁSZ-NAGYKUN-SZOLNOK,04,Törökszentmiklós,Pristina,1
JÁSZ-NAGYKUN-SZOLNOK,04,Törökszentmiklós,Quito,1
JÁSZ-NAGYKUN-SZOLNOK,04,Törökszentmiklós,Róma,2
JÁSZ-NAGYKUN-SZOLNOK,04,Törökszentmiklós,San Francisco,2
JÁSZ-NAGYKUN-SZOLNOK,04,Törökszentmiklós,Sanghaj,1
JÁSZ-NAGYKUN-SZOLNOK,04,Törökszentmiklós,Stockholm,4
JÁSZ-NAGYKUN-SZOLNOK,04,Törökszentmiklós,Strasbourg,4
JÁSZ-NAGYKUN-SZOLNOK,04,Törökszentmiklós,Stuttgart,21
JÁSZ-NAGYKUN-SZOLNOK,04,Törökszentmiklós,Sydney,1
JÁSZ-NAGYKUN-SZOLNOK,04,Törökszentmiklós,Szabadka,1
JÁSZ-NAGYKUN-SZOLNOK,04,Törökszentmiklós,Szarajevó,3
JÁSZ-NAGYKUN-SZOLNOK,04,Törökszentmiklós,Szingapúr,3
JÁSZ-NAGYKUN-SZOLNOK,04,Törökszentmiklós,Szkopje,2
JÁSZ-NAGYKUN-SZOLNOK,04,Törökszentmiklós,Szófia,1
JÁSZ-NAGYKUN-SZOLNOK,04,Törökszentmiklós,Szöul,2
JÁSZ-NAGYKUN-SZOLNOK,04,Törökszentmiklós,Tokió,1
JÁSZ-NAGYKUN-SZOLNOK,04,Törökszentmiklós,Ungvár,1
JÁSZ-NAGYKUN-SZOLNOK,04,Törökszentmiklós,Valletta,4
JÁSZ-NAGYKUN-SZOLNOK,04,Törökszentmiklós,Vancouver,1
JÁSZ-NAGYKUN-SZOLNOK,04,Törökszentmiklós,Varsó,2
JÁSZ-NAGYKUN-SZOLNOK,04,Törökszentmiklós,Washington,2
JÁSZ-NAGYKUN-SZOLNOK,04,Törökszentmiklós,Wellington,1
KOMÁROM-ESZTERGOM,01,Tatabánya,Abu Dhabi,4
KOMÁROM-ESZTERGOM,01,Tatabánya,Athén,2
KOMÁROM-ESZTERGOM,01,Tatabánya,Bangkok,6
KOMÁROM-ESZTERGOM,01,Tatabánya,Barcelona,16
KOMÁROM-ESZTERGOM,01,Tatabánya,Bécs,27
KOMÁROM-ESZTERGOM,01,Tatabánya,Beregszász,1
KOMÁROM-ESZTERGOM,01,Tatabánya,Berlin,31
KOMÁROM-ESZTERGOM,01,Tatabánya,Bern,26
KOMÁROM-ESZTERGOM,01,Tatabánya,Brüsszel,19
KOMÁROM-ESZTERGOM,01,Tatabánya,Chicago,6
KOMÁROM-ESZTERGOM,01,Tatabánya,Csíkszereda,22
KOMÁROM-ESZTERGOM,01,Tatabánya,Doha,1
KOMÁROM-ESZTERGOM,01,Tatabánya,Dublin,14
KOMÁROM-ESZTERGOM,01,Tatabánya,Düsseldorf,30
KOMÁROM-ESZTERGOM,01,Tatabánya,Edinburgh,14
KOMÁROM-ESZTERGOM,01,Tatabánya,Gdansk,1
KOMÁROM-ESZTERGOM,01,Tatabánya,Genf,5
KOMÁROM-ESZTERGOM,01,Tatabánya,Hága,55
KOMÁROM-ESZTERGOM,01,Tatabánya,Hanoi,2
KOMÁROM-ESZTERGOM,01,Tatabánya,Helsinki,4
KOMÁROM-ESZTERGOM,01,Tatabánya,Houston,1
KOMÁROM-ESZTERGOM,01,Tatabánya,Innsbruck,14
KOMÁROM-ESZTERGOM,01,Tatabánya,Isztambul,4
KOMÁROM-ESZTERGOM,01,Tatabánya,Kolozsvár,1
KOMÁROM-ESZTERGOM,01,Tatabánya,Koppenhága,31
KOMÁROM-ESZTERGOM,01,Tatabánya,Krakkó,6
KOMÁROM-ESZTERGOM,01,Tatabánya,Kuala Lumpur,1
KOMÁROM-ESZTERGOM,01,Tatabánya,Lisszabon,8
KOMÁROM-ESZTERGOM,01,Tatabánya,Ljubljana,2
KOMÁROM-ESZTERGOM,01,Tatabánya,London,53
KOMÁROM-ESZTERGOM,01,Tatabánya,Los Angeles,9
KOMÁROM-ESZTERGOM,01,Tatabánya,Luxembourg,10
KOMÁROM-ESZTERGOM,01,Tatabánya,Lyon,4
KOMÁROM-ESZTERGOM,01,Tatabánya,Madrid,8
KOMÁROM-ESZTERGOM,01,Tatabánya,Malaga,11
KOMÁROM-ESZTERGOM,01,Tatabánya,Manchester,23
KOMÁROM-ESZTERGOM,01,Tatabánya,Melbourne,2
KOMÁROM-ESZTERGOM,01,Tatabánya,Mexikóváros,3
KOMÁROM-ESZTERGOM,01,Tatabánya,Miami,13
KOMÁROM-ESZTERGOM,01,Tatabánya,Milánó,10
KOMÁROM-ESZTERGOM,01,Tatabánya,München,57
KOMÁROM-ESZTERGOM,01,Tatabánya,New York,10
KOMÁROM-ESZTERGOM,01,Tatabánya,Nicosia,5
KOMÁROM-ESZTERGOM,01,Tatabánya,Nürnberg,8
KOMÁROM-ESZTERGOM,01,Tatabánya,Osaka,1
KOMÁROM-ESZTERGOM,01,Tatabánya,Osló,11
KOMÁROM-ESZTERGOM,01,Tatabánya,Párizs,9
KOMÁROM-ESZTERGOM,01,Tatabánya,Pozsony,1
KOMÁROM-ESZTERGOM,01,Tatabánya,Prága,6
KOMÁROM-ESZTERGOM,01,Tatabánya,Quito,1
KOMÁROM-ESZTERGOM,01,Tatabánya,Róma,21
KOMÁROM-ESZTERGOM,01,Tatabánya,San Francisco,7
KOMÁROM-ESZTERGOM,01,Tatabánya,Sanghaj,4
KOMÁROM-ESZTERGOM,01,Tatabánya,Sao Paulo,1
KOMÁROM-ESZTERGOM,01,Tatabánya,Stockholm,8
KOMÁROM-ESZTERGOM,01,Tatabánya,Strasbourg,2
KOMÁROM-ESZTERGOM,01,Tatabánya,Stuttgart,54
KOMÁROM-ESZTERGOM,01,Tatabánya,Sydney,3
KOMÁROM-ESZTERGOM,01,Tatabánya,Szabadka,3
KOMÁROM-ESZTERGOM,01,Tatabánya,Szarajevó,1
KOMÁROM-ESZTERGOM,01,Tatabánya,Szingapúr,1
KOMÁROM-ESZTERGOM,01,Tatabánya,Szöul,2
KOMÁROM-ESZTERGOM,01,Tatabánya,Tallinn,7
KOMÁROM-ESZTERGOM,01,Tatabánya,Tirana,2
KOMÁROM-ESZTERGOM,01,Tatabánya,Tokió,4
KOMÁROM-ESZTERGOM,01,Tatabánya,Toronto,5
KOMÁROM-ESZTERGOM,01,Tatabánya,Valletta,7
KOMÁROM-ESZTERGOM,01,Tatabánya,Vancouver,4
KOMÁROM-ESZTERGOM,01,Tatabánya,Varsó,4
KOMÁROM-ESZTERGOM,01,Tatabánya,Vientián,1
KOMÁROM-ESZTERGOM,01,Tatabánya,Washington,4
KOMÁROM-ESZTERGOM,01,Tatabánya,Wellington,1
KOMÁROM-ESZTERGOM,01,Tatabánya,Wroclaw,2
KOMÁROM-ESZTERGOM,01,Tatabánya,Zágráb,2
KOMÁROM-ESZTERGOM,02,Esztergom,Abu Dhabi,4
KOMÁROM-ESZTERGOM,02,Esztergom,Algír,1
KOMÁROM-ESZTERGOM,02,Esztergom,Almati,1
KOMÁROM-ESZTERGOM,02,Esztergom,Ankara,3
KOMÁROM-ESZTERGOM,02,Esztergom,Asztana,1
KOMÁROM-ESZTERGOM,02,Esztergom,Athén,6
KOMÁROM-ESZTERGOM,02,Esztergom,Baku,1
KOMÁROM-ESZTERGOM,02,Esztergom,Bangkok,2
KOMÁROM-ESZTERGOM,02,Esztergom,Barcelona,8
KOMÁROM-ESZTERGOM,02,Esztergom,Bécs,29
KOMÁROM-ESZTERGOM,02,Esztergom,Beregszász,3
KOMÁROM-ESZTERGOM,02,Esztergom,Berlin,36
KOMÁROM-ESZTERGOM,02,Esztergom,Bern,56
KOMÁROM-ESZTERGOM,02,Esztergom,Brüsszel,24
KOMÁROM-ESZTERGOM,02,Esztergom,Buenos Aires,2
KOMÁROM-ESZTERGOM,02,Esztergom,Canberra,2
KOMÁROM-ESZTERGOM,02,Esztergom,Chicago,2
KOMÁROM-ESZTERGOM,02,Esztergom,Kisinyov,3
KOMÁROM-ESZTERGOM,02,Esztergom,Csíkszereda,16
KOMÁROM-ESZTERGOM,02,Esztergom,Dublin,15
KOMÁROM-ESZTERGOM,02,Esztergom,Düsseldorf,17
KOMÁROM-ESZTERGOM,02,Esztergom,Edinburgh,13
KOMÁROM-ESZTERGOM,02,Esztergom,Genf,4
KOMÁROM-ESZTERGOM,02,Esztergom,Hága,34
KOMÁROM-ESZTERGOM,02,Esztergom,Hanoi,1
KOMÁROM-ESZTERGOM,02,Esztergom,Helsinki,5
KOMÁROM-ESZTERGOM,02,Esztergom,Hongkong,1
KOMÁROM-ESZTERGOM,02,Esztergom,Innsbruck,21
KOMÁROM-ESZTERGOM,02,Esztergom,Isztambul,3
KOMÁROM-ESZTERGOM,02,Esztergom,Jakarta,1
KOMÁROM-ESZTERGOM,02,Esztergom,Kairó,1
KOMÁROM-ESZTERGOM,02,Esztergom,Kolozsvár,2
KOMÁROM-ESZTERGOM,02,Esztergom,Koppenhága,19
KOMÁROM-ESZTERGOM,02,Esztergom,Krakkó,5
KOMÁROM-ESZTERGOM,02,Esztergom,Kuala Lumpur,1
KOMÁROM-ESZTERGOM,02,Esztergom,Lisszabon,4
KOMÁROM-ESZTERGOM,02,Esztergom,Ljubljana,2
KOMÁROM-ESZTERGOM,02,Esztergom,London,76
KOMÁROM-ESZTERGOM,02,Esztergom,Luxembourg,10
KOMÁROM-ESZTERGOM,02,Esztergom,Lyon,8
KOMÁROM-ESZTERGOM,02,Esztergom,Madrid,13
KOMÁROM-ESZTERGOM,02,Esztergom,Malaga,17
KOMÁROM-ESZTERGOM,02,Esztergom,Manchester,38
KOMÁROM-ESZTERGOM,02,Esztergom,Melbourne,3
KOMÁROM-ESZTERGOM,02,Esztergom,Miami,3
KOMÁROM-ESZTERGOM,02,Esztergom,Milánó,10
KOMÁROM-ESZTERGOM,02,Esztergom,Moszkva,2
KOMÁROM-ESZTERGOM,02,Esztergom,München,62
KOMÁROM-ESZTERGOM,02,Esztergom,New York,2
KOMÁROM-ESZTERGOM,02,Esztergom,Nicosia,1
KOMÁROM-ESZTERGOM,02,Esztergom,Nürnberg,23
KOMÁROM-ESZTERGOM,02,Esztergom,Osaka,6
KOMÁROM-ESZTERGOM,02,Esztergom,Osló,8
KOMÁROM-ESZTERGOM,02,Esztergom,Ottawa,1
KOMÁROM-ESZTERGOM,02,Esztergom,Párizs,10
KOMÁROM-ESZTERGOM,02,Esztergom,Peking,3
KOMÁROM-ESZTERGOM,02,Esztergom,Pozsony,3
KOMÁROM-ESZTERGOM,02,Esztergom,Prága,12
KOMÁROM-ESZTERGOM,02,Esztergom,Pretoria,1
KOMÁROM-ESZTERGOM,02,Esztergom,Rijád,1
KOMÁROM-ESZTERGOM,02,Esztergom,Róma,15
KOMÁROM-ESZTERGOM,02,Esztergom,San Francisco,3
KOMÁROM-ESZTERGOM,02,Esztergom,Sanghaj,3
KOMÁROM-ESZTERGOM,02,Esztergom,Stockholm,22
KOMÁROM-ESZTERGOM,02,Esztergom,Strasbourg,4
KOMÁROM-ESZTERGOM,02,Esztergom,Stuttgart,56
KOMÁROM-ESZTERGOM,02,Esztergom,Sydney,1
KOMÁROM-ESZTERGOM,02,Esztergom,Szarajevó,1
KOMÁROM-ESZTERGOM,02,Esztergom,Szingapúr,2
KOMÁROM-ESZTERGOM,02,Esztergom,Szöul,7
KOMÁROM-ESZTERGOM,02,Esztergom,Tallinn,5
KOMÁROM-ESZTERGOM,02,Esztergom,Tirana,1
KOMÁROM-ESZTERGOM,02,Esztergom,Tokió,2
KOMÁROM-ESZTERGOM,02,Esztergom,Toronto,7
KOMÁROM-ESZTERGOM,02,Esztergom,Ungvár,1
KOMÁROM-ESZTERGOM,02,Esztergom,Valletta,7
KOMÁROM-ESZTERGOM,02,Esztergom,Varsó,4
KOMÁROM-ESZTERGOM,02,Esztergom,Vientián,1
KOMÁROM-ESZTERGOM,02,Esztergom,Washington,6
KOMÁROM-ESZTERGOM,02,Esztergom,Wellington,2
KOMÁROM-ESZTERGOM,02,Esztergom,Zágráb,3
KOMÁROM-ESZTERGOM,03,Komárom,Ankara,1
KOMÁROM-ESZTERGOM,03,Komárom,Athén,4
KOMÁROM-ESZTERGOM,03,Komárom,Bangkok,2
KOMÁROM-ESZTERGOM,03,Komárom,Barcelona,6
KOMÁROM-ESZTERGOM,03,Komárom,Bécs,23
KOMÁROM-ESZTERGOM,03,Komárom,Berlin,22
KOMÁROM-ESZTERGOM,03,Komárom,Bern,36
KOMÁROM-ESZTERGOM,03,Komárom,Brüsszel,10
KOMÁROM-ESZTERGOM,03,Komárom,Canberra,1
KOMÁROM-ESZTERGOM,03,Komárom,Chicago,3
KOMÁROM-ESZTERGOM,03,Komárom,Csíkszereda,29
KOMÁROM-ESZTERGOM,03,Komárom,Doha,1
KOMÁROM-ESZTERGOM,03,Komárom,Dublin,19
KOMÁROM-ESZTERGOM,03,Komárom,Düsseldorf,22
KOMÁROM-ESZTERGOM,03,Komárom,Edinburgh,8
KOMÁROM-ESZTERGOM,03,Komárom,Genf,4
KOMÁROM-ESZTERGOM,03,Komárom,Hága,40
KOMÁROM-ESZTERGOM,03,Komárom,Helsinki,4
KOMÁROM-ESZTERGOM,03,Komárom,Houston,2
KOMÁROM-ESZTERGOM,03,Komárom,Innsbruck,9
KOMÁROM-ESZTERGOM,03,Komárom,Kassa,2
KOMÁROM-ESZTERGOM,03,Komárom,Kolozsvár,6
KOMÁROM-ESZTERGOM,03,Komárom,Koppenhága,15
KOMÁROM-ESZTERGOM,03,Komárom,Krakkó,2
KOMÁROM-ESZTERGOM,03,Komárom,Lisszabon,3
KOMÁROM-ESZTERGOM,03,Komárom,Ljubljana,1
KOMÁROM-ESZTERGOM,03,Komárom,London,52
KOMÁROM-ESZTERGOM,03,Komárom,Los Angeles,3
KOMÁROM-ESZTERGOM,03,Komárom,Luxembourg,7
KOMÁROM-ESZTERGOM,03,Komárom,Madrid,9
KOMÁROM-ESZTERGOM,03,Komárom,Malaga,6
KOMÁROM-ESZTERGOM,03,Komárom,Manchester,16
KOMÁROM-ESZTERGOM,03,Komárom,Melbourne,5
KOMÁROM-ESZTERGOM,03,Komárom,Miami,1
KOMÁROM-ESZTERGOM,03,Komárom,Milánó,13
KOMÁROM-ESZTERGOM,03,Komárom,München,58
KOMÁROM-ESZTERGOM,03,Komárom,New York,7
KOMÁROM-ESZTERGOM,03,Komárom,Nicosia,6
KOMÁROM-ESZTERGOM,03,Komárom,Nürnberg,12
KOMÁROM-ESZTERGOM,03,Komárom,Osló,5
KOMÁROM-ESZTERGOM,03,Komárom,Párizs,12
KOMÁROM-ESZTERGOM,03,Komárom,Peking,1
KOMÁROM-ESZTERGOM,03,Komárom,Pozsony,2
KOMÁROM-ESZTERGOM,03,Komárom,Prága,3
KOMÁROM-ESZTERGOM,03,Komárom,Pristina,1
KOMÁROM-ESZTERGOM,03,Komárom,Rabat,1
KOMÁROM-ESZTERGOM,03,Komárom,Rijád,1
KOMÁROM-ESZTERGOM,03,Komárom,Róma,7
KOMÁROM-ESZTERGOM,03,Komárom,San Francisco,1
KOMÁROM-ESZTERGOM,03,Komárom,Sao Paulo,1
KOMÁROM-ESZTERGOM,03,Komárom,Stockholm,7
KOMÁROM-ESZTERGOM,03,Komárom,Strasbourg,1
KOMÁROM-ESZTERGOM,03,Komárom,Stuttgart,38
KOMÁROM-ESZTERGOM,03,Komárom,Sydney,4
KOMÁROM-ESZTERGOM,03,Komárom,Szarajevó,2
KOMÁROM-ESZTERGOM,03,Komárom,Szófia,1
KOMÁROM-ESZTERGOM,03,Komárom,Szöul,2
KOMÁROM-ESZTERGOM,03,Komárom,Tokió,1
KOMÁROM-ESZTERGOM,03,Komárom,Valletta,3
KOMÁROM-ESZTERGOM,03,Komárom,Vancouver,2
KOMÁROM-ESZTERGOM,03,Komárom,Varsó,2
KOMÁROM-ESZTERGOM,03,Komárom,Washington,2
KOMÁROM-ESZTERGOM,03,Komárom,Wellington,1
KOMÁROM-ESZTERGOM,03,Komárom,Wroclaw,1
NÓGRÁD,01,Salgótarján,Abu Dhabi,4
NÓGRÁD,01,Salgótarján,Bangkok,1
NÓGRÁD,01,Salgótarján,Barcelona,5
NÓGRÁD,01,Salgótarján,Bécs,8
NÓGRÁD,01,Salgótarján,Beregszász,1
NÓGRÁD,01,Salgótarján,Berlin,20
NÓGRÁD,01,Salgótarján,Bern,51
NÓGRÁD,01,Salgótarján,Bogota,1
NÓGRÁD,01,Salgótarján,Brüsszel,13
NÓGRÁD,01,Salgótarján,Bukarest,1
NÓGRÁD,01,Salgótarján,Chicago,1
NÓGRÁD,01,Salgótarján,Csíkszereda,4
NÓGRÁD,01,Salgótarján,Dublin,19
NÓGRÁD,01,Salgótarján,Düsseldorf,17
NÓGRÁD,01,Salgótarján,Edinburgh,6
NÓGRÁD,01,Salgótarján,Eszék,1
NÓGRÁD,01,Salgótarján,Gdansk,2
NÓGRÁD,01,Salgótarján,Genf,1
NÓGRÁD,01,Salgótarján,Hága,28
NÓGRÁD,01,Salgótarján,Helsinki,7
NÓGRÁD,01,Salgótarján,Hongkong,1
NÓGRÁD,01,Salgótarján,Innsbruck,10
NÓGRÁD,01,Salgótarján,Iszlámábád,1
NÓGRÁD,01,Salgótarján,Kampala,1
NÓGRÁD,01,Salgótarján,Koppenhága,20
NÓGRÁD,01,Salgótarján,Kuala Lumpur,1
NÓGRÁD,01,Salgótarján,Kuvait,1
NÓGRÁD,01,Salgótarján,Lisszabon,4
NÓGRÁD,01,Salgótarján,London,54
NÓGRÁD,01,Salgótarján,Los Angeles,5
NÓGRÁD,01,Salgótarján,Luxembourg,8
NÓGRÁD,01,Salgótarján,Lyon,1
NÓGRÁD,01,Salgótarján,Madrid,7
NÓGRÁD,01,Salgótarján,Malaga,7
NÓGRÁD,01,Salgótarján,Manchester,24
NÓGRÁD,01,Salgótarján,Melbourne,1
NÓGRÁD,01,Salgótarján,Mexikóváros,1
NÓGRÁD,01,Salgótarján,Miami,4
NÓGRÁD,01,Salgótarján,München,43
NÓGRÁD,01,Salgótarján,Nairobi,1
NÓGRÁD,01,Salgótarján,New York,9
NÓGRÁD,01,Salgótarján,Nicosia,2
NÓGRÁD,01,Salgótarján,Nürnberg,16
NÓGRÁD,01,Salgótarján,Osló,3
NÓGRÁD,01,Salgótarján,Ottawa,2
NÓGRÁD,01,Salgótarján,Panamaváros,1
NÓGRÁD,01,Salgótarján,Párizs,10
NÓGRÁD,01,Salgótarján,Peking,1
NÓGRÁD,01,Salgótarján,Pozsony,2
NÓGRÁD,01,Salgótarján,Prága,2
NÓGRÁD,01,Salgótarján,Pristina,1
NÓGRÁD,01,Salgótarján,Riga,2
NÓGRÁD,01,Salgótarján,Róma,5
NÓGRÁD,01,Salgótarján,Sao Paulo,1
NÓGRÁD,01,Salgótarján,Stockholm,11
NÓGRÁD,01,Salgótarján,Strasbourg,1
NÓGRÁD,01,Salgótarján,Stuttgart,32
NÓGRÁD,01,Salgótarján,Sydney,4
NÓGRÁD,01,Salgótarján,Szabadka,3
NÓGRÁD,01,Salgótarján,Szarajevó,1
NÓGRÁD,01,Salgótarján,Szófia,1
NÓGRÁD,01,Salgótarján,Szöul,5
NÓGRÁD,01,Salgótarján,Tirana,2
NÓGRÁD,01,Salgótarján,Tokió,2
NÓGRÁD,01,Salgótarján,Toronto,7
NÓGRÁD,01,Salgótarján,Valletta,10
NÓGRÁD,01,Salgótarján,Vancouver,1
NÓGRÁD,01,Salgótarján,Varsó,2
NÓGRÁD,01,Salgótarján,Washington,4
NÓGRÁD,01,Salgótarján,Wellington,2
NÓGRÁD,01,Salgótarján,Zágráb,5
NÓGRÁD,02,Balassagyarmat,Abu Dhabi,4
NÓGRÁD,02,Balassagyarmat,Addisz-Abeba,1
NÓGRÁD,02,Balassagyarmat,Athén,2
NÓGRÁD,02,Balassagyarmat,Bangkok,1
NÓGRÁD,02,Balassagyarmat,Barcelona,4
NÓGRÁD,02,Balassagyarmat,Bécs,12
NÓGRÁD,02,Balassagyarmat,Beregszász,2
NÓGRÁD,02,Balassagyarmat,Berlin,15
NÓGRÁD,02,Balassagyarmat,Bern,25
NÓGRÁD,02,Balassagyarmat,Brazíliaváros,1
NÓGRÁD,02,Balassagyarmat,Brüsszel,19
NÓGRÁD,02,Balassagyarmat,Chicago,1
NÓGRÁD,02,Balassagyarmat,Csíkszereda,21
NÓGRÁD,02,Balassagyarmat,Doha,1
NÓGRÁD,02,Balassagyarmat,Dublin,13
NÓGRÁD,02,Balassagyarmat,Düsseldorf,15
NÓGRÁD,02,Balassagyarmat,Edinburgh,10
NÓGRÁD,02,Balassagyarmat,Genf,1
NÓGRÁD,02,Balassagyarmat,Hága,30
NÓGRÁD,02,Balassagyarmat,Hanoi,2
NÓGRÁD,02,Balassagyarmat,Helsinki,4
NÓGRÁD,02,Balassagyarmat,Ho Chi Minh Város,2
NÓGRÁD,02,Balassagyarmat,Innsbruck,14
NÓGRÁD,02,Balassagyarmat,Isztambul,1
NÓGRÁD,02,Balassagyarmat,Jakarta,1
NÓGRÁD,02,Balassagyarmat,Kolozsvár,3
NÓGRÁD,02,Balassagyarmat,Koppenhága,14
NÓGRÁD,02,Balassagyarmat,Krakkó,1
NÓGRÁD,02,Balassagyarmat,Kuala Lumpur,1
NÓGRÁD,02,Balassagyarmat,Lisszabon,2
NÓGRÁD,02,Balassagyarmat,Ljubljana,1
NÓGRÁD,02,Balassagyarmat,London,56
NÓGRÁD,02,Balassagyarmat,Los Angeles,3
NÓGRÁD,02,Balassagyarmat,Luxembourg,10
NÓGRÁD,02,Balassagyarmat,Lyon,6
NÓGRÁD,02,Balassagyarmat,Madrid,4
NÓGRÁD,02,Balassagyarmat,Malaga,8
NÓGRÁD,02,Balassagyarmat,Manchester,21
NÓGRÁD,02,Balassagyarmat,Melbourne,1
NÓGRÁD,02,Balassagyarmat,Miami,3
NÓGRÁD,02,Balassagyarmat,Milánó,4
NÓGRÁD,02,Balassagyarmat,Montreal,1
NÓGRÁD,02,Balassagyarmat,München,40
NÓGRÁD,02,Balassagyarmat,Nairobi,1
NÓGRÁD,02,Balassagyarmat,New York,3
NÓGRÁD,02,Balassagyarmat,Nicosia,9
NÓGRÁD,02,Balassagyarmat,Nürnberg,21
NÓGRÁD,02,Balassagyarmat,Osló,9
NÓGRÁD,02,Balassagyarmat,Ottawa,1
NÓGRÁD,02,Balassagyarmat,Párizs,7
NÓGRÁD,02,Balassagyarmat,Peking,1
NÓGRÁD,02,Balassagyarmat,Prága,7
NÓGRÁD,02,Balassagyarmat,Pristina,2
NÓGRÁD,02,Balassagyarmat,Rijád,1
NÓGRÁD,02,Balassagyarmat,Róma,6
NÓGRÁD,02,Balassagyarmat,San Francisco,2
NÓGRÁD,02,Balassagyarmat,Stockholm,6
NÓGRÁD,02,Balassagyarmat,Strasbourg,1
NÓGRÁD,02,Balassagyarmat,Stuttgart,21
NÓGRÁD,02,Balassagyarmat,Sydney,1
NÓGRÁD,02,Balassagyarmat,Szabadka,1
NÓGRÁD,02,Balassagyarmat,Szingapúr,1
NÓGRÁD,02,Balassagyarmat,Szkopje,1
NÓGRÁD,02,Balassagyarmat,Szöul,1
NÓGRÁD,02,Balassagyarmat,Tbiliszi,1
NÓGRÁD,02,Balassagyarmat,Tel-Aviv,3
NÓGRÁD,02,Balassagyarmat,Tokió,6
NÓGRÁD,02,Balassagyarmat,Toronto,1
NÓGRÁD,02,Balassagyarmat,Valletta,4
NÓGRÁD,02,Balassagyarmat,Vancouver,2
NÓGRÁD,02,Balassagyarmat,Varsó,5
NÓGRÁD,02,Balassagyarmat,Washington,1
NÓGRÁD,02,Balassagyarmat,Wellington,1
NÓGRÁD,02,Balassagyarmat,Zágráb,3
PEST,01,Érd,Abu Dhabi,8
PEST,01,Érd,Addisz-Abeba,1
PEST,01,Érd,Algír,1
PEST,01,Érd,Athén,3
PEST,01,Érd,Baku,1
PEST,01,Érd,Bangkok,7
PEST,01,Érd,Barcelona,27
PEST,01,Érd,Bécs,42
PEST,01,Érd,Belgrád,4
PEST,01,Érd,Beregszász,3
PEST,01,Érd,Berlin,33
PEST,01,Érd,Bern,39
PEST,01,Érd,Biskek,2
PEST,01,Érd,Brüsszel,26
PEST,01,Érd,Buenos Aires,1
PEST,01,Érd,Canberra,6
PEST,01,Érd,Chicago,5
PEST,01,Érd,Csíkszereda,61
PEST,01,Érd,Csungking,1
PEST,01,Érd,Dublin,22
PEST,01,Érd,Düsseldorf,21
PEST,01,Érd,Edinburgh,20
PEST,01,Érd,Genf,5
PEST,01,Érd,Hága,76
PEST,01,Érd,Hanoi,6
PEST,01,Érd,Helsinki,11
PEST,01,Érd,Ho Chi Minh Város,2
PEST,01,Érd,Hongkong,2
PEST,01,Érd,Houston,5
PEST,01,Érd,Innsbruck,19
PEST,01,Érd,Isztambul,9
PEST,01,Érd,Jakarta,1
PEST,01,Érd,Kairó,4
PEST,01,Érd,Kassa,1
PEST,01,Érd,Kijev,2
PEST,01,Érd,Kolozsvár,24
PEST,01,Érd,Koppenhága,25
PEST,01,Érd,Krakkó,3
PEST,01,Érd,Lisszabon,14
PEST,01,Érd,Ljubljana,3
PEST,01,Érd,London,97
PEST,01,Érd,Los Angeles,5
PEST,01,Érd,Luxembourg,13
PEST,01,Érd,Lyon,7
PEST,01,Érd,Madrid,14
PEST,01,Érd,Malaga,25
PEST,01,Érd,Manchester,20
PEST,01,Érd,Maszkat,3
PEST,01,Érd,Melbourne,4
PEST,01,Érd,Mexikóváros,1
PEST,01,Érd,Miami,13
PEST,01,Érd,Milánó,10
PEST,01,Érd,Minszk,1
PEST,01,Érd,Montreal,2
PEST,01,Érd,München,35
PEST,01,Érd,New York,9
PEST,01,Érd,Nicosia,7
PEST,01,Érd,Nürnberg,12
PEST,01,Érd,Osaka,2
PEST,01,Érd,Osló,10
PEST,01,Érd,Párizs,22
PEST,01,Érd,Peking,2
PEST,01,Érd,Podgorica,1
PEST,01,Érd,Pozsony,2
PEST,01,Érd,Prága,10
PEST,01,Érd,Pretoria,1
PEST,01,Érd,Pristina,2
PEST,01,Érd,Quito,1
PEST,01,Érd,Rabat,1
PEST,01,Érd,Rijád,2
PEST,01,Érd,Róma,17
PEST,01,Érd,San Francisco,2
PEST,01,Érd,Sanghaj,4
PEST,01,Érd,Sao Paulo,2
PEST,01,Érd,Stockholm,13
PEST,01,Érd,Strasbourg,3
PEST,01,Érd,Stuttgart,48
PEST,01,Érd,Sydney,8
PEST,01,Érd,Szabadka,6
PEST,01,Érd,Szarajevó,1
PEST,01,Érd,Szentpétervár,1
PEST,01,Érd,Szingapúr,1
PEST,01,Érd,Szófia,2
PEST,01,Érd,Szöul,6
PEST,01,Érd,Tallinn,1
PEST,01,Érd,Tbiliszi,1
PEST,01,Érd,Tel-Aviv,1
PEST,01,Érd,Tirana,2
PEST,01,Érd,Tokió,10
PEST,01,Érd,Toronto,3
PEST,01,Érd,Újdelhi,2
PEST,01,Érd,Valletta,11
PEST,01,Érd,Vancouver,2
PEST,01,Érd,Varsó,2
PEST,01,Érd,Washington,8
PEST,01,Érd,Wellington,2
PEST,01,Érd,Wroclaw,1
PEST,01,Érd,Zágráb,8
PEST,02,Budaörs,Abu Dhabi,11
PEST,02,Budaörs,Accra,2
PEST,02,Budaörs,Addisz-Abeba,1
PEST,02,Budaörs,Algír,4
PEST,02,Budaörs,Almati,1
PEST,02,Budaörs,Ankara,1
PEST,02,Budaörs,Asztana,2
PEST,02,Budaörs,Athén,13
PEST,02,Budaörs,Bangkok,9
PEST,02,Budaörs,Barcelona,48
PEST,02,Budaörs,Bécs,64
PEST,02,Budaörs,Beregszász,3
PEST,02,Budaörs,Berlin,43
PEST,02,Budaörs,Bern,66
PEST,02,Budaörs,Brüsszel,52
PEST,02,Budaörs,Bukarest,3
PEST,02,Budaörs,Canberra,1
PEST,02,Budaörs,Chicago,10
PEST,02,Budaörs,Csíkszereda,57
PEST,02,Budaörs,Csungking,3
PEST,02,Budaörs,Dar Es-Salaam,1
PEST,02,Budaörs,Doha,4
PEST,02,Budaörs,Dublin,38
PEST,02,Budaörs,Düsseldorf,37
PEST,02,Budaörs,Edinburgh,26
PEST,02,Budaörs,Gdansk,1
PEST,02,Budaörs,Genf,7
PEST,02,Budaörs,Hága,161
PEST,02,Budaörs,Hanoi,5
PEST,02,Budaörs,Havanna,1
PEST,02,Budaörs,Helsinki,19
PEST,02,Budaörs,Ho Chi Minh Város,3
PEST,02,Budaörs,Hongkong,3
PEST,02,Budaörs,Houston,8
PEST,02,Budaörs,Innsbruck,15
PEST,02,Budaörs,Iszlámábád,1
PEST,02,Budaörs,Isztambul,4
PEST,02,Budaörs,Jakarta,8
PEST,02,Budaörs,Jereván,1
PEST,02,Budaörs,Kairó,4
PEST,02,Budaörs,Kassa,1
PEST,02,Budaörs,Kijev,1
PEST,02,Budaörs,Kolozsvár,12
PEST,02,Budaörs,Koppenhága,51
PEST,02,Budaörs,Krakkó,5
PEST,02,Budaörs,Kuala Lumpur,1
PEST,02,Budaörs,Kuangcsou,3
PEST,02,Budaörs,Kuvait,3
PEST,02,Budaörs,Lima,3
PEST,02,Budaörs,Lisszabon,26
PEST,02,Budaörs,Ljubljana,10
PEST,02,Budaörs,London,145
PEST,02,Budaörs,Los Angeles,21
PEST,02,Budaörs,Lusaka,1
PEST,02,Budaörs,Luxembourg,26
PEST,02,Budaörs,Lyon,6
PEST,02,Budaörs,Madrid,43
PEST,02,Budaörs,Malaga,48
PEST,02,Budaörs,Manchester,25
PEST,02,Budaörs,Manila,1
PEST,02,Budaörs,Melbourne,4
PEST,02,Budaörs,Mexikóváros,5
PEST,02,Budaörs,Miami,23
PEST,02,Budaörs,Milánó,37
PEST,02,Budaörs,Montreal,4
PEST,02,Budaörs,Moszkva,3
PEST,02,Budaörs,Mumbai,1
PEST,02,Budaörs,München,72
PEST,02,Budaörs,Nairobi,1
PEST,02,Budaörs,New York,35
PEST,02,Budaörs,Nicosia,10
PEST,02,Budaörs,Nürnberg,29
PEST,02,Budaörs,Osaka,2
PEST,02,Budaörs,Osló,25
PEST,02,Budaörs,Ottawa,2
PEST,02,Budaörs,Panamaváros,6
PEST,02,Budaörs,Párizs,51
PEST,02,Budaörs,Peking,5
PEST,02,Budaörs,Podgorica,1
PEST,02,Budaörs,Pozsony,1
PEST,02,Budaörs,Prága,16
PEST,02,Budaörs,Rijád,1
PEST,02,Budaörs,Róma,44
PEST,02,Budaörs,San Francisco,7
PEST,02,Budaörs,Sanghaj,8
PEST,02,Budaörs,Santiago de Chile,2
PEST,02,Budaörs,Sao Paulo,2
PEST,02,Budaörs,Stockholm,25
PEST,02,Budaörs,Strasbourg,10
PEST,02,Budaörs,Stuttgart,85
PEST,02,Budaörs,Sydney,9
PEST,02,Budaörs,Szabadka,5
PEST,02,Budaörs,Szentpétervár,2
PEST,02,Budaörs,Szingapúr,16
PEST,02,Budaörs,Szófia,3
PEST,02,Budaörs,Szöul,14
PEST,02,Budaörs,Tallinn,5
PEST,02,Budaörs,Tbiliszi,1
PEST,02,Budaörs,Tel-Aviv,4
PEST,02,Budaörs,Tirana,1
PEST,02,Budaörs,Tokió,19
PEST,02,Budaörs,Toronto,8
PEST,02,Budaörs,Tunisz,1
PEST,02,Budaörs,Újdelhi,1
PEST,02,Budaörs,Ungvár,1
PEST,02,Budaörs,Valletta,12
PEST,02,Budaörs,Vancouver,9
PEST,02,Budaörs,Varsó,11
PEST,02,Budaörs,Vilnius,2
PEST,02,Budaörs,Washington,10
PEST,02,Budaörs,Wellington,3
PEST,02,Budaörs,Wroclaw,3
PEST,02,Budaörs,Zágráb,5
PEST,03,Pilisvörösvár,Abu Dhabi,11
PEST,03,Pilisvörösvár,Algír,1
PEST,03,Pilisvörösvár,Amman,2
PEST,03,Pilisvörösvár,Ankara,2
PEST,03,Pilisvörösvár,Athén,15
PEST,03,Pilisvörösvár,Baku,3
PEST,03,Pilisvörösvár,Bangkok,7
PEST,03,Pilisvörösvár,Barcelona,46
PEST,03,Pilisvörösvár,Bécs,43
PEST,03,Pilisvörösvár,Beregszász,6
PEST,03,Pilisvörösvár,Berlin,55
PEST,03,Pilisvörösvár,Bern,62
PEST,03,Pilisvörösvár,Bogota,2
PEST,03,Pilisvörösvár,Brüsszel,60
PEST,03,Pilisvörösvár,Buenos Aires,1
PEST,03,Pilisvörösvár,Bukarest,1
PEST,03,Pilisvörösvár,Canberra,1
PEST,03,Pilisvörösvár,Chicago,11
PEST,03,Pilisvörösvár,Csíkszereda,69
PEST,03,Pilisvörösvár,Doha,1
PEST,03,Pilisvörösvár,Dublin,27
PEST,03,Pilisvörösvár,Düsseldorf,25
PEST,03,Pilisvörösvár,Edinburgh,24
PEST,03,Pilisvörösvár,Gdansk,1
PEST,03,Pilisvörösvár,Genf,10
PEST,03,Pilisvörösvár,Hága,148
PEST,03,Pilisvörösvár,Hanoi,6
PEST,03,Pilisvörösvár,Helsinki,15
PEST,03,Pilisvörösvár,Hongkong,4
PEST,03,Pilisvörösvár,Houston,9
PEST,03,Pilisvörösvár,Innsbruck,23
PEST,03,Pilisvörösvár,Isztambul,7
PEST,03,Pilisvörösvár,Jakarta,3
PEST,03,Pilisvörösvár,Kairó,3
PEST,03,Pilisvörösvár,Kassa,2
PEST,03,Pilisvörösvár,Kijev,3
PEST,03,Pilisvörösvár,Kolozsvár,18
PEST,03,Pilisvörösvár,Koppenhága,37
PEST,03,Pilisvörösvár,Krakkó,8
PEST,03,Pilisvörösvár,Kuala Lumpur,1
PEST,03,Pilisvörösvár,Kuangcsou,1
PEST,03,Pilisvörösvár,Kuvait,1
PEST,03,Pilisvörösvár,Lisszabon,24
PEST,03,Pilisvörösvár,Ljubljana,10
PEST,03,Pilisvörösvár,London,126
PEST,03,Pilisvörösvár,Los Angeles,16
PEST,03,Pilisvörösvár,Luxembourg,16
PEST,03,Pilisvörösvár,Lyon,12
PEST,03,Pilisvörösvár,Madrid,31
PEST,03,Pilisvörösvár,Malaga,33
PEST,03,Pilisvörösvár,Manchester,19
PEST,03,Pilisvörösvár,Manila,2
PEST,03,Pilisvörösvár,Maszkat,2
PEST,03,Pilisvörösvár,Melbourne,3
PEST,03,Pilisvörösvár,Mexikóváros,1
PEST,03,Pilisvörösvár,Miami,18
PEST,03,Pilisvörösvár,Milánó,19
PEST,03,Pilisvörösvár,Minszk,1
PEST,03,Pilisvörösvár,Montreal,3
PEST,03,Pilisvörösvár,Moszkva,2
PEST,03,Pilisvörösvár,München,63
PEST,03,Pilisvörösvár,New York,25
PEST,03,Pilisvörösvár,Nicosia,11
PEST,03,Pilisvörösvár,Nürnberg,10
PEST,03,Pilisvörösvár,Osaka,5
PEST,03,Pilisvörösvár,Osló,17
PEST,03,Pilisvörösvár,Ottawa,4
PEST,03,Pilisvörösvár,Párizs,41
PEST,03,Pilisvörösvár,Peking,3
PEST,03,Pilisvörösvár,Pozsony,10
PEST,03,Pilisvörösvár,Prága,12
PEST,03,Pilisvörösvár,Rabat,3
PEST,03,Pilisvörösvár,Ramallah,1
PEST,03,Pilisvörösvár,Riga,2
PEST,03,Pilisvörösvár,Rijád,1
PEST,03,Pilisvörösvár,Róma,25
PEST,03,Pilisvörösvár,San Francisco,6
PEST,03,Pilisvörösvár,Sanghaj,2
PEST,03,Pilisvörösvár,Stockholm,31
PEST,03,Pilisvörösvár,Strasbourg,4
PEST,03,Pilisvörösvár,Stuttgart,75
PEST,03,Pilisvörösvár,Sydney,16
PEST,03,Pilisvörösvár,Szabadka,3
PEST,03,Pilisvörösvár,Szarajevó,2
PEST,03,Pilisvörösvár,Szingapúr,9
PEST,03,Pilisvörösvár,Szófia,3
PEST,03,Pilisvörösvár,Szöul,7
PEST,03,Pilisvörösvár,Tallinn,3
PEST,03,Pilisvörösvár,Taskent,2
PEST,03,Pilisvörösvár,Tel-Aviv,3
PEST,03,Pilisvörösvár,Tirana,5
PEST,03,Pilisvörösvár,Tokió,8
PEST,03,Pilisvörösvár,Toronto,16
PEST,03,Pilisvörösvár,Tunisz,2
PEST,03,Pilisvörösvár,Újdelhi,1
PEST,03,Pilisvörösvár,Ungvár,1
PEST,03,Pilisvörösvár,Valletta,27
PEST,03,Pilisvörösvár,Vancouver,9
PEST,03,Pilisvörösvár,Varsó,5
PEST,03,Pilisvörösvár,Vientián,1
PEST,03,Pilisvörösvár,Vilnius,2
PEST,03,Pilisvörösvár,Washington,6
PEST,03,Pilisvörösvár,Wellington,2
PEST,03,Pilisvörösvár,Wroclaw,5
PEST,03,Pilisvörösvár,Zágráb,11
PEST,04,Szentendre,Abu Dhabi,2
PEST,04,Szentendre,Accra,1
PEST,04,Szentendre,Addisz-Abeba,1
PEST,04,Szentendre,Ankara,2
PEST,04,Szentendre,Athén,8
PEST,04,Szentendre,Bangkok,10
PEST,04,Szentendre,Barcelona,25
PEST,04,Szentendre,Bécs,45
PEST,04,Szentendre,Bejrút,2
PEST,04,Szentendre,Beregszász,5
PEST,04,Szentendre,Berlin,47
PEST,04,Szentendre,Bern,67
PEST,04,Szentendre,Bogota,1
PEST,04,Szentendre,Brüsszel,34
PEST,04,Szentendre,Canberra,2
PEST,04,Szentendre,Chicago,8
PEST,04,Szentendre,Kisinyov,1
PEST,04,Szentendre,Csíkszereda,51
PEST,04,Szentendre,Csungking,2
PEST,04,Szentendre,Doha,2
PEST,04,Szentendre,Dublin,27
PEST,04,Szentendre,Düsseldorf,41
PEST,04,Szentendre,Edinburgh,16
PEST,04,Szentendre,Eszék,1
PEST,04,Szentendre,Gdansk,3
PEST,04,Szentendre,Genf,15
PEST,04,Szentendre,Hága,122
PEST,04,Szentendre,Hanoi,4
PEST,04,Szentendre,Helsinki,17
PEST,04,Szentendre,Ho Chi Minh Város,1
PEST,04,Szentendre,Hongkong,2
PEST,04,Szentendre,Houston,3
PEST,04,Szentendre,Innsbruck,27
PEST,04,Szentendre,Isztambul,7
PEST,04,Szentendre,Jakarta,2
PEST,04,Szentendre,Kairó,2
PEST,04,Szentendre,Kampala,1
PEST,04,Szentendre,Kazány,3
PEST,04,Szentendre,Kinshasa,1
PEST,04,Szentendre,Kolozsvár,7
PEST,04,Szentendre,Koppenhága,40
PEST,04,Szentendre,Krakkó,4
PEST,04,Szentendre,Kuala Lumpur,4
PEST,04,Szentendre,Kuangcsou,3
PEST,04,Szentendre,Lendva,2
PEST,04,Szentendre,Lima,1
PEST,04,Szentendre,Lisszabon,18
PEST,04,Szentendre,Ljubljana,13
PEST,04,Szentendre,London,118
PEST,04,Szentendre,Los Angeles,6
PEST,04,Szentendre,Luanda,1
PEST,04,Szentendre,Luxembourg,11
PEST,04,Szentendre,Lyon,4
PEST,04,Szentendre,Madrid,13
PEST,04,Szentendre,Malaga,16
PEST,04,Szentendre,Manchester,15
PEST,04,Szentendre,Manila,3
PEST,04,Szentendre,Maszkat,3
PEST,04,Szentendre,Melbourne,5
PEST,04,Szentendre,Mexikóváros,4
PEST,04,Szentendre,Miami,18
PEST,04,Szentendre,Milánó,29
PEST,04,Szentendre,Montreal,8
PEST,04,Szentendre,Moszkva,2
PEST,04,Szentendre,Mumbai,1
PEST,04,Szentendre,München,57
PEST,04,Szentendre,N'Djamena,1
PEST,04,Szentendre,New York,21
PEST,04,Szentendre,Nicosia,9
PEST,04,Szentendre,Nürnberg,18
PEST,04,Szentendre,Osaka,3
PEST,04,Szentendre,Osló,15
PEST,04,Szentendre,Ottawa,3
PEST,04,Szentendre,Panamaváros,3
PEST,04,Szentendre,Párizs,39
PEST,04,Szentendre,Peking,3
PEST,04,Szentendre,Podgorica,2
PEST,04,Szentendre,Pozsony,3
PEST,04,Szentendre,Prága,10
PEST,04,Szentendre,Pretoria,1
PEST,04,Szentendre,Pristina,4
PEST,04,Szentendre,Rabat,1
PEST,04,Szentendre,Riga,2
PEST,04,Szentendre,Rijád,1
PEST,04,Szentendre,Róma,21
PEST,04,Szentendre,San Francisco,4
PEST,04,Szentendre,Sanghaj,6
PEST,04,Szentendre,Santiago de Chile,1
PEST,04,Szentendre,Sao Paulo,1
PEST,04,Szentendre,Stockholm,31
PEST,04,Szentendre,Strasbourg,4
PEST,04,Szentendre,Stuttgart,45
PEST,04,Szentendre,Sydney,10
PEST,04,Szentendre,Szabadka,7
PEST,04,Szentendre,Szingapúr,3
PEST,04,Szentendre,Szófia,1
PEST,04,Szentendre,Szöul,2
PEST,04,Szentendre,Tallinn,6
PEST,04,Szentendre,Taskent,2
PEST,04,Szentendre,Tbiliszi,2
PEST,04,Szentendre,Tel-Aviv,1
PEST,04,Szentendre,Tirana,3
PEST,04,Szentendre,Tokió,6
PEST,04,Szentendre,Toronto,2
PEST,04,Szentendre,Tunisz,2
PEST,04,Szentendre,Újdelhi,1
PEST,04,Szentendre,Ulánbátor,1
PEST,04,Szentendre,Ungvár,3
PEST,04,Szentendre,Valletta,12
PEST,04,Szentendre,Vancouver,8
PEST,04,Szentendre,Varsó,13
PEST,04,Szentendre,Vilnius,2
PEST,04,Szentendre,Washington,11
PEST,04,Szentendre,Wellington,12
PEST,04,Szentendre,Zágráb,4
PEST,05,Dunakeszi,Abu Dhabi,6
PEST,05,Dunakeszi,Almati,2
PEST,05,Dunakeszi,Athén,9
PEST,05,Dunakeszi,Baku,1
PEST,05,Dunakeszi,Bangkok,5
PEST,05,Dunakeszi,Barcelona,30
PEST,05,Dunakeszi,Bécs,34
PEST,05,Dunakeszi,Belgrád,2
PEST,05,Dunakeszi,Beregszász,2
PEST,05,Dunakeszi,Berlin,23
PEST,05,Dunakeszi,Bern,57
PEST,05,Dunakeszi,Besztercebánya,1
PEST,05,Dunakeszi,Brüsszel,47
PEST,05,Dunakeszi,Bukarest,4
PEST,05,Dunakeszi,Canberra,1
PEST,05,Dunakeszi,Chicago,6
PEST,05,Dunakeszi,Csíkszereda,34
PEST,05,Dunakeszi,Csungking,2
PEST,05,Dunakeszi,Doha,7
PEST,05,Dunakeszi,Dublin,34
PEST,05,Dunakeszi,Düsseldorf,30
PEST,05,Dunakeszi,Edinburgh,28
PEST,05,Dunakeszi,Eszék,1
PEST,05,Dunakeszi,Genf,3
PEST,05,Dunakeszi,Hága,106
PEST,05,Dunakeszi,Hanoi,9
PEST,05,Dunakeszi,Helsinki,12
PEST,05,Dunakeszi,Ho Chi Minh Város,2
PEST,05,Dunakeszi,Hongkong,3
PEST,05,Dunakeszi,Houston,1
PEST,05,Dunakeszi,Innsbruck,14
PEST,05,Dunakeszi,Isztambul,7
PEST,05,Dunakeszi,Jakarta,2
PEST,05,Dunakeszi,Jereván,1
PEST,05,Dunakeszi,Kairó,14
PEST,05,Dunakeszi,Kijev,2
PEST,05,Dunakeszi,Kinshasa,2
PEST,05,Dunakeszi,Kolozsvár,2
PEST,05,Dunakeszi,Koppenhága,20
PEST,05,Dunakeszi,Krakkó,2
PEST,05,Dunakeszi,Kuala Lumpur,2
PEST,05,Dunakeszi,Lima,1
PEST,05,Dunakeszi,Lisszabon,25
PEST,05,Dunakeszi,Ljubljana,4
PEST,05,Dunakeszi,London,108
PEST,05,Dunakeszi,Los Angeles,10
PEST,05,Dunakeszi,Luanda,1
PEST,05,Dunakeszi,Lusaka,1
PEST,05,Dunakeszi,Luxembourg,17
PEST,05,Dunakeszi,Lyon,4
PEST,05,Dunakeszi,Madrid,20
PEST,05,Dunakeszi,Malaga,41
PEST,05,Dunakeszi,Manchester,34
PEST,05,Dunakeszi,Manila,1
PEST,05,Dunakeszi,Maszkat,1
PEST,05,Dunakeszi,Melbourne,8
PEST,05,Dunakeszi,Miami,14
PEST,05,Dunakeszi,Milánó,24
PEST,05,Dunakeszi,Montreal,2
PEST,05,Dunakeszi,Moszkva,5
PEST,05,Dunakeszi,München,46
PEST,05,Dunakeszi,Nairobi,1
PEST,05,Dunakeszi,New York,27
PEST,05,Dunakeszi,Nicosia,8
PEST,05,Dunakeszi,Nürnberg,21
PEST,05,Dunakeszi,Osaka,2
PEST,05,Dunakeszi,Osló,11
PEST,05,Dunakeszi,Panamaváros,2
PEST,05,Dunakeszi,Párizs,37
PEST,05,Dunakeszi,Peking,11
PEST,05,Dunakeszi,Podgorica,2
PEST,05,Dunakeszi,Pozsony,6
PEST,05,Dunakeszi,Prága,8
PEST,05,Dunakeszi,Rabat,2
PEST,05,Dunakeszi,Riga,2
PEST,05,Dunakeszi,Rijád,1
PEST,05,Dunakeszi,Róma,20
PEST,05,Dunakeszi,San Francisco,4
PEST,05,Dunakeszi,Sanghaj,4
PEST,05,Dunakeszi,Stockholm,17
PEST,05,Dunakeszi,Strasbourg,5
PEST,05,Dunakeszi,Stuttgart,38
PEST,05,Dunakeszi,Sydney,9
PEST,05,Dunakeszi,Szabadka,10
PEST,05,Dunakeszi,Szingapúr,4
PEST,05,Dunakeszi,Szkopje,2
PEST,05,Dunakeszi,Szófia,2
PEST,05,Dunakeszi,Szöul,7
PEST,05,Dunakeszi,Tallinn,1
PEST,05,Dunakeszi,Tbiliszi,2
PEST,05,Dunakeszi,Tel-Aviv,1
PEST,05,Dunakeszi,Tirana,3
PEST,05,Dunakeszi,Tokió,13
PEST,05,Dunakeszi,Toronto,12
PEST,05,Dunakeszi,Ungvár,1
PEST,05,Dunakeszi,Valletta,9
PEST,05,Dunakeszi,Vancouver,1
PEST,05,Dunakeszi,Varsó,14
PEST,05,Dunakeszi,Vientián,1
PEST,05,Dunakeszi,Vilnius,1
PEST,05,Dunakeszi,Washington,5
PEST,05,Dunakeszi,Wellington,4
PEST,05,Dunakeszi,Zágráb,1
PEST,06,Gödöllő,Abu Dhabi,6
PEST,06,Gödöllő,Accra,1
PEST,06,Gödöllő,Ankara,2
PEST,06,Gödöllő,Athén,6
PEST,06,Gödöllő,Bangkok,3
PEST,06,Gödöllő,Barcelona,18
PEST,06,Gödöllő,Bécs,28
PEST,06,Gödöllő,Beregszász,5
PEST,06,Gödöllő,Berlin,28
PEST,06,Gödöllő,Bern,42
PEST,06,Gödöllő,Bogota,1
PEST,06,Gödöllő,Brüsszel,34
PEST,06,Gödöllő,Buenos Aires,1
PEST,06,Gödöllő,Bukarest,7
PEST,06,Gödöllő,Canberra,3
PEST,06,Gödöllő,Chicago,6
PEST,06,Gödöllő,Csíkszereda,38
PEST,06,Gödöllő,Csungking,5
PEST,06,Gödöllő,Doha,1
PEST,06,Gödöllő,Dublin,31
PEST,06,Gödöllő,Düsseldorf,33
PEST,06,Gödöllő,Edinburgh,16
PEST,06,Gödöllő,Eszék,1
PEST,06,Gödöllő,Gdansk,7
PEST,06,Gödöllő,Genf,4
PEST,06,Gödöllő,Hága,89
PEST,06,Gödöllő,Hanoi,9
PEST,06,Gödöllő,Havanna,1
PEST,06,Gödöllő,Helsinki,8
PEST,06,Gödöllő,Ho Chi Minh Város,3
PEST,06,Gödöllő,Hongkong,5
PEST,06,Gödöllő,Houston,7
PEST,06,Gödöllő,Innsbruck,14
PEST,06,Gödöllő,Isztambul,3
PEST,06,Gödöllő,Jakarta,4
PEST,06,Gödöllő,Jereván,1
PEST,06,Gödöllő,Kairó,4
PEST,06,Gödöllő,Kolozsvár,20
PEST,06,Gödöllő,Koppenhága,40
PEST,06,Gödöllő,Krakkó,3
PEST,06,Gödöllő,Kuala Lumpur,2
PEST,06,Gödöllő,Kuvait,4
PEST,06,Gödöllő,Lima,2
PEST,06,Gödöllő,Lisszabon,29
PEST,06,Gödöllő,Ljubljana,7
PEST,06,Gödöllő,London,104
PEST,06,Gödöllő,Los Angeles,2
PEST,06,Gödöllő,Luxembourg,15
PEST,06,Gödöllő,Lyon,7
PEST,06,Gödöllő,Madrid,24
PEST,06,Gödöllő,Malaga,28
PEST,06,Gödöllő,Manchester,17
PEST,06,Gödöllő,Melbourne,2
PEST,06,Gödöllő,Mexikóváros,1
PEST,06,Gödöllő,Miami,5
PEST,06,Gödöllő,Milánó,22
PEST,06,Gödöllő,Montreal,3
PEST,06,Gödöllő,Moszkva,3
PEST,06,Gödöllő,München,42
PEST,06,Gödöllő,New York,21
PEST,06,Gödöllő,Nicosia,5
PEST,06,Gödöllő,Nürnberg,18
PEST,06,Gödöllő,Osaka,4
PEST,06,Gödöllő,Osló,17
PEST,06,Gödöllő,Panamaváros,1
PEST,06,Gödöllő,Párizs,28
PEST,06,Gödöllő,Peking,3
PEST,06,Gödöllő,Pozsony,6
PEST,06,Gödöllő,Prága,6
PEST,06,Gödöllő,Pretoria,4
PEST,06,Gödöllő,Pristina,1
PEST,06,Gödöllő,Quito,1
PEST,06,Gödöllő,Róma,24
PEST,06,Gödöllő,San Francisco,6
PEST,06,Gödöllő,Sanghaj,3
PEST,06,Gödöllő,Santiago de Chile,1
PEST,06,Gödöllő,Sao Paulo,3
PEST,06,Gödöllő,Stockholm,13
PEST,06,Gödöllő,Strasbourg,9
PEST,06,Gödöllő,Stuttgart,42
PEST,06,Gödöllő,Sydney,7
PEST,06,Gödöllő,Szabadka,13
PEST,06,Gödöllő,Szarajevó,2
PEST,06,Gödöllő,Szentpétervár,1
PEST,06,Gödöllő,Szingapúr,4
PEST,06,Gödöllő,Szkopje,1
PEST,06,Gödöllő,Szöul,4
PEST,06,Gödöllő,Tallinn,2
PEST,06,Gödöllő,Tel-Aviv,6
PEST,06,Gödöllő,Tirana,2
PEST,06,Gödöllő,Tokió,5
PEST,06,Gödöllő,Toronto,4
PEST,06,Gödöllő,Tunisz,2
PEST,06,Gödöllő,Újdelhi,1
PEST,06,Gödöllő,Ungvár,1
PEST,06,Gödöllő,Valletta,16
PEST,06,Gödöllő,Vancouver,5
PEST,06,Gödöllő,Varsó,3
PEST,06,Gödöllő,Washington,12
PEST,06,Gödöllő,Zágráb,1
PEST,07,Pécel,Ankara,1
PEST,07,Pécel,Athén,2
PEST,07,Pécel,Bangkok,3
PEST,07,Pécel,Barcelona,17
PEST,07,Pécel,Bécs,21
PEST,07,Pécel,Belgrád,1
PEST,07,Pécel,Beregszász,4
PEST,07,Pécel,Berlin,13
PEST,07,Pécel,Bern,33
PEST,07,Pécel,Brüsszel,13
PEST,07,Pécel,Bukarest,2
PEST,07,Pécel,Csíkszereda,31
PEST,07,Pécel,Csungking,1
PEST,07,Pécel,Dublin,13
PEST,07,Pécel,Düsseldorf,22
PEST,07,Pécel,Edinburgh,8
PEST,07,Pécel,Gdansk,2
PEST,07,Pécel,Hága,47
PEST,07,Pécel,Hanoi,2
PEST,07,Pécel,Helsinki,4
PEST,07,Pécel,Hongkong,1
PEST,07,Pécel,Houston,4
PEST,07,Pécel,Innsbruck,8
PEST,07,Pécel,Isztambul,3
PEST,07,Pécel,Jakarta,1
PEST,07,Pécel,Kolozsvár,5
PEST,07,Pécel,Koppenhága,20
PEST,07,Pécel,Krakkó,1
PEST,07,Pécel,Kuangcsou,1
PEST,07,Pécel,Kuvait,1
PEST,07,Pécel,Lisszabon,4
PEST,07,Pécel,Ljubljana,4
PEST,07,Pécel,London,62
PEST,07,Pécel,Luxembourg,10
PEST,07,Pécel,Lyon,6
PEST,07,Pécel,Madrid,11
PEST,07,Pécel,Malaga,6
PEST,07,Pécel,Manchester,11
PEST,07,Pécel,Manila,1
PEST,07,Pécel,Mexikóváros,3
PEST,07,Pécel,Miami,6
PEST,07,Pécel,Milánó,10
PEST,07,Pécel,Montreal,2
PEST,07,Pécel,Mumbai,1
PEST,07,Pécel,München,34
PEST,07,Pécel,Nairobi,1
PEST,07,Pécel,New York,10
PEST,07,Pécel,Nicosia,4
PEST,07,Pécel,Nürnberg,21
PEST,07,Pécel,Osaka,2
PEST,07,Pécel,Osló,4
PEST,07,Pécel,Párizs,15
PEST,07,Pécel,Pozsony,2
PEST,07,Pécel,Prága,4
PEST,07,Pécel,Rijád,1
PEST,07,Pécel,Róma,27
PEST,07,Pécel,San Francisco,7
PEST,07,Pécel,Sanghaj,1
PEST,07,Pécel,Sao Paulo,3
PEST,07,Pécel,Stockholm,6
PEST,07,Pécel,Strasbourg,3
PEST,07,Pécel,Stuttgart,25
PEST,07,Pécel,Sydney,3
PEST,07,Pécel,Szabadka,1
PEST,07,Pécel,Szingapúr,1
PEST,07,Pécel,Szkopje,1
PEST,07,Pécel,Szófia,1
PEST,07,Pécel,Szöul,2
PEST,07,Pécel,Tallinn,2
PEST,07,Pécel,Tel-Aviv,1
PEST,07,Pécel,Tirana,5
PEST,07,Pécel,Tokió,7
PEST,07,Pécel,Toronto,2
PEST,07,Pécel,Ungvár,3
PEST,07,Pécel,Valletta,13
PEST,07,Pécel,Vancouver,2
PEST,07,Pécel,Varsó,2
PEST,07,Pécel,Washington,2
PEST,07,Pécel,Wellington,1
PEST,08,Vecsés,Abu Dhabi,3
PEST,08,Vecsés,Athén,9
PEST,08,Vecsés,Bangkok,5
PEST,08,Vecsés,Barcelona,20
PEST,08,Vecsés,Bécs,22
PEST,08,Vecsés,Beregszász,5
PEST,08,Vecsés,Berlin,19
PEST,08,Vecsés,Bern,19
PEST,08,Vecsés,Brüsszel,4
PEST,08,Vecsés,Bukarest,1
PEST,08,Vecsés,Chicago,2
PEST,08,Vecsés,Csíkszereda,53
PEST,08,Vecsés,Csungking,1
PEST,08,Vecsés,Doha,2
PEST,08,Vecsés,Dublin,24
PEST,08,Vecsés,Düsseldorf,18
PEST,08,Vecsés,Edinburgh,16
PEST,08,Vecsés,Gdansk,1
PEST,08,Vecsés,Genf,3
PEST,08,Vecsés,Hága,45
PEST,08,Vecsés,Hanoi,2
PEST,08,Vecsés,Havanna,1
PEST,08,Vecsés,Helsinki,4
PEST,08,Vecsés,Hongkong,3
PEST,08,Vecsés,Houston,1
PEST,08,Vecsés,Innsbruck,16
PEST,08,Vecsés,Isztambul,9
PEST,08,Vecsés,Jakarta,2
PEST,08,Vecsés,Jekatyerinburg,1
PEST,08,Vecsés,Kairó,1
PEST,08,Vecsés,Kolozsvár,22
PEST,08,Vecsés,Koppenhága,24
PEST,08,Vecsés,Krakkó,2
PEST,08,Vecsés,Lendva,2
PEST,08,Vecsés,Lisszabon,5
PEST,08,Vecsés,Ljubljana,3
PEST,08,Vecsés,London,71
PEST,08,Vecsés,Los Angeles,5
PEST,08,Vecsés,Luxembourg,4
PEST,08,Vecsés,Lyon,2
PEST,08,Vecsés,Madrid,6
PEST,08,Vecsés,Malaga,8
PEST,08,Vecsés,Manchester,20
PEST,08,Vecsés,Melbourne,4
PEST,08,Vecsés,Miami,10
PEST,08,Vecsés,Milánó,15
PEST,08,Vecsés,Montreal,3
PEST,08,Vecsés,München,30
PEST,08,Vecsés,Nairobi,2
PEST,08,Vecsés,New York,14
PEST,08,Vecsés,Nicosia,6
PEST,08,Vecsés,Nürnberg,18
PEST,08,Vecsés,Osaka,3
PEST,08,Vecsés,Osló,7
PEST,08,Vecsés,Párizs,11
PEST,08,Vecsés,Podgorica,2
PEST,08,Vecsés,Pozsony,5
PEST,08,Vecsés,Prága,2
PEST,08,Vecsés,Pretoria,1
PEST,08,Vecsés,Pristina,1
PEST,08,Vecsés,Quito,1
PEST,08,Vecsés,Rabat,2
PEST,08,Vecsés,Riga,1
PEST,08,Vecsés,Róma,6
PEST,08,Vecsés,San Francisco,2
PEST,08,Vecsés,Sanghaj,4
PEST,08,Vecsés,Stockholm,13
PEST,08,Vecsés,Strasbourg,5
PEST,08,Vecsés,Stuttgart,45
PEST,08,Vecsés,Sydney,2
PEST,08,Vecsés,Szabadka,5
PEST,08,Vecsés,Szarajevó,2
PEST,08,Vecsés,Szingapúr,2
PEST,08,Vecsés,Szófia,1
PEST,08,Vecsés,Szöul,3
PEST,08,Vecsés,Tel-Aviv,1
PEST,08,Vecsés,Tirana,1
PEST,08,Vecsés,Tokió,7
PEST,08,Vecsés,Toronto,3
PEST,08,Vecsés,Újdelhi,1
PEST,08,Vecsés,Ungvár,2
PEST,08,Vecsés,Valletta,11
PEST,08,Vecsés,Vancouver,4
PEST,08,Vecsés,Varsó,8
PEST,08,Vecsés,Washington,2
PEST,08,Vecsés,Wellington,2
PEST,08,Vecsés,Zágráb,1
PEST,09,Ráckeve,Abu Dhabi,2
PEST,09,Ráckeve,Athén,8
PEST,09,Ráckeve,Bangkok,1
PEST,09,Ráckeve,Barcelona,11
PEST,09,Ráckeve,Bécs,19
PEST,09,Ráckeve,Beregszász,2
PEST,09,Ráckeve,Berlin,20
PEST,09,Ráckeve,Bern,43
PEST,09,Ráckeve,Bogota,1
PEST,09,Ráckeve,Brüsszel,16
PEST,09,Ráckeve,Chicago,1
PEST,09,Ráckeve,Csíkszereda,43
PEST,09,Ráckeve,Dar Es-Salaam,1
PEST,09,Ráckeve,Dublin,12
PEST,09,Ráckeve,Düsseldorf,19
PEST,09,Ráckeve,Edinburgh,10
PEST,09,Ráckeve,Genf,3
PEST,09,Ráckeve,Hága,41
PEST,09,Ráckeve,Helsinki,5
PEST,09,Ráckeve,Ho Chi Minh Város,1
PEST,09,Ráckeve,Hongkong,1
PEST,09,Ráckeve,Innsbruck,12
PEST,09,Ráckeve,Isztambul,3
PEST,09,Ráckeve,Jakarta,1
PEST,09,Ráckeve,Kairó,3
PEST,09,Ráckeve,Kolozsvár,9
PEST,09,Ráckeve,Koppenhága,25
PEST,09,Ráckeve,Krakkó,1
PEST,09,Ráckeve,Kuvait,1
PEST,09,Ráckeve,Lisszabon,2
PEST,09,Ráckeve,Ljubljana,2
PEST,09,Ráckeve,London,49
PEST,09,Ráckeve,Los Angeles,6
PEST,09,Ráckeve,Luxembourg,3
PEST,09,Ráckeve,Lyon,3
PEST,09,Ráckeve,Madrid,8
PEST,09,Ráckeve,Malaga,12
PEST,09,Ráckeve,Manchester,17
PEST,09,Ráckeve,Manila,1
PEST,09,Ráckeve,Melbourne,1
PEST,09,Ráckeve,Miami,4
PEST,09,Ráckeve,Milánó,10
PEST,09,Ráckeve,Montreal,1
PEST,09,Ráckeve,München,52
PEST,09,Ráckeve,New York,10
PEST,09,Ráckeve,Nicosia,3
PEST,09,Ráckeve,Nürnberg,13
PEST,09,Ráckeve,Osaka,3
PEST,09,Ráckeve,Osló,6
PEST,09,Ráckeve,Párizs,8
PEST,09,Ráckeve,Podgorica,1
PEST,09,Ráckeve,Pozsony,4
PEST,09,Ráckeve,Prága,4
PEST,09,Ráckeve,Pristina,1
PEST,09,Ráckeve,Rabat,4
PEST,09,Ráckeve,Ramallah,1
PEST,09,Ráckeve,Róma,6
PEST,09,Ráckeve,San Francisco,3
PEST,09,Ráckeve,Sanghaj,2
PEST,09,Ráckeve,Sao Paulo,1
PEST,09,Ráckeve,Stockholm,12
PEST,09,Ráckeve,Strasbourg,4
PEST,09,Ráckeve,Stuttgart,36
PEST,09,Ráckeve,Sydney,1
PEST,09,Ráckeve,Szabadka,2
PEST,09,Ráckeve,Szkopje,1
PEST,09,Ráckeve,Szófia,1
PEST,09,Ráckeve,Szöul,2
PEST,09,Ráckeve,Tallinn,1
PEST,09,Ráckeve,Tel-Aviv,1
PEST,09,Ráckeve,Tokió,1
PEST,09,Ráckeve,Toronto,3
PEST,09,Ráckeve,Valletta,8
PEST,09,Ráckeve,Vancouver,1
PEST,09,Ráckeve,Vientián,1
PEST,09,Ráckeve,Washington,5
PEST,09,Ráckeve,Wellington,2
PEST,09,Ráckeve,Zágráb,1
PEST,10,Szigetszentmiklós,Abu Dhabi,4
PEST,10,Szigetszentmiklós,Accra,1
PEST,10,Szigetszentmiklós,Almati,1
PEST,10,Szigetszentmiklós,Amman,2
PEST,10,Szigetszentmiklós,Ankara,1
PEST,10,Szigetszentmiklós,Athén,8
PEST,10,Szigetszentmiklós,Bangkok,6
PEST,10,Szigetszentmiklós,Barcelona,32
PEST,10,Szigetszentmiklós,Bécs,22
PEST,10,Szigetszentmiklós,Bejrút,2
PEST,10,Szigetszentmiklós,Berlin,21
PEST,10,Szigetszentmiklós,Bern,44
PEST,10,Szigetszentmiklós,Brüsszel,23
PEST,10,Szigetszentmiklós,Chicago,4
PEST,10,Szigetszentmiklós,Kisinyov,1
PEST,10,Szigetszentmiklós,Csíkszereda,40
PEST,10,Szigetszentmiklós,Doha,1
PEST,10,Szigetszentmiklós,Dublin,19
PEST,10,Szigetszentmiklós,Düsseldorf,31
PEST,10,Szigetszentmiklós,Edinburgh,24
PEST,10,Szigetszentmiklós,Eszék,1
PEST,10,Szigetszentmiklós,Gdansk,3
PEST,10,Szigetszentmiklós,Genf,3
PEST,10,Szigetszentmiklós,Hága,92
PEST,10,Szigetszentmiklós,Hanoi,2
PEST,10,Szigetszentmiklós,Helsinki,7
PEST,10,Szigetszentmiklós,Ho Chi Minh Város,1
PEST,10,Szigetszentmiklós,Hongkong,2
PEST,10,Szigetszentmiklós,Houston,1
PEST,10,Szigetszentmiklós,Innsbruck,13
PEST,10,Szigetszentmiklós,Isztambul,1
PEST,10,Szigetszentmiklós,Jakarta,3
PEST,10,Szigetszentmiklós,Kairó,2
PEST,10,Szigetszentmiklós,Kassa,1
PEST,10,Szigetszentmiklós,Kijev,3
PEST,10,Szigetszentmiklós,Kolozsvár,14
PEST,10,Szigetszentmiklós,Koppenhága,26
PEST,10,Szigetszentmiklós,Krakkó,2
PEST,10,Szigetszentmiklós,Kuala Lumpur,3
PEST,10,Szigetszentmiklós,Kuangcsou,1
PEST,10,Szigetszentmiklós,Kuvait,1
PEST,10,Szigetszentmiklós,Lisszabon,2
PEST,10,Szigetszentmiklós,Ljubljana,5
PEST,10,Szigetszentmiklós,London,74
PEST,10,Szigetszentmiklós,Los Angeles,13
PEST,10,Szigetszentmiklós,Luxembourg,7
PEST,10,Szigetszentmiklós,Lyon,1
PEST,10,Szigetszentmiklós,Madrid,10
PEST,10,Szigetszentmiklós,Malaga,9
PEST,10,Szigetszentmiklós,Manchester,38
PEST,10,Szigetszentmiklós,Melbourne,2
PEST,10,Szigetszentmiklós,Mexikóváros,2
PEST,10,Szigetszentmiklós,Miami,16
PEST,10,Szigetszentmiklós,Milánó,12
PEST,10,Szigetszentmiklós,München,56
PEST,10,Szigetszentmiklós,Nairobi,1
PEST,10,Szigetszentmiklós,New York,17
PEST,10,Szigetszentmiklós,Nicosia,6
PEST,10,Szigetszentmiklós,Nürnberg,16
PEST,10,Szigetszentmiklós,Osló,6
PEST,10,Szigetszentmiklós,Ottawa,1
PEST,10,Szigetszentmiklós,Párizs,14
PEST,10,Szigetszentmiklós,Podgorica,1
PEST,10,Szigetszentmiklós,Pozsony,8
PEST,10,Szigetszentmiklós,Prága,6
PEST,10,Szigetszentmiklós,Pristina,1
PEST,10,Szigetszentmiklós,Rabat,1
PEST,10,Szigetszentmiklós,Rijád,3
PEST,10,Szigetszentmiklós,Róma,8
PEST,10,Szigetszentmiklós,Sanghaj,1
PEST,10,Szigetszentmiklós,Stockholm,17
PEST,10,Szigetszentmiklós,Strasbourg,11
PEST,10,Szigetszentmiklós,Stuttgart,38
PEST,10,Szigetszentmiklós,Sydney,6
PEST,10,Szigetszentmiklós,Szabadka,3
PEST,10,Szigetszentmiklós,Szarajevó,1
PEST,10,Szigetszentmiklós,Szingapúr,3
PEST,10,Szigetszentmiklós,Szkopje,1
PEST,10,Szigetszentmiklós,Szófia,2
PEST,10,Szigetszentmiklós,Szöul,4
PEST,10,Szigetszentmiklós,Tallinn,3
PEST,10,Szigetszentmiklós,Tirana,2
PEST,10,Szigetszentmiklós,Tokió,5
PEST,10,Szigetszentmiklós,Toronto,11
PEST,10,Szigetszentmiklós,Ungvár,4
PEST,10,Szigetszentmiklós,Valletta,9
PEST,10,Szigetszentmiklós,Varsó,6
PEST,10,Szigetszentmiklós,Washington,10
PEST,10,Szigetszentmiklós,Wroclaw,2
PEST,10,Szigetszentmiklós,Zágráb,5
PEST,11,Vác,Abu Dhabi,8
PEST,11,Vác,Accra,1
PEST,11,Vác,Athén,2
PEST,11,Vác,Bangkok,9
PEST,11,Vác,Barcelona,14
PEST,11,Vác,Bécs,24
PEST,11,Vác,Beregszász,3
PEST,11,Vác,Berlin,18
PEST,11,Vác,Bern,25
PEST,11,Vác,Besztercebánya,2
PEST,11,Vác,Brüsszel,18
PEST,11,Vác,Bukarest,1
PEST,11,Vác,Chicago,1
PEST,11,Vác,Csíkszereda,29
PEST,11,Vác,Csungking,2
PEST,11,Vác,Doha,2
PEST,11,Vác,Dublin,16
PEST,11,Vác,Düsseldorf,23
PEST,11,Vác,Edinburgh,12
PEST,11,Vác,Gdansk,1
PEST,11,Vác,Genf,5
PEST,11,Vác,Hága,55
PEST,11,Vác,Hanoi,3
PEST,11,Vác,Helsinki,14
PEST,11,Vác,Ho Chi Minh Város,4
PEST,11,Vác,Innsbruck,13
PEST,11,Vác,Isztambul,2
PEST,11,Vác,Jakarta,3
PEST,11,Vác,Jereván,1
PEST,11,Vác,Kairó,1
PEST,11,Vác,Kolozsvár,3
PEST,11,Vác,Koppenhága,37
PEST,11,Vác,Krakkó,1
PEST,11,Vác,Kuala Lumpur,1
PEST,11,Vác,Lisszabon,10
PEST,11,Vác,Ljubljana,5
PEST,11,Vác,London,77
PEST,11,Vác,Los Angeles,7
PEST,11,Vác,Luanda,2
PEST,11,Vác,Luxembourg,8
PEST,11,Vác,Lyon,6
PEST,11,Vác,Madrid,16
PEST,11,Vác,Malaga,5
PEST,11,Vác,Manchester,12
PEST,11,Vác,Melbourne,3
PEST,11,Vác,Mexikóváros,1
PEST,11,Vác,Miami,6
PEST,11,Vác,Milánó,11
PEST,11,Vác,Montreal,1
PEST,11,Vác,München,62
PEST,11,Vác,Nairobi,1
PEST,11,Vác,N'Djamena,3
PEST,11,Vác,New York,9
PEST,11,Vác,Nicosia,1
PEST,11,Vác,Nürnberg,18
PEST,11,Vác,Osaka,2
PEST,11,Vác,Osló,10
PEST,11,Vác,Ottawa,1
PEST,11,Vác,Párizs,11
PEST,11,Vác,Peking,2
PEST,11,Vác,Podgorica,1
PEST,11,Vác,Pozsony,2
PEST,11,Vác,Prága,8
PEST,11,Vác,Pretoria,1
PEST,11,Vác,Pristina,1
PEST,11,Vác,Rabat,1
PEST,11,Vác,Riga,1
PEST,11,Vác,Rijád,2
PEST,11,Vác,Róma,15
PEST,11,Vác,Santiago de Chile,1
PEST,11,Vác,Stockholm,11
PEST,11,Vác,Stuttgart,35
PEST,11,Vác,Sydney,2
PEST,11,Vác,Szabadka,1
PEST,11,Vác,Szingapúr,2
PEST,11,Vác,Szöul,3
PEST,11,Vác,Taskent,1
PEST,11,Vác,Tirana,3
PEST,11,Vác,Tokió,8
PEST,11,Vác,Toronto,3
PEST,11,Vác,Tunisz,1
PEST,11,Vác,Újdelhi,3
PEST,11,Vác,Ungvár,1
PEST,11,Vác,Valletta,10
PEST,11,Vác,Varsó,11
PEST,11,Vác,Vientián,1
PEST,11,Vác,Washington,4
PEST,11,Vác,Zágráb,1
PEST,12,Monor,Abu Dhabi,2
PEST,12,Monor,Algír,1
PEST,12,Monor,Ankara,2
PEST,12,Monor,Athén,6
PEST,12,Monor,Bangkok,5
PEST,12,Monor,Barcelona,5
PEST,12,Monor,Bécs,21
PEST,12,Monor,Berlin,11
PEST,12,Monor,Bern,12
PEST,12,Monor,Brüsszel,8
PEST,12,Monor,Chicago,1
PEST,12,Monor,Kisinyov,1
PEST,12,Monor,Csíkszereda,22
PEST,12,Monor,Dublin,10
PEST,12,Monor,Düsseldorf,6
PEST,12,Monor,Edinburgh,11
PEST,12,Monor,Hága,24
PEST,12,Monor,Hanoi,1
PEST,12,Monor,Helsinki,3
PEST,12,Monor,Ho Chi Minh Város,1
PEST,12,Monor,Innsbruck,5
PEST,12,Monor,Kairó,1
PEST,12,Monor,Kolozsvár,6
PEST,12,Monor,Koppenhága,12
PEST,12,Monor,Krakkó,1
PEST,12,Monor,Kuangcsou,1
PEST,12,Monor,Lisszabon,12
PEST,12,Monor,London,65
PEST,12,Monor,Luxembourg,6
PEST,12,Monor,Lyon,1
PEST,12,Monor,Madrid,4
PEST,12,Monor,Malaga,1
PEST,12,Monor,Manchester,8
PEST,12,Monor,Maszkat,2
PEST,12,Monor,Melbourne,1
PEST,12,Monor,Miami,2
PEST,12,Monor,Milánó,6
PEST,12,Monor,Moszkva,1
PEST,12,Monor,München,25
PEST,12,Monor,Nairobi,1
PEST,12,Monor,New York,4
PEST,12,Monor,Nicosia,1
PEST,12,Monor,Nürnberg,14
PEST,12,Monor,Osló,10
PEST,12,Monor,Párizs,6
PEST,12,Monor,Podgorica,1
PEST,12,Monor,Prága,5
PEST,12,Monor,Pristina,2
PEST,12,Monor,Róma,8
PEST,12,Monor,San Francisco,1
PEST,12,Monor,Sanghaj,3
PEST,12,Monor,Stockholm,4
PEST,12,Monor,Strasbourg,6
PEST,12,Monor,Stuttgart,29
PEST,12,Monor,Szabadka,1
PEST,12,Monor,Szingapúr,2
PEST,12,Monor,Szófia,1
PEST,12,Monor,Tbiliszi,1
PEST,12,Monor,Tel-Aviv,3
PEST,12,Monor,Tokió,2
PEST,12,Monor,Toronto,1
PEST,12,Monor,Valletta,4
PEST,12,Monor,Varsó,1
PEST,12,Monor,Vilnius,2
PEST,12,Monor,Wellington,1
PEST,13,Dabas,Abu Dhabi,1
PEST,13,Dabas,Almati,1
PEST,13,Dabas,Athén,1
PEST,13,Dabas,Bangkok,1
PEST,13,Dabas,Barcelona,3
PEST,13,Dabas,Bécs,12
PEST,13,Dabas,Beregszász,4
PEST,13,Dabas,Berlin,18
PEST,13,Dabas,Bern,21
PEST,13,Dabas,Brüsszel,4
PEST,13,Dabas,Buenos Aires,1
PEST,13,Dabas,Bukarest,1
PEST,13,Dabas,Chicago,1
PEST,13,Dabas,Csíkszereda,32
PEST,13,Dabas,Dublin,17
PEST,13,Dabas,Düsseldorf,11
PEST,13,Dabas,Edinburgh,6
PEST,13,Dabas,Gdansk,3
PEST,13,Dabas,Genf,2
PEST,13,Dabas,Hága,27
PEST,13,Dabas,Hanoi,3
PEST,13,Dabas,Helsinki,3
PEST,13,Dabas,Innsbruck,9
PEST,13,Dabas,Jereván,2
PEST,13,Dabas,Kolozsvár,11
PEST,13,Dabas,Koppenhága,11
PEST,13,Dabas,Ljubljana,4
PEST,13,Dabas,London,50
PEST,13,Dabas,Luxembourg,1
PEST,13,Dabas,Lyon,1
PEST,13,Dabas,Madrid,6
PEST,13,Dabas,Malaga,13
PEST,13,Dabas,Manchester,26
PEST,13,Dabas,Melbourne,1
PEST,13,Dabas,Miami,2
PEST,13,Dabas,Milánó,2
PEST,13,Dabas,Montreal,1
PEST,13,Dabas,München,35
PEST,13,Dabas,New York,4
PEST,13,Dabas,Nicosia,2
PEST,13,Dabas,Nürnberg,10
PEST,13,Dabas,Osló,1
PEST,13,Dabas,Párizs,5
PEST,13,Dabas,Pozsony,4
PEST,13,Dabas,Prága,7
PEST,13,Dabas,Pristina,2
PEST,13,Dabas,Rabat,1
PEST,13,Dabas,Róma,3
PEST,13,Dabas,San Francisco,3
PEST,13,Dabas,Sao Paulo,1
PEST,13,Dabas,Stockholm,2
PEST,13,Dabas,Strasbourg,1
PEST,13,Dabas,Stuttgart,22
PEST,13,Dabas,Sydney,2
PEST,13,Dabas,Szabadka,7
PEST,13,Dabas,Szarajevó,1
PEST,13,Dabas,Szingapúr,2
PEST,13,Dabas,Szkopje,3
PEST,13,Dabas,Szófia,1
PEST,13,Dabas,Taskent,1
PEST,13,Dabas,Tbiliszi,1
PEST,13,Dabas,Tirana,1
PEST,13,Dabas,Tokió,2
PEST,13,Dabas,Valletta,4
PEST,13,Dabas,Varsó,1
PEST,13,Dabas,Washington,2
PEST,13,Dabas,Zágráb,4
PEST,14,Cegléd,Abu Dhabi,4
PEST,14,Cegléd,Addisz-Abeba,1
PEST,14,Cegléd,Athén,1
PEST,14,Cegléd,Barcelona,8
PEST,14,Cegléd,Bécs,16
PEST,14,Cegléd,Beregszász,3
PEST,14,Cegléd,Berlin,18
PEST,14,Cegléd,Bern,22
PEST,14,Cegléd,Brüsszel,15
PEST,14,Cegléd,Buenos Aires,1
PEST,14,Cegléd,Chicago,2
PEST,14,Cegléd,Csíkszereda,7
PEST,14,Cegléd,Dublin,18
PEST,14,Cegléd,Düsseldorf,11
PEST,14,Cegléd,Edinburgh,19
PEST,14,Cegléd,Genf,6
PEST,14,Cegléd,Hága,37
PEST,14,Cegléd,Helsinki,6
PEST,14,Cegléd,Houston,1
PEST,14,Cegléd,Innsbruck,9
PEST,14,Cegléd,Jakarta,2
PEST,14,Cegléd,Kassa,2
PEST,14,Cegléd,Kolozsvár,1
PEST,14,Cegléd,Koppenhága,17
PEST,14,Cegléd,Krakkó,2
PEST,14,Cegléd,Kuangcsou,2
PEST,14,Cegléd,Lisszabon,3
PEST,14,Cegléd,Ljubljana,4
PEST,14,Cegléd,London,52
PEST,14,Cegléd,Luxembourg,1
PEST,14,Cegléd,Madrid,12
PEST,14,Cegléd,Malaga,7
PEST,14,Cegléd,Manchester,14
PEST,14,Cegléd,Manila,1
PEST,14,Cegléd,Miami,2
PEST,14,Cegléd,Milánó,13
PEST,14,Cegléd,Montreal,2
PEST,14,Cegléd,München,38
PEST,14,Cegléd,Nairobi,1
PEST,14,Cegléd,New York,3
PEST,14,Cegléd,Nicosia,2
PEST,14,Cegléd,Nürnberg,5
PEST,14,Cegléd,Osló,3
PEST,14,Cegléd,Párizs,6
PEST,14,Cegléd,Prága,7
PEST,14,Cegléd,Pristina,3
PEST,14,Cegléd,Rabat,3
PEST,14,Cegléd,Róma,8
PEST,14,Cegléd,San Francisco,1
PEST,14,Cegléd,Sanghaj,2
PEST,14,Cegléd,Stockholm,11
PEST,14,Cegléd,Strasbourg,4
PEST,14,Cegléd,Stuttgart,27
PEST,14,Cegléd,Szabadka,7
PEST,14,Cegléd,Szarajevó,1
PEST,14,Cegléd,Szkopje,2
PEST,14,Cegléd,Szófia,2
PEST,14,Cegléd,Szöul,1
PEST,14,Cegléd,Tallinn,1
PEST,14,Cegléd,Tokió,3
PEST,14,Cegléd,Toronto,2
PEST,14,Cegléd,Újdelhi,2
PEST,14,Cegléd,Ungvár,3
PEST,14,Cegléd,Valletta,4
PEST,14,Cegléd,Varsó,3
PEST,14,Cegléd,Vilnius,1
PEST,14,Cegléd,Washington,4
PEST,14,Cegléd,Wellington,1
SOMOGY,01,Kaposvár,Abu Dhabi,3
SOMOGY,01,Kaposvár,Athén,1
SOMOGY,01,Kaposvár,Bangkok,1
SOMOGY,01,Kaposvár,Barcelona,8
SOMOGY,01,Kaposvár,Bécs,22
SOMOGY,01,Kaposvár,Bejrút,1
SOMOGY,01,Kaposvár,Berlin,14
SOMOGY,01,Kaposvár,Bern,21
SOMOGY,01,Kaposvár,Brüsszel,14
SOMOGY,01,Kaposvár,Buenos Aires,1
SOMOGY,01,Kaposvár,Csíkszereda,3
SOMOGY,01,Kaposvár,Dublin,12
SOMOGY,01,Kaposvár,Düsseldorf,24
SOMOGY,01,Kaposvár,Edinburgh,9
SOMOGY,01,Kaposvár,Gdansk,4
SOMOGY,01,Kaposvár,Genf,5
SOMOGY,01,Kaposvár,Hága,30
SOMOGY,01,Kaposvár,Hanoi,2
SOMOGY,01,Kaposvár,Helsinki,3
SOMOGY,01,Kaposvár,Houston,1
SOMOGY,01,Kaposvár,Innsbruck,31
SOMOGY,01,Kaposvár,Isztambul,2
SOMOGY,01,Kaposvár,Kolozsvár,2
SOMOGY,01,Kaposvár,Koppenhága,20
SOMOGY,01,Kaposvár,Krakkó,4
SOMOGY,01,Kaposvár,Lisszabon,5
SOMOGY,01,Kaposvár,Ljubljana,3
SOMOGY,01,Kaposvár,London,97
SOMOGY,01,Kaposvár,Los Angeles,2
SOMOGY,01,Kaposvár,Luxembourg,12
SOMOGY,01,Kaposvár,Madrid,10
SOMOGY,01,Kaposvár,Malaga,6
SOMOGY,01,Kaposvár,Manchester,26
SOMOGY,01,Kaposvár,Melbourne,2
SOMOGY,01,Kaposvár,Mexikóváros,1
SOMOGY,01,Kaposvár,Miami,5
SOMOGY,01,Kaposvár,Milánó,11
SOMOGY,01,Kaposvár,Moszkva,2
SOMOGY,01,Kaposvár,München,50
SOMOGY,01,Kaposvár,New York,7
SOMOGY,01,Kaposvár,Nürnberg,12
SOMOGY,01,Kaposvár,Osló,5
SOMOGY,01,Kaposvár,Párizs,8
SOMOGY,01,Kaposvár,Pozsony,2
SOMOGY,01,Kaposvár,Prága,5
SOMOGY,01,Kaposvár,Pristina,2
SOMOGY,01,Kaposvár,Rabat,1
SOMOGY,01,Kaposvár,Róma,10
SOMOGY,01,Kaposvár,San Francisco,1
SOMOGY,01,Kaposvár,Sanghaj,2
SOMOGY,01,Kaposvár,Stockholm,9
SOMOGY,01,Kaposvár,Strasbourg,1
SOMOGY,01,Kaposvár,Stuttgart,37
SOMOGY,01,Kaposvár,Sydney,4
SOMOGY,01,Kaposvár,Szarajevó,7
SOMOGY,01,Kaposvár,Szingapúr,1
SOMOGY,01,Kaposvár,Szófia,2
SOMOGY,01,Kaposvár,Szöul,3
SOMOGY,01,Kaposvár,Tbiliszi,1
SOMOGY,01,Kaposvár,Tirana,1
SOMOGY,01,Kaposvár,Tokió,7
SOMOGY,01,Kaposvár,Toronto,1
SOMOGY,01,Kaposvár,Újdelhi,1
SOMOGY,01,Kaposvár,Valletta,6
SOMOGY,01,Kaposvár,Vancouver,1
SOMOGY,01,Kaposvár,Varsó,6
SOMOGY,01,Kaposvár,Washington,3
SOMOGY,01,Kaposvár,Wellington,1
SOMOGY,01,Kaposvár,Zágráb,2
SOMOGY,02,Barcs,Abu Dhabi,1
SOMOGY,02,Barcs,Athén,3
SOMOGY,02,Barcs,Baku,1
SOMOGY,02,Barcs,Barcelona,1
SOMOGY,02,Barcs,Bécs,13
SOMOGY,02,Barcs,Berlin,8
SOMOGY,02,Barcs,Bern,14
SOMOGY,02,Barcs,Brüsszel,8
SOMOGY,02,Barcs,Chicago,1
SOMOGY,02,Barcs,Csíkszereda,9
SOMOGY,02,Barcs,Dublin,11
SOMOGY,02,Barcs,Düsseldorf,13
SOMOGY,02,Barcs,Edinburgh,2
SOMOGY,02,Barcs,Hága,25
SOMOGY,02,Barcs,Helsinki,1
SOMOGY,02,Barcs,Houston,1
SOMOGY,02,Barcs,Innsbruck,24
SOMOGY,02,Barcs,Isztambul,2
SOMOGY,02,Barcs,Jakarta,1
SOMOGY,02,Barcs,Kolozsvár,3
SOMOGY,02,Barcs,Koppenhága,5
SOMOGY,02,Barcs,Lendva,1
SOMOGY,02,Barcs,Lisszabon,2
SOMOGY,02,Barcs,Ljubljana,4
SOMOGY,02,Barcs,London,39
SOMOGY,02,Barcs,Los Angeles,2
SOMOGY,02,Barcs,Luxembourg,14
SOMOGY,02,Barcs,Lyon,1
SOMOGY,02,Barcs,Madrid,1
SOMOGY,02,Barcs,Malaga,2
SOMOGY,02,Barcs,Manchester,11
SOMOGY,02,Barcs,Melbourne,1
SOMOGY,02,Barcs,Miami,3
SOMOGY,02,Barcs,Milánó,4
SOMOGY,02,Barcs,Montreal,1
SOMOGY,02,Barcs,Moszkva,1
SOMOGY,02,Barcs,München,33
SOMOGY,02,Barcs,New York,1
SOMOGY,02,Barcs,Nicosia,6
SOMOGY,02,Barcs,Nürnberg,6
SOMOGY,02,Barcs,Osló,1
SOMOGY,02,Barcs,Párizs,5
SOMOGY,02,Barcs,Prága,1
SOMOGY,02,Barcs,Pretoria,1
SOMOGY,02,Barcs,Rabat,1
SOMOGY,02,Barcs,Riga,1
SOMOGY,02,Barcs,San Francisco,2
SOMOGY,02,Barcs,Santiago de Chile,1
SOMOGY,02,Barcs,Stockholm,9
SOMOGY,02,Barcs,Strasbourg,11
SOMOGY,02,Barcs,Stuttgart,27
SOMOGY,02,Barcs,Sydney,2
SOMOGY,02,Barcs,Szabadka,7
SOMOGY,02,Barcs,Szarajevó,2
SOMOGY,02,Barcs,Szentpétervár,1
SOMOGY,02,Barcs,Szófia,3
SOMOGY,02,Barcs,Toronto,1
SOMOGY,02,Barcs,Újdelhi,1
SOMOGY,02,Barcs,Varsó,1
SOMOGY,02,Barcs,Vilnius,1
SOMOGY,02,Barcs,Wellington,1
SOMOGY,02,Barcs,Wroclaw,1
SOMOGY,02,Barcs,Zágráb,2
SOMOGY,03,Marcali,Abu Dhabi,2
SOMOGY,03,Marcali,Athén,5
SOMOGY,03,Marcali,Bangkok,5
SOMOGY,03,Marcali,Barcelona,13
SOMOGY,03,Marcali,Bécs,24
SOMOGY,03,Marcali,Belgrád,2
SOMOGY,03,Marcali,Beregszász,1
SOMOGY,03,Marcali,Berlin,20
SOMOGY,03,Marcali,Bern,30
SOMOGY,03,Marcali,Brüsszel,10
SOMOGY,03,Marcali,Chicago,1
SOMOGY,03,Marcali,Csíkszereda,25
SOMOGY,03,Marcali,Csungking,1
SOMOGY,03,Marcali,Dublin,10
SOMOGY,03,Marcali,Düsseldorf,15
SOMOGY,03,Marcali,Edinburgh,6
SOMOGY,03,Marcali,Eszék,1
SOMOGY,03,Marcali,Genf,4
SOMOGY,03,Marcali,Hága,31
SOMOGY,03,Marcali,Helsinki,4
SOMOGY,03,Marcali,Ho Chi Minh Város,2
SOMOGY,03,Marcali,Innsbruck,54
SOMOGY,03,Marcali,Isztambul,1
SOMOGY,03,Marcali,Jakarta,1
SOMOGY,03,Marcali,Kolozsvár,2
SOMOGY,03,Marcali,Koppenhága,12
SOMOGY,03,Marcali,Krakkó,2
SOMOGY,03,Marcali,Lima,2
SOMOGY,03,Marcali,Lisszabon,4
SOMOGY,03,Marcali,Ljubljana,3
SOMOGY,03,Marcali,London,52
SOMOGY,03,Marcali,Los Angeles,1
SOMOGY,03,Marcali,Luxembourg,6
SOMOGY,03,Marcali,Lyon,4
SOMOGY,03,Marcali,Madrid,4
SOMOGY,03,Marcali,Malaga,5
SOMOGY,03,Marcali,Manchester,10
SOMOGY,03,Marcali,Maszkat,1
SOMOGY,03,Marcali,Miami,3
SOMOGY,03,Marcali,Milánó,3
SOMOGY,03,Marcali,München,55
SOMOGY,03,Marcali,New York,5
SOMOGY,03,Marcali,Nicosia,2
SOMOGY,03,Marcali,Nürnberg,9
SOMOGY,03,Marcali,Osaka,1
SOMOGY,03,Marcali,Osló,4
SOMOGY,03,Marcali,Ottawa,1
SOMOGY,03,Marcali,Párizs,6
SOMOGY,03,Marcali,Pozsony,2
SOMOGY,03,Marcali,Prága,2
SOMOGY,03,Marcali,Róma,5
SOMOGY,03,Marcali,Sanghaj,1
SOMOGY,03,Marcali,Stockholm,11
SOMOGY,03,Marcali,Strasbourg,4
SOMOGY,03,Marcali,Stuttgart,37
SOMOGY,03,Marcali,Sydney,1
SOMOGY,03,Marcali,Szarajevó,1
SOMOGY,03,Marcali,Szingapúr,1
SOMOGY,03,Marcali,Szófia,3
SOMOGY,03,Marcali,Tallinn,1
SOMOGY,03,Marcali,Tirana,3
SOMOGY,03,Marcali,Tokió,2
SOMOGY,03,Marcali,Toronto,6
SOMOGY,03,Marcali,Újdelhi,1
SOMOGY,03,Marcali,Valletta,4
SOMOGY,03,Marcali,Vilnius,1
SOMOGY,03,Marcali,Washington,1
SOMOGY,03,Marcali,Wellington,1
SOMOGY,04,Siófok,Abu Dhabi,2
SOMOGY,04,Siófok,Accra,1
SOMOGY,04,Siófok,Amman,1
SOMOGY,04,Siófok,Athén,5
SOMOGY,04,Siófok,Bangkok,3
SOMOGY,04,Siófok,Barcelona,7
SOMOGY,04,Siófok,Bécs,34
SOMOGY,04,Siófok,Belgrád,1
SOMOGY,04,Siófok,Berlin,26
SOMOGY,04,Siófok,Bern,30
SOMOGY,04,Siófok,Brüsszel,23
SOMOGY,04,Siófok,Chicago,5
SOMOGY,04,Siófok,Csíkszereda,24
SOMOGY,04,Siófok,Doha,1
SOMOGY,04,Siófok,Dublin,24
SOMOGY,04,Siófok,Düsseldorf,22
SOMOGY,04,Siófok,Edinburgh,8
SOMOGY,04,Siófok,Gdansk,1
SOMOGY,04,Siófok,Genf,1
SOMOGY,04,Siófok,Hága,30
SOMOGY,04,Siófok,Helsinki,8
SOMOGY,04,Siófok,Hongkong,3
SOMOGY,04,Siófok,Houston,2
SOMOGY,04,Siófok,Innsbruck,52
SOMOGY,04,Siófok,Jakarta,1
SOMOGY,04,Siófok,Kairó,1
SOMOGY,04,Siófok,Kassa,1
SOMOGY,04,Siófok,Kolozsvár,4
SOMOGY,04,Siófok,Koppenhága,21
SOMOGY,04,Siófok,Krakkó,1
SOMOGY,04,Siófok,Lisszabon,4
SOMOGY,04,Siófok,Ljubljana,3
SOMOGY,04,Siófok,London,60
SOMOGY,04,Siófok,Los Angeles,3
SOMOGY,04,Siófok,Luxembourg,7
SOMOGY,04,Siófok,Lyon,2
SOMOGY,04,Siófok,Madrid,12
SOMOGY,04,Siófok,Malaga,11
SOMOGY,04,Siófok,Manchester,13
SOMOGY,04,Siófok,Melbourne,1
SOMOGY,04,Siófok,Miami,4
SOMOGY,04,Siófok,Milánó,5
SOMOGY,04,Siófok,Mumbai,2
SOMOGY,04,Siófok,München,54
SOMOGY,04,Siófok,New York,8
SOMOGY,04,Siófok,Nicosia,6
SOMOGY,04,Siófok,Nürnberg,15
SOMOGY,04,Siófok,Osló,6
SOMOGY,04,Siófok,Párizs,9
SOMOGY,04,Siófok,Pozsony,1
SOMOGY,04,Siófok,Prága,3
SOMOGY,04,Siófok,Rabat,1
SOMOGY,04,Siófok,Róma,15
SOMOGY,04,Siófok,San Francisco,1
SOMOGY,04,Siófok,Sanghaj,2
SOMOGY,04,Siófok,Stockholm,12
SOMOGY,04,Siófok,Strasbourg,3
SOMOGY,04,Siófok,Stuttgart,56
SOMOGY,04,Siófok,Szabadka,6
SOMOGY,04,Siófok,Szarajevó,1
SOMOGY,04,Siófok,Szentpétervár,1
SOMOGY,04,Siófok,Szingapúr,1
SOMOGY,04,Siófok,Szöul,1
SOMOGY,04,Siófok,Tallinn,2
SOMOGY,04,Siófok,Tbiliszi,1
SOMOGY,04,Siófok,Tokió,1
SOMOGY,04,Siófok,Toronto,6
SOMOGY,04,Siófok,Ungvár,1
SOMOGY,04,Siófok,Vancouver,1
SOMOGY,04,Siófok,Varsó,5
SOMOGY,04,Siófok,Washington,2
SZABOLCS-SZATMÁR-BEREG,01,Nyíregyháza,Abu Dhabi,3
SZABOLCS-SZATMÁR-BEREG,01,Nyíregyháza,Athén,1
SZABOLCS-SZATMÁR-BEREG,01,Nyíregyháza,Bangkok,2
SZABOLCS-SZATMÁR-BEREG,01,Nyíregyháza,Barcelona,23
SZABOLCS-SZATMÁR-BEREG,01,Nyíregyháza,Bécs,17
SZABOLCS-SZATMÁR-BEREG,01,Nyíregyháza,Beregszász,25
SZABOLCS-SZATMÁR-BEREG,01,Nyíregyháza,Berlin,16
SZABOLCS-SZATMÁR-BEREG,01,Nyíregyháza,Bern,55
SZABOLCS-SZATMÁR-BEREG,01,Nyíregyháza,Brüsszel,24
SZABOLCS-SZATMÁR-BEREG,01,Nyíregyháza,Chicago,1
SZABOLCS-SZATMÁR-BEREG,01,Nyíregyháza,Csíkszereda,25
SZABOLCS-SZATMÁR-BEREG,01,Nyíregyháza,Doha,1
SZABOLCS-SZATMÁR-BEREG,01,Nyíregyháza,Dublin,41
SZABOLCS-SZATMÁR-BEREG,01,Nyíregyháza,Düsseldorf,26
SZABOLCS-SZATMÁR-BEREG,01,Nyíregyháza,Edinburgh,17
SZABOLCS-SZATMÁR-BEREG,01,Nyíregyháza,Genf,3
SZABOLCS-SZATMÁR-BEREG,01,Nyíregyháza,Hága,48
SZABOLCS-SZATMÁR-BEREG,01,Nyíregyháza,Hanoi,4
SZABOLCS-SZATMÁR-BEREG,01,Nyíregyháza,Helsinki,5
SZABOLCS-SZATMÁR-BEREG,01,Nyíregyháza,Houston,3
SZABOLCS-SZATMÁR-BEREG,01,Nyíregyháza,Innsbruck,14
SZABOLCS-SZATMÁR-BEREG,01,Nyíregyháza,Isztambul,1
SZABOLCS-SZATMÁR-BEREG,01,Nyíregyháza,Jakarta,4
SZABOLCS-SZATMÁR-BEREG,01,Nyíregyháza,Jereván,1
SZABOLCS-SZATMÁR-BEREG,01,Nyíregyháza,Kairó,1
SZABOLCS-SZATMÁR-BEREG,01,Nyíregyháza,Kassa,1
SZABOLCS-SZATMÁR-BEREG,01,Nyíregyháza,Kijev,1
SZABOLCS-SZATMÁR-BEREG,01,Nyíregyháza,Kolozsvár,8
SZABOLCS-SZATMÁR-BEREG,01,Nyíregyháza,Koppenhága,34
SZABOLCS-SZATMÁR-BEREG,01,Nyíregyháza,Krakkó,3
SZABOLCS-SZATMÁR-BEREG,01,Nyíregyháza,Kuala Lumpur,1
SZABOLCS-SZATMÁR-BEREG,01,Nyíregyháza,Lima,3
SZABOLCS-SZATMÁR-BEREG,01,Nyíregyháza,Lisszabon,13
SZABOLCS-SZATMÁR-BEREG,01,Nyíregyháza,London,126
SZABOLCS-SZATMÁR-BEREG,01,Nyíregyháza,Los Angeles,4
SZABOLCS-SZATMÁR-BEREG,01,Nyíregyháza,Luxembourg,8
SZABOLCS-SZATMÁR-BEREG,01,Nyíregyháza,Lyon,10
SZABOLCS-SZATMÁR-BEREG,01,Nyíregyháza,Madrid,21
SZABOLCS-SZATMÁR-BEREG,01,Nyíregyháza,Malaga,7
SZABOLCS-SZATMÁR-BEREG,01,Nyíregyháza,Manchester,32
SZABOLCS-SZATMÁR-BEREG,01,Nyíregyháza,Melbourne,5
SZABOLCS-SZATMÁR-BEREG,01,Nyíregyháza,Mexikóváros,1
SZABOLCS-SZATMÁR-BEREG,01,Nyíregyháza,Miami,6
SZABOLCS-SZATMÁR-BEREG,01,Nyíregyháza,Milánó,11
SZABOLCS-SZATMÁR-BEREG,01,Nyíregyháza,Minszk,1
SZABOLCS-SZATMÁR-BEREG,01,Nyíregyháza,Montreal,1
SZABOLCS-SZATMÁR-BEREG,01,Nyíregyháza,München,50
SZABOLCS-SZATMÁR-BEREG,01,Nyíregyháza,New York,9
SZABOLCS-SZATMÁR-BEREG,01,Nyíregyháza,Nicosia,4
SZABOLCS-SZATMÁR-BEREG,01,Nyíregyháza,Nürnberg,13
SZABOLCS-SZATMÁR-BEREG,01,Nyíregyháza,Osaka,2
SZABOLCS-SZATMÁR-BEREG,01,Nyíregyháza,Osló,11
SZABOLCS-SZATMÁR-BEREG,01,Nyíregyháza,Párizs,16
SZABOLCS-SZATMÁR-BEREG,01,Nyíregyháza,Peking,1
SZABOLCS-SZATMÁR-BEREG,01,Nyíregyháza,Podgorica,2
SZABOLCS-SZATMÁR-BEREG,01,Nyíregyháza,Pozsony,2
SZABOLCS-SZATMÁR-BEREG,01,Nyíregyháza,Prága,6
SZABOLCS-SZATMÁR-BEREG,01,Nyíregyháza,Pristina,14
SZABOLCS-SZATMÁR-BEREG,01,Nyíregyháza,Riga,4
SZABOLCS-SZATMÁR-BEREG,01,Nyíregyháza,Róma,8
SZABOLCS-SZATMÁR-BEREG,01,Nyíregyháza,San Francisco,2
SZABOLCS-SZATMÁR-BEREG,01,Nyíregyháza,Sanghaj,3
SZABOLCS-SZATMÁR-BEREG,01,Nyíregyháza,Stockholm,7
SZABOLCS-SZATMÁR-BEREG,01,Nyíregyháza,Strasbourg,2
SZABOLCS-SZATMÁR-BEREG,01,Nyíregyháza,Stuttgart,33
SZABOLCS-SZATMÁR-BEREG,01,Nyíregyháza,Sydney,2
SZABOLCS-SZATMÁR-BEREG,01,Nyíregyháza,Szabadka,1
SZABOLCS-SZATMÁR-BEREG,01,Nyíregyháza,Szarajevó,1
SZABOLCS-SZATMÁR-BEREG,01,Nyíregyháza,Szingapúr,4
SZABOLCS-SZATMÁR-BEREG,01,Nyíregyháza,Szófia,2
SZABOLCS-SZATMÁR-BEREG,01,Nyíregyháza,Szöul,4
SZABOLCS-SZATMÁR-BEREG,01,Nyíregyháza,Tirana,4
SZABOLCS-SZATMÁR-BEREG,01,Nyíregyháza,Tokió,6
SZABOLCS-SZATMÁR-BEREG,01,Nyíregyháza,Toronto,7
SZABOLCS-SZATMÁR-BEREG,01,Nyíregyháza,Ungvár,11
SZABOLCS-SZATMÁR-BEREG,01,Nyíregyháza,Valletta,6
SZABOLCS-SZATMÁR-BEREG,01,Nyíregyháza,Vancouver,4
SZABOLCS-SZATMÁR-BEREG,01,Nyíregyháza,Varsó,5
SZABOLCS-SZATMÁR-BEREG,01,Nyíregyháza,Washington,6
SZABOLCS-SZATMÁR-BEREG,01,Nyíregyháza,Wroclaw,1
SZABOLCS-SZATMÁR-BEREG,02,Nyíregyháza,Abu Dhabi,1
SZABOLCS-SZATMÁR-BEREG,02,Nyíregyháza,Athén,4
SZABOLCS-SZATMÁR-BEREG,02,Nyíregyháza,Barcelona,4
SZABOLCS-SZATMÁR-BEREG,02,Nyíregyháza,Bécs,15
SZABOLCS-SZATMÁR-BEREG,02,Nyíregyháza,Beregszász,13
SZABOLCS-SZATMÁR-BEREG,02,Nyíregyháza,Berlin,12
SZABOLCS-SZATMÁR-BEREG,02,Nyíregyháza,Bern,28
SZABOLCS-SZATMÁR-BEREG,02,Nyíregyháza,Bogota,1
SZABOLCS-SZATMÁR-BEREG,02,Nyíregyháza,Brüsszel,6
SZABOLCS-SZATMÁR-BEREG,02,Nyíregyháza,Bukarest,1
SZABOLCS-SZATMÁR-BEREG,02,Nyíregyháza,Chicago,3
SZABOLCS-SZATMÁR-BEREG,02,Nyíregyháza,Csíkszereda,3
SZABOLCS-SZATMÁR-BEREG,02,Nyíregyháza,Dublin,13
SZABOLCS-SZATMÁR-BEREG,02,Nyíregyháza,Düsseldorf,26
SZABOLCS-SZATMÁR-BEREG,02,Nyíregyháza,Edinburgh,8
SZABOLCS-SZATMÁR-BEREG,02,Nyíregyháza,Genf,1
SZABOLCS-SZATMÁR-BEREG,02,Nyíregyháza,Hága,36
SZABOLCS-SZATMÁR-BEREG,02,Nyíregyháza,Helsinki,4
SZABOLCS-SZATMÁR-BEREG,02,Nyíregyháza,Houston,2
SZABOLCS-SZATMÁR-BEREG,02,Nyíregyháza,Innsbruck,14
SZABOLCS-SZATMÁR-BEREG,02,Nyíregyháza,Kairó,1
SZABOLCS-SZATMÁR-BEREG,02,Nyíregyháza,Kijev,1
SZABOLCS-SZATMÁR-BEREG,02,Nyíregyháza,Kolozsvár,3
SZABOLCS-SZATMÁR-BEREG,02,Nyíregyháza,Koppenhága,24
SZABOLCS-SZATMÁR-BEREG,02,Nyíregyháza,Krakkó,1
SZABOLCS-SZATMÁR-BEREG,02,Nyíregyháza,Lisszabon,7
SZABOLCS-SZATMÁR-BEREG,02,Nyíregyháza,Ljubljana,3
SZABOLCS-SZATMÁR-BEREG,02,Nyíregyháza,London,58
SZABOLCS-SZATMÁR-BEREG,02,Nyíregyháza,Los Angeles,2
SZABOLCS-SZATMÁR-BEREG,02,Nyíregyháza,Luxembourg,4
SZABOLCS-SZATMÁR-BEREG,02,Nyíregyháza,Lyon,1
SZABOLCS-SZATMÁR-BEREG,02,Nyíregyháza,Madrid,3
SZABOLCS-SZATMÁR-BEREG,02,Nyíregyháza,Malaga,1
SZABOLCS-SZATMÁR-BEREG,02,Nyíregyháza,Manchester,12
SZABOLCS-SZATMÁR-BEREG,02,Nyíregyháza,Melbourne,1
SZABOLCS-SZATMÁR-BEREG,02,Nyíregyháza,Miami,1
SZABOLCS-SZATMÁR-BEREG,02,Nyíregyháza,Milánó,5
SZABOLCS-SZATMÁR-BEREG,02,Nyíregyháza,Minszk,1
SZABOLCS-SZATMÁR-BEREG,02,Nyíregyháza,München,59
SZABOLCS-SZATMÁR-BEREG,02,Nyíregyháza,New York,9
SZABOLCS-SZATMÁR-BEREG,02,Nyíregyháza,Nicosia,1
SZABOLCS-SZATMÁR-BEREG,02,Nyíregyháza,Nürnberg,10
SZABOLCS-SZATMÁR-BEREG,02,Nyíregyháza,Osaka,2
SZABOLCS-SZATMÁR-BEREG,02,Nyíregyháza,Párizs,7
SZABOLCS-SZATMÁR-BEREG,02,Nyíregyháza,Podgorica,1
SZABOLCS-SZATMÁR-BEREG,02,Nyíregyháza,Prága,3
SZABOLCS-SZATMÁR-BEREG,02,Nyíregyháza,Pristina,11
SZABOLCS-SZATMÁR-BEREG,02,Nyíregyháza,Róma,4
SZABOLCS-SZATMÁR-BEREG,02,Nyíregyháza,Stockholm,8
SZABOLCS-SZATMÁR-BEREG,02,Nyíregyháza,Strasbourg,5
SZABOLCS-SZATMÁR-BEREG,02,Nyíregyháza,Stuttgart,18
SZABOLCS-SZATMÁR-BEREG,02,Nyíregyháza,Tallinn,2
SZABOLCS-SZATMÁR-BEREG,02,Nyíregyháza,Tel-Aviv,1
SZABOLCS-SZATMÁR-BEREG,02,Nyíregyháza,Tirana,1
SZABOLCS-SZATMÁR-BEREG,02,Nyíregyháza,Toronto,5
SZABOLCS-SZATMÁR-BEREG,02,Nyíregyháza,Ungvár,4
SZABOLCS-SZATMÁR-BEREG,02,Nyíregyháza,Valletta,1
SZABOLCS-SZATMÁR-BEREG,02,Nyíregyháza,Washington,4
SZABOLCS-SZATMÁR-BEREG,02,Nyíregyháza,Zágráb,1
SZABOLCS-SZATMÁR-BEREG,03,Kisvárda,Athén,3
SZABOLCS-SZATMÁR-BEREG,03,Kisvárda,Barcelona,7
SZABOLCS-SZATMÁR-BEREG,03,Kisvárda,Bécs,13
SZABOLCS-SZATMÁR-BEREG,03,Kisvárda,Beregszász,16
SZABOLCS-SZATMÁR-BEREG,03,Kisvárda,Berlin,7
SZABOLCS-SZATMÁR-BEREG,03,Kisvárda,Bern,19
SZABOLCS-SZATMÁR-BEREG,03,Kisvárda,Brüsszel,7
SZABOLCS-SZATMÁR-BEREG,03,Kisvárda,Chicago,1
SZABOLCS-SZATMÁR-BEREG,03,Kisvárda,Csíkszereda,4
SZABOLCS-SZATMÁR-BEREG,03,Kisvárda,Dublin,16
SZABOLCS-SZATMÁR-BEREG,03,Kisvárda,Düsseldorf,24
SZABOLCS-SZATMÁR-BEREG,03,Kisvárda,Edinburgh,10
SZABOLCS-SZATMÁR-BEREG,03,Kisvárda,Gdansk,1
SZABOLCS-SZATMÁR-BEREG,03,Kisvárda,Hága,23
SZABOLCS-SZATMÁR-BEREG,03,Kisvárda,Hanoi,1
SZABOLCS-SZATMÁR-BEREG,03,Kisvárda,Helsinki,3
SZABOLCS-SZATMÁR-BEREG,03,Kisvárda,Houston,1
SZABOLCS-SZATMÁR-BEREG,03,Kisvárda,Innsbruck,5
SZABOLCS-SZATMÁR-BEREG,03,Kisvárda,Isztambul,3
SZABOLCS-SZATMÁR-BEREG,03,Kisvárda,Jakarta,1
SZABOLCS-SZATMÁR-BEREG,03,Kisvárda,Kairó,2
SZABOLCS-SZATMÁR-BEREG,03,Kisvárda,Kolozsvár,4
SZABOLCS-SZATMÁR-BEREG,03,Kisvárda,Koppenhága,10
SZABOLCS-SZATMÁR-BEREG,03,Kisvárda,Krakkó,3
SZABOLCS-SZATMÁR-BEREG,03,Kisvárda,Lisszabon,2
SZABOLCS-SZATMÁR-BEREG,03,Kisvárda,London,48
SZABOLCS-SZATMÁR-BEREG,03,Kisvárda,Los Angeles,1
SZABOLCS-SZATMÁR-BEREG,03,Kisvárda,Luxembourg,5
SZABOLCS-SZATMÁR-BEREG,03,Kisvárda,Madrid,5
SZABOLCS-SZATMÁR-BEREG,03,Kisvárda,Malaga,3
SZABOLCS-SZATMÁR-BEREG,03,Kisvárda,Manchester,30
SZABOLCS-SZATMÁR-BEREG,03,Kisvárda,Maszkat,1
SZABOLCS-SZATMÁR-BEREG,03,Kisvárda,Miami,3
SZABOLCS-SZATMÁR-BEREG,03,Kisvárda,Moszkva,1
SZABOLCS-SZATMÁR-BEREG,03,Kisvárda,München,40
SZABOLCS-SZATMÁR-BEREG,03,Kisvárda,New York,4
SZABOLCS-SZATMÁR-BEREG,03,Kisvárda,Nicosia,2
SZABOLCS-SZATMÁR-BEREG,03,Kisvárda,Nürnberg,8
SZABOLCS-SZATMÁR-BEREG,03,Kisvárda,Osló,2
SZABOLCS-SZATMÁR-BEREG,03,Kisvárda,Párizs,8
SZABOLCS-SZATMÁR-BEREG,03,Kisvárda,Pozsony,2
SZABOLCS-SZATMÁR-BEREG,03,Kisvárda,Prága,1
SZABOLCS-SZATMÁR-BEREG,03,Kisvárda,Pristina,4
SZABOLCS-SZATMÁR-BEREG,03,Kisvárda,Róma,4
SZABOLCS-SZATMÁR-BEREG,03,Kisvárda,Sao Paulo,1
SZABOLCS-SZATMÁR-BEREG,03,Kisvárda,Stockholm,4
SZABOLCS-SZATMÁR-BEREG,03,Kisvárda,Strasbourg,1
SZABOLCS-SZATMÁR-BEREG,03,Kisvárda,Stuttgart,17
SZABOLCS-SZATMÁR-BEREG,03,Kisvárda,Szarajevó,2
SZABOLCS-SZATMÁR-BEREG,03,Kisvárda,Szingapúr,2
SZABOLCS-SZATMÁR-BEREG,03,Kisvárda,Szöul,1
SZABOLCS-SZATMÁR-BEREG,03,Kisvárda,Tallinn,2
SZABOLCS-SZATMÁR-BEREG,03,Kisvárda,Tokió,2
SZABOLCS-SZATMÁR-BEREG,03,Kisvárda,Toronto,3
SZABOLCS-SZATMÁR-BEREG,03,Kisvárda,Ungvár,20
SZABOLCS-SZATMÁR-BEREG,03,Kisvárda,Valletta,19
SZABOLCS-SZATMÁR-BEREG,03,Kisvárda,Vancouver,2
SZABOLCS-SZATMÁR-BEREG,03,Kisvárda,Washington,2
SZABOLCS-SZATMÁR-BEREG,04,Vásárosnamény,Abu Dhabi,1
SZABOLCS-SZATMÁR-BEREG,04,Vásárosnamény,Ankara,2
SZABOLCS-SZATMÁR-BEREG,04,Vásárosnamény,Athén,3
SZABOLCS-SZATMÁR-BEREG,04,Vásárosnamény,Barcelona,2
SZABOLCS-SZATMÁR-BEREG,04,Vásárosnamény,Bécs,10
SZABOLCS-SZATMÁR-BEREG,04,Vásárosnamény,Beregszász,88
SZABOLCS-SZATMÁR-BEREG,04,Vásárosnamény,Berlin,9
SZABOLCS-SZATMÁR-BEREG,04,Vásárosnamény,Bern,15
SZABOLCS-SZATMÁR-BEREG,04,Vásárosnamény,Brüsszel,7
SZABOLCS-SZATMÁR-BEREG,04,Vásárosnamény,Chicago,1
SZABOLCS-SZATMÁR-BEREG,04,Vásárosnamény,Kisinyov,1
SZABOLCS-SZATMÁR-BEREG,04,Vásárosnamény,Dublin,6
SZABOLCS-SZATMÁR-BEREG,04,Vásárosnamény,Düsseldorf,6
SZABOLCS-SZATMÁR-BEREG,04,Vásárosnamény,Edinburgh,7
SZABOLCS-SZATMÁR-BEREG,04,Vásárosnamény,Hága,15
SZABOLCS-SZATMÁR-BEREG,04,Vásárosnamény,Helsinki,2
SZABOLCS-SZATMÁR-BEREG,04,Vásárosnamény,Innsbruck,22
SZABOLCS-SZATMÁR-BEREG,04,Vásárosnamény,Kijev,1
SZABOLCS-SZATMÁR-BEREG,04,Vásárosnamény,Kolozsvár,11
SZABOLCS-SZATMÁR-BEREG,04,Vásárosnamény,Koppenhága,11
SZABOLCS-SZATMÁR-BEREG,04,Vásárosnamény,Krakkó,2
SZABOLCS-SZATMÁR-BEREG,04,Vásárosnamény,London,37
SZABOLCS-SZATMÁR-BEREG,04,Vásárosnamény,Los Angeles,2
SZABOLCS-SZATMÁR-BEREG,04,Vásárosnamény,Lyon,1
SZABOLCS-SZATMÁR-BEREG,04,Vásárosnamény,Madrid,2
SZABOLCS-SZATMÁR-BEREG,04,Vásárosnamény,Malaga,3
SZABOLCS-SZATMÁR-BEREG,04,Vásárosnamény,Manchester,3
SZABOLCS-SZATMÁR-BEREG,04,Vásárosnamény,Melbourne,3
SZABOLCS-SZATMÁR-BEREG,04,Vásárosnamény,Miami,4
SZABOLCS-SZATMÁR-BEREG,04,Vásárosnamény,Milánó,4
SZABOLCS-SZATMÁR-BEREG,04,Vásárosnamény,Moszkva,1
SZABOLCS-SZATMÁR-BEREG,04,Vásárosnamény,München,21
SZABOLCS-SZATMÁR-BEREG,04,Vásárosnamény,New York,2
SZABOLCS-SZATMÁR-BEREG,04,Vásárosnamény,Nicosia,1
SZABOLCS-SZATMÁR-BEREG,04,Vásárosnamény,Nürnberg,7
SZABOLCS-SZATMÁR-BEREG,04,Vásárosnamény,Osló,4
SZABOLCS-SZATMÁR-BEREG,04,Vásárosnamény,Párizs,2
SZABOLCS-SZATMÁR-BEREG,04,Vásárosnamény,Pozsony,1
SZABOLCS-SZATMÁR-BEREG,04,Vásárosnamény,Prága,3
SZABOLCS-SZATMÁR-BEREG,04,Vásárosnamény,Pretoria,1
SZABOLCS-SZATMÁR-BEREG,04,Vásárosnamény,Pristina,7
SZABOLCS-SZATMÁR-BEREG,04,Vásárosnamény,Róma,2
SZABOLCS-SZATMÁR-BEREG,04,Vásárosnamény,Stockholm,5
SZABOLCS-SZATMÁR-BEREG,04,Vásárosnamény,Strasbourg,1
SZABOLCS-SZATMÁR-BEREG,04,Vásárosnamény,Stuttgart,31
SZABOLCS-SZATMÁR-BEREG,04,Vásárosnamény,Sydney,1
SZABOLCS-SZATMÁR-BEREG,04,Vásárosnamény,Szabadka,4
SZABOLCS-SZATMÁR-BEREG,04,Vásárosnamény,Szófia,2
SZABOLCS-SZATMÁR-BEREG,04,Vásárosnamény,Ungvár,5
SZABOLCS-SZATMÁR-BEREG,04,Vásárosnamény,Valletta,6
SZABOLCS-SZATMÁR-BEREG,04,Vásárosnamény,Wroclaw,2
SZABOLCS-SZATMÁR-BEREG,05,Mátészalka,Ankara,1
SZABOLCS-SZATMÁR-BEREG,05,Mátészalka,Barcelona,3
SZABOLCS-SZATMÁR-BEREG,05,Mátészalka,Bécs,8
SZABOLCS-SZATMÁR-BEREG,05,Mátészalka,Beregszász,28
SZABOLCS-SZATMÁR-BEREG,05,Mátészalka,Berlin,18
SZABOLCS-SZATMÁR-BEREG,05,Mátészalka,Bern,18
SZABOLCS-SZATMÁR-BEREG,05,Mátészalka,Brüsszel,9
SZABOLCS-SZATMÁR-BEREG,05,Mátészalka,Canberra,1
SZABOLCS-SZATMÁR-BEREG,05,Mátészalka,Csíkszereda,6
SZABOLCS-SZATMÁR-BEREG,05,Mátészalka,Dublin,9
SZABOLCS-SZATMÁR-BEREG,05,Mátészalka,Düsseldorf,12
SZABOLCS-SZATMÁR-BEREG,05,Mátészalka,Edinburgh,5
SZABOLCS-SZATMÁR-BEREG,05,Mátészalka,Genf,1
SZABOLCS-SZATMÁR-BEREG,05,Mátészalka,Hága,23
SZABOLCS-SZATMÁR-BEREG,05,Mátészalka,Hanoi,2
SZABOLCS-SZATMÁR-BEREG,05,Mátészalka,Helsinki,4
SZABOLCS-SZATMÁR-BEREG,05,Mátészalka,Innsbruck,15
SZABOLCS-SZATMÁR-BEREG,05,Mátészalka,Kolozsvár,4
SZABOLCS-SZATMÁR-BEREG,05,Mátészalka,Koppenhága,9
SZABOLCS-SZATMÁR-BEREG,05,Mátészalka,London,35
SZABOLCS-SZATMÁR-BEREG,05,Mátészalka,Luxembourg,3
SZABOLCS-SZATMÁR-BEREG,05,Mátészalka,Lyon,3
SZABOLCS-SZATMÁR-BEREG,05,Mátészalka,Madrid,1
SZABOLCS-SZATMÁR-BEREG,05,Mátészalka,Malaga,1
SZABOLCS-SZATMÁR-BEREG,05,Mátészalka,Manchester,6
SZABOLCS-SZATMÁR-BEREG,05,Mátészalka,Miami,1
SZABOLCS-SZATMÁR-BEREG,05,Mátészalka,Milánó,3
SZABOLCS-SZATMÁR-BEREG,05,Mátészalka,Montreal,2
SZABOLCS-SZATMÁR-BEREG,05,Mátészalka,München,44
SZABOLCS-SZATMÁR-BEREG,05,Mátészalka,New York,3
SZABOLCS-SZATMÁR-BEREG,05,Mátészalka,Nicosia,1
SZABOLCS-SZATMÁR-BEREG,05,Mátészalka,Nürnberg,10
SZABOLCS-SZATMÁR-BEREG,05,Mátészalka,Osaka,2
SZABOLCS-SZATMÁR-BEREG,05,Mátészalka,Párizs,8
SZABOLCS-SZATMÁR-BEREG,05,Mátészalka,Prága,2
SZABOLCS-SZATMÁR-BEREG,05,Mátészalka,Pristina,4
SZABOLCS-SZATMÁR-BEREG,05,Mátészalka,Róma,4
SZABOLCS-SZATMÁR-BEREG,05,Mátészalka,San Francisco,2
SZABOLCS-SZATMÁR-BEREG,05,Mátészalka,Stockholm,1
SZABOLCS-SZATMÁR-BEREG,05,Mátészalka,Stuttgart,20
SZABOLCS-SZATMÁR-BEREG,05,Mátészalka,Szabadka,2
SZABOLCS-SZATMÁR-BEREG,05,Mátészalka,Szarajevó,1
SZABOLCS-SZATMÁR-BEREG,05,Mátészalka,Tel-Aviv,1
SZABOLCS-SZATMÁR-BEREG,05,Mátészalka,Toronto,1
SZABOLCS-SZATMÁR-BEREG,05,Mátészalka,Ungvár,5
SZABOLCS-SZATMÁR-BEREG,05,Mátészalka,Valletta,4
SZABOLCS-SZATMÁR-BEREG,05,Mátészalka,Varsó,1
SZABOLCS-SZATMÁR-BEREG,05,Mátészalka,Wellington,3
SZABOLCS-SZATMÁR-BEREG,05,Mátészalka,Wroclaw,1
SZABOLCS-SZATMÁR-BEREG,06,Nyírbátor,Abu Dhabi,2
SZABOLCS-SZATMÁR-BEREG,06,Nyírbátor,Barcelona,2
SZABOLCS-SZATMÁR-BEREG,06,Nyírbátor,Bécs,6
SZABOLCS-SZATMÁR-BEREG,06,Nyírbátor,Beregszász,8
SZABOLCS-SZATMÁR-BEREG,06,Nyírbátor,Berlin,14
SZABOLCS-SZATMÁR-BEREG,06,Nyírbátor,Bern,8
SZABOLCS-SZATMÁR-BEREG,06,Nyírbátor,Brüsszel,46
SZABOLCS-SZATMÁR-BEREG,06,Nyírbátor,Bukarest,1
SZABOLCS-SZATMÁR-BEREG,06,Nyírbátor,Csíkszereda,15
SZABOLCS-SZATMÁR-BEREG,06,Nyírbátor,Csungking,2
SZABOLCS-SZATMÁR-BEREG,06,Nyírbátor,Dublin,9
SZABOLCS-SZATMÁR-BEREG,06,Nyírbátor,Düsseldorf,20
SZABOLCS-SZATMÁR-BEREG,06,Nyírbátor,Edinburgh,8
SZABOLCS-SZATMÁR-BEREG,06,Nyírbátor,Gdansk,1
SZABOLCS-SZATMÁR-BEREG,06,Nyírbátor,Genf,1
SZABOLCS-SZATMÁR-BEREG,06,Nyírbátor,Hága,21
SZABOLCS-SZATMÁR-BEREG,06,Nyírbátor,Helsinki,1
SZABOLCS-SZATMÁR-BEREG,06,Nyírbátor,Houston,1
SZABOLCS-SZATMÁR-BEREG,06,Nyírbátor,Innsbruck,22
SZABOLCS-SZATMÁR-BEREG,06,Nyírbátor,Isztambul,1
SZABOLCS-SZATMÁR-BEREG,06,Nyírbátor,Koppenhága,6
SZABOLCS-SZATMÁR-BEREG,06,Nyírbátor,Lisszabon,1
SZABOLCS-SZATMÁR-BEREG,06,Nyírbátor,Ljubljana,1
SZABOLCS-SZATMÁR-BEREG,06,Nyírbátor,London,50
SZABOLCS-SZATMÁR-BEREG,06,Nyírbátor,Madrid,3
SZABOLCS-SZATMÁR-BEREG,06,Nyírbátor,Malaga,6
SZABOLCS-SZATMÁR-BEREG,06,Nyírbátor,Manchester,10
SZABOLCS-SZATMÁR-BEREG,06,Nyírbátor,Manila,1
SZABOLCS-SZATMÁR-BEREG,06,Nyírbátor,Melbourne,1
SZABOLCS-SZATMÁR-BEREG,06,Nyírbátor,Miami,1
SZABOLCS-SZATMÁR-BEREG,06,Nyírbátor,Milánó,1
SZABOLCS-SZATMÁR-BEREG,06,Nyírbátor,München,28
SZABOLCS-SZATMÁR-BEREG,06,Nyírbátor,New York,2
SZABOLCS-SZATMÁR-BEREG,06,Nyírbátor,Nicosia,1
SZABOLCS-SZATMÁR-BEREG,06,Nyírbátor,Nürnberg,12
SZABOLCS-SZATMÁR-BEREG,06,Nyírbátor,Osló,3
SZABOLCS-SZATMÁR-BEREG,06,Nyírbátor,Párizs,4
SZABOLCS-SZATMÁR-BEREG,06,Nyírbátor,Pristina,11
SZABOLCS-SZATMÁR-BEREG,06,Nyírbátor,Róma,9
SZABOLCS-SZATMÁR-BEREG,06,Nyírbátor,San Francisco,2
SZABOLCS-SZATMÁR-BEREG,06,Nyírbátor,Sanghaj,1
SZABOLCS-SZATMÁR-BEREG,06,Nyírbátor,Stockholm,4
SZABOLCS-SZATMÁR-BEREG,06,Nyírbátor,Stuttgart,16
SZABOLCS-SZATMÁR-BEREG,06,Nyírbátor,Sydney,1
SZABOLCS-SZATMÁR-BEREG,06,Nyírbátor,Szófia,2
SZABOLCS-SZATMÁR-BEREG,06,Nyírbátor,Tallinn,1
SZABOLCS-SZATMÁR-BEREG,06,Nyírbátor,Tokió,3
SZABOLCS-SZATMÁR-BEREG,06,Nyírbátor,Toronto,1
SZABOLCS-SZATMÁR-BEREG,06,Nyírbátor,Ungvár,5
SZABOLCS-SZATMÁR-BEREG,06,Nyírbátor,Valletta,2
SZABOLCS-SZATMÁR-BEREG,06,Nyírbátor,Vancouver,5
SZABOLCS-SZATMÁR-BEREG,06,Nyírbátor,Varsó,2
TOLNA,01,Szekszárd,Abu Dhabi,1
TOLNA,01,Szekszárd,Baku,1
TOLNA,01,Szekszárd,Bangkok,1
TOLNA,01,Szekszárd,Barcelona,7
TOLNA,01,Szekszárd,Bécs,31
TOLNA,01,Szekszárd,Berlin,14
TOLNA,01,Szekszárd,Bern,25
TOLNA,01,Szekszárd,Brüsszel,13
TOLNA,01,Szekszárd,Chicago,2
TOLNA,01,Szekszárd,Csíkszereda,8
TOLNA,01,Szekszárd,Csungking,1
TOLNA,01,Szekszárd,Dublin,14
TOLNA,01,Szekszárd,Düsseldorf,14
TOLNA,01,Szekszárd,Edinburgh,8
TOLNA,01,Szekszárd,Genf,3
TOLNA,01,Szekszárd,Hága,28
TOLNA,01,Szekszárd,Helsinki,6
TOLNA,01,Szekszárd,Houston,3
TOLNA,01,Szekszárd,Innsbruck,18
TOLNA,01,Szekszárd,Isztambul,1
TOLNA,01,Szekszárd,Jakarta,1
TOLNA,01,Szekszárd,Kairó,2
TOLNA,01,Szekszárd,Kolozsvár,2
TOLNA,01,Szekszárd,Koppenhága,10
TOLNA,01,Szekszárd,Lisszabon,7
TOLNA,01,Szekszárd,Ljubljana,1
TOLNA,01,Szekszárd,London,63
TOLNA,01,Szekszárd,Los Angeles,2
TOLNA,01,Szekszárd,Luxembourg,5
TOLNA,01,Szekszárd,Lyon,4
TOLNA,01,Szekszárd,Madrid,8
TOLNA,01,Szekszárd,Malaga,7
TOLNA,01,Szekszárd,Manchester,16
TOLNA,01,Szekszárd,Melbourne,3
TOLNA,01,Szekszárd,Milánó,6
TOLNA,01,Szekszárd,München,52
TOLNA,01,Szekszárd,New York,8
TOLNA,01,Szekszárd,Nicosia,1
TOLNA,01,Szekszárd,Nürnberg,18
TOLNA,01,Szekszárd,Osló,4
TOLNA,01,Szekszárd,Panamaváros,2
TOLNA,01,Szekszárd,Párizs,9
TOLNA,01,Szekszárd,Podgorica,1
TOLNA,01,Szekszárd,Prága,10
TOLNA,01,Szekszárd,Pretoria,2
TOLNA,01,Szekszárd,Rabat,1
TOLNA,01,Szekszárd,Róma,2
TOLNA,01,Szekszárd,San Francisco,1
TOLNA,01,Szekszárd,Sanghaj,1
TOLNA,01,Szekszárd,Stockholm,3
TOLNA,01,Szekszárd,Strasbourg,4
TOLNA,01,Szekszárd,Stuttgart,35
TOLNA,01,Szekszárd,Szabadka,6
TOLNA,01,Szekszárd,Szarajevó,1
TOLNA,01,Szekszárd,Szingapúr,1
TOLNA,01,Szekszárd,Szófia,2
TOLNA,01,Szekszárd,Szöul,3
TOLNA,01,Szekszárd,Tokió,4
TOLNA,01,Szekszárd,Toronto,3
TOLNA,01,Szekszárd,Tunisz,1
TOLNA,01,Szekszárd,Ungvár,2
TOLNA,01,Szekszárd,Valletta,8
TOLNA,01,Szekszárd,Washington,2
TOLNA,01,Szekszárd,Wroclaw,2
TOLNA,02,Dombóvár,Abu Dhabi,1
TOLNA,02,Dombóvár,Amman,3
TOLNA,02,Dombóvár,Athén,1
TOLNA,02,Dombóvár,Bangkok,2
TOLNA,02,Dombóvár,Barcelona,9
TOLNA,02,Dombóvár,Bécs,24
TOLNA,02,Dombóvár,Beregszász,5
TOLNA,02,Dombóvár,Berlin,12
TOLNA,02,Dombóvár,Bern,26
TOLNA,02,Dombóvár,Biskek,1
TOLNA,02,Dombóvár,Brüsszel,9
TOLNA,02,Dombóvár,Csíkszereda,10
TOLNA,02,Dombóvár,Doha,1
TOLNA,02,Dombóvár,Dublin,5
TOLNA,02,Dombóvár,Düsseldorf,21
TOLNA,02,Dombóvár,Edinburgh,8
TOLNA,02,Dombóvár,Hága,24
TOLNA,02,Dombóvár,Hongkong,2
TOLNA,02,Dombóvár,Innsbruck,20
TOLNA,02,Dombóvár,Isztambul,1
TOLNA,02,Dombóvár,Jakarta,1
TOLNA,02,Dombóvár,Kairó,1
TOLNA,02,Dombóvár,Kolozsvár,2
TOLNA,02,Dombóvár,Koppenhága,21
TOLNA,02,Dombóvár,Lisszabon,7
TOLNA,02,Dombóvár,London,46
TOLNA,02,Dombóvár,Los Angeles,1
TOLNA,02,Dombóvár,Luxembourg,2
TOLNA,02,Dombóvár,Madrid,7
TOLNA,02,Dombóvár,Malaga,1
TOLNA,02,Dombóvár,Manchester,4
TOLNA,02,Dombóvár,Mexikóváros,1
TOLNA,02,Dombóvár,Miami,3
TOLNA,02,Dombóvár,Milánó,1
TOLNA,02,Dombóvár,München,61
TOLNA,02,Dombóvár,New York,6
TOLNA,02,Dombóvár,Nicosia,2
TOLNA,02,Dombóvár,Nürnberg,25
TOLNA,02,Dombóvár,Osló,2
TOLNA,02,Dombóvár,Párizs,2
TOLNA,02,Dombóvár,Peking,1
TOLNA,02,Dombóvár,Prága,3
TOLNA,02,Dombóvár,Riga,1
TOLNA,02,Dombóvár,Róma,3
TOLNA,02,Dombóvár,Stockholm,2
TOLNA,02,Dombóvár,Strasbourg,2
TOLNA,02,Dombóvár,Stuttgart,46
TOLNA,02,Dombóvár,Sydney,1
TOLNA,02,Dombóvár,Szabadka,3
TOLNA,02,Dombóvár,Szarajevó,2
TOLNA,02,Dombóvár,Szöul,4
TOLNA,02,Dombóvár,Tirana,1
TOLNA,02,Dombóvár,Tokió,2
TOLNA,02,Dombóvár,Toronto,1
TOLNA,02,Dombóvár,Valletta,2
TOLNA,02,Dombóvár,Washington,2
TOLNA,03,Paks,Abu Dhabi,1
TOLNA,03,Paks,Ankara,1
TOLNA,03,Paks,Athén,4
TOLNA,03,Paks,Barcelona,7
TOLNA,03,Paks,Bécs,20
TOLNA,03,Paks,Berlin,6
TOLNA,03,Paks,Bern,26
TOLNA,03,Paks,Brüsszel,9
TOLNA,03,Paks,Csíkszereda,15
TOLNA,03,Paks,Csungking,1
TOLNA,03,Paks,Doha,1
TOLNA,03,Paks,Dublin,6
TOLNA,03,Paks,Düsseldorf,15
TOLNA,03,Paks,Edinburgh,5
TOLNA,03,Paks,Gdansk,2
TOLNA,03,Paks,Genf,3
TOLNA,03,Paks,Hága,29
TOLNA,03,Paks,Helsinki,2
TOLNA,03,Paks,Houston,1
TOLNA,03,Paks,Innsbruck,23
TOLNA,03,Paks,Jakarta,1
TOLNA,03,Paks,Kolozsvár,2
TOLNA,03,Paks,Koppenhága,7
TOLNA,03,Paks,London,44
TOLNA,03,Paks,Luanda,1
TOLNA,03,Paks,Luxembourg,2
TOLNA,03,Paks,Lyon,2
TOLNA,03,Paks,Madrid,10
TOLNA,03,Paks,Manchester,9
TOLNA,03,Paks,Melbourne,1
TOLNA,03,Paks,Miami,3
TOLNA,03,Paks,Milánó,7
TOLNA,03,Paks,München,27
TOLNA,03,Paks,New York,3
TOLNA,03,Paks,Nicosia,2
TOLNA,03,Paks,Nürnberg,13
TOLNA,03,Paks,Osaka,1
TOLNA,03,Paks,Osló,7
TOLNA,03,Paks,Ottawa,1
TOLNA,03,Paks,Párizs,4
TOLNA,03,Paks,Peking,1
TOLNA,03,Paks,Prága,2
TOLNA,03,Paks,Pretoria,1
TOLNA,03,Paks,Quito,1
TOLNA,03,Paks,Róma,2
TOLNA,03,Paks,San Francisco,1
TOLNA,03,Paks,Sanghaj,2
TOLNA,03,Paks,Sao Paulo,1
TOLNA,03,Paks,Stockholm,3
TOLNA,03,Paks,Stuttgart,19
TOLNA,03,Paks,Sydney,3
TOLNA,03,Paks,Szabadka,5
TOLNA,03,Paks,Szarajevó,1
TOLNA,03,Paks,Szófia,2
TOLNA,03,Paks,Szöul,3
TOLNA,03,Paks,Tallinn,1
TOLNA,03,Paks,Tokió,4
TOLNA,03,Paks,Toronto,3
TOLNA,03,Paks,Valletta,4
TOLNA,03,Paks,Varsó,1
TOLNA,03,Paks,Washington,3
TOLNA,03,Paks,Wellington,2
VAS,01,Szombathely,Abu Dhabi,2
VAS,01,Szombathely,Algír,2
VAS,01,Szombathely,Ankara,1
VAS,01,Szombathely,Athén,3
VAS,01,Szombathely,Bangkok,3
VAS,01,Szombathely,Barcelona,15
VAS,01,Szombathely,Bécs,16
VAS,01,Szombathely,Belgrád,1
VAS,01,Szombathely,Berlin,26
VAS,01,Szombathely,Bern,29
VAS,01,Szombathely,Bogota,1
VAS,01,Szombathely,Brüsszel,17
VAS,01,Szombathely,Chicago,6
VAS,01,Szombathely,Kisinyov,1
VAS,01,Szombathely,Csíkszereda,11
VAS,01,Szombathely,Dublin,6
VAS,01,Szombathely,Düsseldorf,17
VAS,01,Szombathely,Edinburgh,9
VAS,01,Szombathely,Genf,3
VAS,01,Szombathely,Hága,36
VAS,01,Szombathely,Hanoi,1
VAS,01,Szombathely,Helsinki,5
VAS,01,Szombathely,Ho Chi Minh Város,1
VAS,01,Szombathely,Hongkong,7
VAS,01,Szombathely,Houston,3
VAS,01,Szombathely,Innsbruck,15
VAS,01,Szombathely,Isztambul,17
VAS,01,Szombathely,Jakarta,1
VAS,01,Szombathely,Kolozsvár,8
VAS,01,Szombathely,Koppenhága,18
VAS,01,Szombathely,Krakkó,5
VAS,01,Szombathely,Lisszabon,7
VAS,01,Szombathely,Ljubljana,3
VAS,01,Szombathely,London,44
VAS,01,Szombathely,Los Angeles,6
VAS,01,Szombathely,Luxembourg,4
VAS,01,Szombathely,Lyon,3
VAS,01,Szombathely,Madrid,11
VAS,01,Szombathely,Malaga,10
VAS,01,Szombathely,Manchester,15
VAS,01,Szombathely,Maszkat,2
VAS,01,Szombathely,Melbourne,1
VAS,01,Szombathely,Miami,8
VAS,01,Szombathely,Milánó,16
VAS,01,Szombathely,Montreal,1
VAS,01,Szombathely,Moszkva,2
VAS,01,Szombathely,München,30
VAS,01,Szombathely,New York,7
VAS,01,Szombathely,Nicosia,5
VAS,01,Szombathely,Nürnberg,12
VAS,01,Szombathely,Osaka,3
VAS,01,Szombathely,Osló,3
VAS,01,Szombathely,Párizs,8
VAS,01,Szombathely,Peking,1
VAS,01,Szombathely,Pozsony,1
VAS,01,Szombathely,Prága,11
VAS,01,Szombathely,Pretoria,2
VAS,01,Szombathely,Rabat,1
VAS,01,Szombathely,Róma,8
VAS,01,Szombathely,Sanghaj,1
VAS,01,Szombathely,Santiago de Chile,1
VAS,01,Szombathely,Sao Paulo,2
VAS,01,Szombathely,Stockholm,11
VAS,01,Szombathely,Strasbourg,1
VAS,01,Szombathely,Stuttgart,15
VAS,01,Szombathely,Sydney,3
VAS,01,Szombathely,Szabadka,7
VAS,01,Szombathely,Szarajevó,1
VAS,01,Szombathely,Szingapúr,1
VAS,01,Szombathely,Szkopje,1
VAS,01,Szombathely,Szófia,1
VAS,01,Szombathely,Szöul,6
VAS,01,Szombathely,Tallinn,1
VAS,01,Szombathely,Tbiliszi,1
VAS,01,Szombathely,Tel-Aviv,1
VAS,01,Szombathely,Tokió,6
VAS,01,Szombathely,Toronto,1
VAS,01,Szombathely,Újdelhi,1
VAS,01,Szombathely,Vancouver,2
VAS,01,Szombathely,Varsó,2
VAS,01,Szombathely,Vilnius,1
VAS,01,Szombathely,Washington,3
VAS,01,Szombathely,Zágráb,2
VAS,02,Sárvár,Abu Dhabi,2
VAS,02,Sárvár,Athén,2
VAS,02,Sárvár,Baku,1
VAS,02,Sárvár,Bangkok,7
VAS,02,Sárvár,Barcelona,8
VAS,02,Sárvár,Bécs,23
VAS,02,Sárvár,Belgrád,1
VAS,02,Sárvár,Beregszász,1
VAS,02,Sárvár,Berlin,12
VAS,02,Sárvár,Bern,15
VAS,02,Sárvár,Brüsszel,9
VAS,02,Sárvár,Chicago,3
VAS,02,Sárvár,Csíkszereda,12
VAS,02,Sárvár,Dublin,6
VAS,02,Sárvár,Düsseldorf,15
VAS,02,Sárvár,Edinburgh,7
VAS,02,Sárvár,Genf,2
VAS,02,Sárvár,Hága,35
VAS,02,Sárvár,Helsinki,2
VAS,02,Sárvár,Innsbruck,16
VAS,02,Sárvár,Isztambul,3
VAS,02,Sárvár,Jakarta,1
VAS,02,Sárvár,Kolozsvár,3
VAS,02,Sárvár,Koppenhága,9
VAS,02,Sárvár,Krakkó,4
VAS,02,Sárvár,Kuala Lumpur,1
VAS,02,Sárvár,Lisszabon,5
VAS,02,Sárvár,Ljubljana,1
VAS,02,Sárvár,London,38
VAS,02,Sárvár,Luxembourg,2
VAS,02,Sárvár,Lyon,4
VAS,02,Sárvár,Madrid,9
VAS,02,Sárvár,Malaga,3
VAS,02,Sárvár,Manchester,6
VAS,02,Sárvár,Manila,1
VAS,02,Sárvár,Melbourne,2
VAS,02,Sárvár,Mexikóváros,2
VAS,02,Sárvár,Miami,1
VAS,02,Sárvár,Milánó,12
VAS,02,Sárvár,Montreal,2
VAS,02,Sárvár,München,25
VAS,02,Sárvár,New York,2
VAS,02,Sárvár,Nicosia,1
VAS,02,Sárvár,Nürnberg,5
VAS,02,Sárvár,Osaka,2
VAS,02,Sárvár,Osló,3
VAS,02,Sárvár,Párizs,9
VAS,02,Sárvár,Peking,4
VAS,02,Sárvár,Pozsony,1
VAS,02,Sárvár,Prága,6
VAS,02,Sárvár,Pretoria,1
VAS,02,Sárvár,Pristina,1
VAS,02,Sárvár,Róma,5
VAS,02,Sárvár,San Francisco,3
VAS,02,Sárvár,Stockholm,3
VAS,02,Sárvár,Strasbourg,5
VAS,02,Sárvár,Stuttgart,13
VAS,02,Sárvár,Szabadka,4
VAS,02,Sárvár,Szingapúr,2
VAS,02,Sárvár,Szöul,5
VAS,02,Sárvár,Tel-Aviv,1
VAS,02,Sárvár,Tokió,2
VAS,02,Sárvár,Toronto,4
VAS,02,Sárvár,Valletta,4
VAS,02,Sárvár,Varsó,1
VAS,02,Sárvár,Washington,2
VAS,03,Körmend,Abuja,1
VAS,03,Körmend,Algír,1
VAS,03,Körmend,Athén,1
VAS,03,Körmend,Bangkok,1
VAS,03,Körmend,Barcelona,20
VAS,03,Körmend,Bécs,16
VAS,03,Körmend,Berlin,8
VAS,03,Körmend,Bern,12
VAS,03,Körmend,Brüsszel,2
VAS,03,Körmend,Chicago,1
VAS,03,Körmend,Csíkszereda,6
VAS,03,Körmend,Dublin,4
VAS,03,Körmend,Düsseldorf,15
VAS,03,Körmend,Edinburgh,4
VAS,03,Körmend,Genf,1
VAS,03,Körmend,Hága,12
VAS,03,Körmend,Helsinki,3
VAS,03,Körmend,Hongkong,1
VAS,03,Körmend,Houston,2
VAS,03,Körmend,Innsbruck,17
VAS,03,Körmend,Isztambul,6
VAS,03,Körmend,Jakarta,1
VAS,03,Körmend,Kolozsvár,2
VAS,03,Körmend,Koppenhága,7
VAS,03,Körmend,Krakkó,7
VAS,03,Körmend,Lisszabon,7
VAS,03,Körmend,Ljubljana,3
VAS,03,Körmend,London,25
VAS,03,Körmend,Luxembourg,5
VAS,03,Körmend,Madrid,16
VAS,03,Körmend,Malaga,2
VAS,03,Körmend,Manchester,4
VAS,03,Körmend,Miami,4
VAS,03,Körmend,Milánó,8
VAS,03,Körmend,Moszkva,2
VAS,03,Körmend,München,17
VAS,03,Körmend,New York,7
VAS,03,Körmend,Nicosia,3
VAS,03,Körmend,Nürnberg,8
VAS,03,Körmend,Osló,5
VAS,03,Körmend,Párizs,2
VAS,03,Körmend,Peking,1
VAS,03,Körmend,Pretoria,1
VAS,03,Körmend,Pristina,1
VAS,03,Körmend,Rabat,1
VAS,03,Körmend,Róma,4
VAS,03,Körmend,Sanghaj,4
VAS,03,Körmend,Santiago de Chile,1
VAS,03,Körmend,Stuttgart,13
VAS,03,Körmend,Sydney,2
VAS,03,Körmend,Szarajevó,1
VAS,03,Körmend,Szingapúr,2
VAS,03,Körmend,Tallinn,1
VAS,03,Körmend,Valletta,1
VAS,03,Körmend,Vancouver,1
VAS,03,Körmend,Varsó,1
VAS,03,Körmend,Washington,2
VAS,03,Körmend,Wellington,1
VESZPRÉM,01,Veszprém,Abu Dhabi,1
VESZPRÉM,01,Veszprém,Athén,5
VESZPRÉM,01,Veszprém,Baku,1
VESZPRÉM,01,Veszprém,Bangkok,3
VESZPRÉM,01,Veszprém,Barcelona,19
VESZPRÉM,01,Veszprém,Bécs,24
VESZPRÉM,01,Veszprém,Bejrút,1
VESZPRÉM,01,Veszprém,Belgrád,1
VESZPRÉM,01,Veszprém,Beregszász,1
VESZPRÉM,01,Veszprém,Berlin,22
VESZPRÉM,01,Veszprém,Bern,46
VESZPRÉM,01,Veszprém,Brüsszel,16
VESZPRÉM,01,Veszprém,Buenos Aires,2
VESZPRÉM,01,Veszprém,Bukarest,1
VESZPRÉM,01,Veszprém,Chicago,1
VESZPRÉM,01,Veszprém,Csíkszereda,13
VESZPRÉM,01,Veszprém,Dublin,23
VESZPRÉM,01,Veszprém,Düsseldorf,26
VESZPRÉM,01,Veszprém,Edinburgh,13
VESZPRÉM,01,Veszprém,Gdansk,1
VESZPRÉM,01,Veszprém,Genf,2
VESZPRÉM,01,Veszprém,Hága,48
VESZPRÉM,01,Veszprém,Helsinki,14
VESZPRÉM,01,Veszprém,Houston,2
VESZPRÉM,01,Veszprém,Innsbruck,41
VESZPRÉM,01,Veszprém,Iszlámábád,1
VESZPRÉM,01,Veszprém,Kolozsvár,2
VESZPRÉM,01,Veszprém,Koppenhága,23
VESZPRÉM,01,Veszprém,Krakkó,1
VESZPRÉM,01,Veszprém,Kuala Lumpur,1
VESZPRÉM,01,Veszprém,Lisszabon,10
VESZPRÉM,01,Veszprém,Ljubljana,2
VESZPRÉM,01,Veszprém,London,73
VESZPRÉM,01,Veszprém,Los Angeles,10
VESZPRÉM,01,Veszprém,Luxembourg,13
VESZPRÉM,01,Veszprém,Lyon,7
VESZPRÉM,01,Veszprém,Madrid,11
VESZPRÉM,01,Veszprém,Malaga,11
VESZPRÉM,01,Veszprém,Manchester,10
VESZPRÉM,01,Veszprém,Maszkat,1
VESZPRÉM,01,Veszprém,Melbourne,4
VESZPRÉM,01,Veszprém,Miami,5
VESZPRÉM,01,Veszprém,Milánó,5
VESZPRÉM,01,Veszprém,Montreal,2
VESZPRÉM,01,Veszprém,Moszkva,1
VESZPRÉM,01,Veszprém,München,49
VESZPRÉM,01,Veszprém,N'Djamena,1
VESZPRÉM,01,Veszprém,New York,4
VESZPRÉM,01,Veszprém,Nicosia,5
VESZPRÉM,01,Veszprém,Nürnberg,28
VESZPRÉM,01,Veszprém,Osaka,4
VESZPRÉM,01,Veszprém,Osló,5
VESZPRÉM,01,Veszprém,Párizs,14
VESZPRÉM,01,Veszprém,Pozsony,3
VESZPRÉM,01,Veszprém,Prága,8
VESZPRÉM,01,Veszprém,Pretoria,1
VESZPRÉM,01,Veszprém,Pristina,3
VESZPRÉM,01,Veszprém,Róma,14
VESZPRÉM,01,Veszprém,San Francisco,3
VESZPRÉM,01,Veszprém,Sanghaj,1
VESZPRÉM,01,Veszprém,Santiago de Chile,1
VESZPRÉM,01,Veszprém,Stockholm,9
VESZPRÉM,01,Veszprém,Strasbourg,6
VESZPRÉM,01,Veszprém,Stuttgart,40
VESZPRÉM,01,Veszprém,Szabadka,4
VESZPRÉM,01,Veszprém,Szarajevó,5
VESZPRÉM,01,Veszprém,Szingapúr,2
VESZPRÉM,01,Veszprém,Szófia,1
VESZPRÉM,01,Veszprém,Szöul,2
VESZPRÉM,01,Veszprém,Tallinn,1
VESZPRÉM,01,Veszprém,Tokió,5
VESZPRÉM,01,Veszprém,Toronto,6
VESZPRÉM,01,Veszprém,Valletta,6
VESZPRÉM,01,Veszprém,Vancouver,2
VESZPRÉM,01,Veszprém,Varsó,2
VESZPRÉM,01,Veszprém,Washington,4
VESZPRÉM,01,Veszprém,Wellington,2
VESZPRÉM,01,Veszprém,Wroclaw,3
VESZPRÉM,01,Veszprém,Zágráb,1
VESZPRÉM,02,Balatonfüred,Abu Dhabi,5
VESZPRÉM,02,Balatonfüred,Ankara,1
VESZPRÉM,02,Balatonfüred,Athén,9
VESZPRÉM,02,Balatonfüred,Bangkok,6
VESZPRÉM,02,Balatonfüred,Barcelona,16
VESZPRÉM,02,Balatonfüred,Bécs,33
VESZPRÉM,02,Balatonfüred,Beregszász,2
VESZPRÉM,02,Balatonfüred,Berlin,20
VESZPRÉM,02,Balatonfüred,Bern,61
VESZPRÉM,02,Balatonfüred,Bogota,1
VESZPRÉM,02,Balatonfüred,Brazíliaváros,2
VESZPRÉM,02,Balatonfüred,Brüsszel,27
VESZPRÉM,02,Balatonfüred,Buenos Aires,2
VESZPRÉM,02,Balatonfüred,Bukarest,2
VESZPRÉM,02,Balatonfüred,Canberra,4
VESZPRÉM,02,Balatonfüred,Csíkszereda,23
VESZPRÉM,02,Balatonfüred,Csungking,1
VESZPRÉM,02,Balatonfüred,Doha,4
VESZPRÉM,02,Balatonfüred,Dublin,18
VESZPRÉM,02,Balatonfüred,Düsseldorf,36
VESZPRÉM,02,Balatonfüred,Edinburgh,18
VESZPRÉM,02,Balatonfüred,Gdansk,1
VESZPRÉM,02,Balatonfüred,Genf,5
VESZPRÉM,02,Balatonfüred,Hága,83
VESZPRÉM,02,Balatonfüred,Havanna,1
VESZPRÉM,02,Balatonfüred,Helsinki,11
VESZPRÉM,02,Balatonfüred,Ho Chi Minh Város,1
VESZPRÉM,02,Balatonfüred,Hongkong,1
VESZPRÉM,02,Balatonfüred,Houston,3
VESZPRÉM,02,Balatonfüred,Innsbruck,54
VESZPRÉM,02,Balatonfüred,Jakarta,3
VESZPRÉM,02,Balatonfüred,Jekatyerinburg,1
VESZPRÉM,02,Balatonfüred,Jereván,1
VESZPRÉM,02,Balatonfüred,Kairó,2
VESZPRÉM,02,Balatonfüred,Kolozsvár,11
VESZPRÉM,02,Balatonfüred,Koppenhága,42
VESZPRÉM,02,Balatonfüred,Krakkó,4
VESZPRÉM,02,Balatonfüred,Kuala Lumpur,1
VESZPRÉM,02,Balatonfüred,Kuvait,1
VESZPRÉM,02,Balatonfüred,Lisszabon,9
VESZPRÉM,02,Balatonfüred,Ljubljana,2
VESZPRÉM,02,Balatonfüred,London,87
VESZPRÉM,02,Balatonfüred,Los Angeles,3
VESZPRÉM,02,Balatonfüred,Luxembourg,14
VESZPRÉM,02,Balatonfüred,Lyon,2
VESZPRÉM,02,Balatonfüred,Madrid,25
VESZPRÉM,02,Balatonfüred,Malaga,13
VESZPRÉM,02,Balatonfüred,Manchester,24
VESZPRÉM,02,Balatonfüred,Manila,1
VESZPRÉM,02,Balatonfüred,Maszkat,2
VESZPRÉM,02,Balatonfüred,Melbourne,1
VESZPRÉM,02,Balatonfüred,Mexikóváros,2
VESZPRÉM,02,Balatonfüred,Miami,11
VESZPRÉM,02,Balatonfüred,Milánó,18
VESZPRÉM,02,Balatonfüred,München,81
VESZPRÉM,02,Balatonfüred,New York,5
VESZPRÉM,02,Balatonfüred,Nicosia,8
VESZPRÉM,02,Balatonfüred,Nürnberg,24
VESZPRÉM,02,Balatonfüred,Osló,10
VESZPRÉM,02,Balatonfüred,Párizs,13
VESZPRÉM,02,Balatonfüred,Peking,1
VESZPRÉM,02,Balatonfüred,Podgorica,1
VESZPRÉM,02,Balatonfüred,Pozsony,6
VESZPRÉM,02,Balatonfüred,Prága,6
VESZPRÉM,02,Balatonfüred,Pretoria,2
VESZPRÉM,02,Balatonfüred,Rabat,2
VESZPRÉM,02,Balatonfüred,Róma,16
VESZPRÉM,02,Balatonfüred,San Francisco,1
VESZPRÉM,02,Balatonfüred,Sanghaj,2
VESZPRÉM,02,Balatonfüred,Santiago de Chile,1
VESZPRÉM,02,Balatonfüred,Sao Paulo,4
VESZPRÉM,02,Balatonfüred,Stockholm,11
VESZPRÉM,02,Balatonfüred,Strasbourg,3
VESZPRÉM,02,Balatonfüred,Stuttgart,49
VESZPRÉM,02,Balatonfüred,Sydney,3
VESZPRÉM,02,Balatonfüred,Szabadka,4
VESZPRÉM,02,Balatonfüred,Szentpétervár,1
VESZPRÉM,02,Balatonfüred,Szingapúr,1
VESZPRÉM,02,Balatonfüred,Szófia,2
VESZPRÉM,02,Balatonfüred,Szöul,3
VESZPRÉM,02,Balatonfüred,Tallinn,1
VESZPRÉM,02,Balatonfüred,Taskent,2
VESZPRÉM,02,Balatonfüred,Tbiliszi,1
VESZPRÉM,02,Balatonfüred,Tel-Aviv,1
VESZPRÉM,02,Balatonfüred,Tirana,1
VESZPRÉM,02,Balatonfüred,Tokió,5
VESZPRÉM,02,Balatonfüred,Toronto,2
VESZPRÉM,02,Balatonfüred,Tunisz,1
VESZPRÉM,02,Balatonfüred,Újdelhi,2
VESZPRÉM,02,Balatonfüred,Valletta,14
VESZPRÉM,02,Balatonfüred,Vancouver,3
VESZPRÉM,02,Balatonfüred,Varsó,5
VESZPRÉM,02,Balatonfüred,Vilnius,1
VESZPRÉM,02,Balatonfüred,Washington,8
VESZPRÉM,02,Balatonfüred,Wellington,1
VESZPRÉM,02,Balatonfüred,Zágráb,1
VESZPRÉM,03,Tapolca,Abu Dhabi,5
VESZPRÉM,03,Tapolca,Algír,1
VESZPRÉM,03,Tapolca,Ankara,1
VESZPRÉM,03,Tapolca,Baku,1
VESZPRÉM,03,Tapolca,Bangkok,1
VESZPRÉM,03,Tapolca,Barcelona,8
VESZPRÉM,03,Tapolca,Bécs,32
VESZPRÉM,03,Tapolca,Berlin,28
VESZPRÉM,03,Tapolca,Bern,56
VESZPRÉM,03,Tapolca,Brüsszel,11
VESZPRÉM,03,Tapolca,Chicago,1
VESZPRÉM,03,Tapolca,Csíkszereda,13
VESZPRÉM,03,Tapolca,Dublin,4
VESZPRÉM,03,Tapolca,Düsseldorf,24
VESZPRÉM,03,Tapolca,Edinburgh,5
VESZPRÉM,03,Tapolca,Genf,1
VESZPRÉM,03,Tapolca,Hága,30
VESZPRÉM,03,Tapolca,Helsinki,6
VESZPRÉM,03,Tapolca,Houston,2
VESZPRÉM,03,Tapolca,Innsbruck,42
VESZPRÉM,03,Tapolca,Kolozsvár,2
VESZPRÉM,03,Tapolca,Koppenhága,17
VESZPRÉM,03,Tapolca,Lisszabon,2
VESZPRÉM,03,Tapolca,Ljubljana,3
VESZPRÉM,03,Tapolca,London,54
VESZPRÉM,03,Tapolca,Los Angeles,2
VESZPRÉM,03,Tapolca,Luxembourg,2
VESZPRÉM,03,Tapolca,Lyon,4
VESZPRÉM,03,Tapolca,Madrid,7
VESZPRÉM,03,Tapolca,Malaga,2
VESZPRÉM,03,Tapolca,Manchester,18
VESZPRÉM,03,Tapolca,Maszkat,1
VESZPRÉM,03,Tapolca,Miami,1
VESZPRÉM,03,Tapolca,Milánó,5
VESZPRÉM,03,Tapolca,Minszk,1
VESZPRÉM,03,Tapolca,Montevideo,1
VESZPRÉM,03,Tapolca,München,43
VESZPRÉM,03,Tapolca,Nairobi,1
VESZPRÉM,03,Tapolca,New York,6
VESZPRÉM,03,Tapolca,Nicosia,5
VESZPRÉM,03,Tapolca,Nürnberg,13
VESZPRÉM,03,Tapolca,Osaka,1
VESZPRÉM,03,Tapolca,Osló,4
VESZPRÉM,03,Tapolca,Párizs,10
VESZPRÉM,03,Tapolca,Peking,1
VESZPRÉM,03,Tapolca,Pozsony,1
VESZPRÉM,03,Tapolca,Prága,6
VESZPRÉM,03,Tapolca,Pristina,1
VESZPRÉM,03,Tapolca,Quito,1
VESZPRÉM,03,Tapolca,Róma,4
VESZPRÉM,03,Tapolca,San Francisco,3
VESZPRÉM,03,Tapolca,Sanghaj,1
VESZPRÉM,03,Tapolca,Stockholm,7
VESZPRÉM,03,Tapolca,Strasbourg,3
VESZPRÉM,03,Tapolca,Stuttgart,18
VESZPRÉM,03,Tapolca,Sydney,4
VESZPRÉM,03,Tapolca,Szarajevó,1
VESZPRÉM,03,Tapolca,Szófia,1
VESZPRÉM,03,Tapolca,Szöul,2
VESZPRÉM,03,Tapolca,Tallinn,1
VESZPRÉM,03,Tapolca,Tel-Aviv,1
VESZPRÉM,03,Tapolca,Tirana,1
VESZPRÉM,03,Tapolca,Tokió,4
VESZPRÉM,03,Tapolca,Valletta,8
VESZPRÉM,03,Tapolca,Varsó,2
VESZPRÉM,03,Tapolca,Vientián,1
VESZPRÉM,03,Tapolca,Wellington,1
VESZPRÉM,04,Pápa,Abu Dhabi,1
VESZPRÉM,04,Pápa,Athén,1
VESZPRÉM,04,Pápa,Bangkok,2
VESZPRÉM,04,Pápa,Barcelona,6
VESZPRÉM,04,Pápa,Bécs,13
VESZPRÉM,04,Pápa,Beregszász,1
VESZPRÉM,04,Pápa,Berlin,12
VESZPRÉM,04,Pápa,Bern,25
VESZPRÉM,04,Pápa,Brüsszel,8
VESZPRÉM,04,Pápa,Chicago,2
VESZPRÉM,04,Pápa,Csíkszereda,11
VESZPRÉM,04,Pápa,Doha,3
VESZPRÉM,04,Pápa,Dublin,7
VESZPRÉM,04,Pápa,Düsseldorf,14
VESZPRÉM,04,Pápa,Edinburgh,10
VESZPRÉM,04,Pápa,Gdansk,2
VESZPRÉM,04,Pápa,Genf,2
VESZPRÉM,04,Pápa,Hága,23
VESZPRÉM,04,Pápa,Helsinki,3
VESZPRÉM,04,Pápa,Innsbruck,23
VESZPRÉM,04,Pápa,Isztambul,2
VESZPRÉM,04,Pápa,Jakarta,1
VESZPRÉM,04,Pápa,Kassa,1
VESZPRÉM,04,Pápa,Koppenhága,7
VESZPRÉM,04,Pápa,Krakkó,2
VESZPRÉM,04,Pápa,Kuvait,2
VESZPRÉM,04,Pápa,Lisszabon,4
VESZPRÉM,04,Pápa,Ljubljana,2
VESZPRÉM,04,Pápa,London,53
VESZPRÉM,04,Pápa,Los Angeles,4
VESZPRÉM,04,Pápa,Luxembourg,9
VESZPRÉM,04,Pápa,Lyon,2
VESZPRÉM,04,Pápa,Madrid,6
VESZPRÉM,04,Pápa,Malaga,6
VESZPRÉM,04,Pápa,Manchester,12
VESZPRÉM,04,Pápa,Melbourne,1
VESZPRÉM,04,Pápa,Miami,3
VESZPRÉM,04,Pápa,Milánó,4
VESZPRÉM,04,Pápa,Montreal,1
VESZPRÉM,04,Pápa,Mumbai,2
VESZPRÉM,04,Pápa,München,46
VESZPRÉM,04,Pápa,New York,6
VESZPRÉM,04,Pápa,Nürnberg,13
VESZPRÉM,04,Pápa,Osaka,1
VESZPRÉM,04,Pápa,Osló,9
VESZPRÉM,04,Pápa,Párizs,2
VESZPRÉM,04,Pápa,Prága,2
VESZPRÉM,04,Pápa,Róma,7
VESZPRÉM,04,Pápa,Stockholm,11
VESZPRÉM,04,Pápa,Strasbourg,6
VESZPRÉM,04,Pápa,Stuttgart,19
VESZPRÉM,04,Pápa,Szarajevó,3
VESZPRÉM,04,Pápa,Szingapúr,3
VESZPRÉM,04,Pápa,Szöul,5
VESZPRÉM,04,Pápa,Tallinn,2
VESZPRÉM,04,Pápa,Tel-Aviv,1
VESZPRÉM,04,Pápa,Tokió,3
VESZPRÉM,04,Pápa,Toronto,3
VESZPRÉM,04,Pápa,Valletta,1
VESZPRÉM,04,Pápa,Vancouver,1
VESZPRÉM,04,Pápa,Varsó,1
VESZPRÉM,04,Pápa,Vilnius,1
VESZPRÉM,04,Pápa,Washington,3
VESZPRÉM,04,Pápa,Zágráb,1
ZALA,01,Zalaegerszeg,Abu Dhabi,2
ZALA,01,Zalaegerszeg,Athén,1
ZALA,01,Zalaegerszeg,Bangkok,1
ZALA,01,Zalaegerszeg,Barcelona,12
ZALA,01,Zalaegerszeg,Bécs,27
ZALA,01,Zalaegerszeg,Berlin,17
ZALA,01,Zalaegerszeg,Bern,39
ZALA,01,Zalaegerszeg,Bogota,1
ZALA,01,Zalaegerszeg,Brüsszel,11
ZALA,01,Zalaegerszeg,Buenos Aires,3
ZALA,01,Zalaegerszeg,Bukarest,1
ZALA,01,Zalaegerszeg,Canberra,1
ZALA,01,Zalaegerszeg,Chicago,2
ZALA,01,Zalaegerszeg,Csíkszereda,19
ZALA,01,Zalaegerszeg,Dublin,9
ZALA,01,Zalaegerszeg,Düsseldorf,14
ZALA,01,Zalaegerszeg,Edinburgh,9
ZALA,01,Zalaegerszeg,Gdansk,1
ZALA,01,Zalaegerszeg,Genf,1
ZALA,01,Zalaegerszeg,Hága,47
ZALA,01,Zalaegerszeg,Hanoi,2
ZALA,01,Zalaegerszeg,Helsinki,7
ZALA,01,Zalaegerszeg,Houston,4
ZALA,01,Zalaegerszeg,Innsbruck,39
ZALA,01,Zalaegerszeg,Isztambul,4
ZALA,01,Zalaegerszeg,Kairó,1
ZALA,01,Zalaegerszeg,Kolozsvár,2
ZALA,01,Zalaegerszeg,Koppenhága,13
ZALA,01,Zalaegerszeg,Lima,3
ZALA,01,Zalaegerszeg,Lisszabon,5
ZALA,01,Zalaegerszeg,Ljubljana,10
ZALA,01,Zalaegerszeg,London,57
ZALA,01,Zalaegerszeg,Los Angeles,1
ZALA,01,Zalaegerszeg,Luxembourg,9
ZALA,01,Zalaegerszeg,Lyon,4
ZALA,01,Zalaegerszeg,Madrid,6
ZALA,01,Zalaegerszeg,Malaga,4
ZALA,01,Zalaegerszeg,Manchester,21
ZALA,01,Zalaegerszeg,Miami,2
ZALA,01,Zalaegerszeg,Milánó,9
ZALA,01,Zalaegerszeg,Montevideo,2
ZALA,01,Zalaegerszeg,Moszkva,1
ZALA,01,Zalaegerszeg,München,64
ZALA,01,Zalaegerszeg,New York,5
ZALA,01,Zalaegerszeg,Nicosia,4
ZALA,01,Zalaegerszeg,Nürnberg,6
ZALA,01,Zalaegerszeg,Osaka,4
ZALA,01,Zalaegerszeg,Osló,7
ZALA,01,Zalaegerszeg,Ottawa,1
ZALA,01,Zalaegerszeg,Párizs,17
ZALA,01,Zalaegerszeg,Prága,1
ZALA,01,Zalaegerszeg,Róma,13
ZALA,01,Zalaegerszeg,San Francisco,2
ZALA,01,Zalaegerszeg,Sanghaj,3
ZALA,01,Zalaegerszeg,Stockholm,6
ZALA,01,Zalaegerszeg,Strasbourg,2
ZALA,01,Zalaegerszeg,Stuttgart,23
ZALA,01,Zalaegerszeg,Sydney,2
ZALA,01,Zalaegerszeg,Szarajevó,1
ZALA,01,Zalaegerszeg,Szingapúr,2
ZALA,01,Zalaegerszeg,Szófia,1
ZALA,01,Zalaegerszeg,Szöul,3
ZALA,01,Zalaegerszeg,Tallinn,2
ZALA,01,Zalaegerszeg,Tbiliszi,2
ZALA,01,Zalaegerszeg,Tokió,2
ZALA,01,Zalaegerszeg,Toronto,3
ZALA,01,Zalaegerszeg,Valletta,5
ZALA,01,Zalaegerszeg,Vancouver,1
ZALA,01,Zalaegerszeg,Varsó,10
ZALA,01,Zalaegerszeg,Vientián,1
ZALA,01,Zalaegerszeg,Washington,3
ZALA,01,Zalaegerszeg,Wellington,1
ZALA,01,Zalaegerszeg,Zágráb,6
ZALA,02,Keszthely,Abu Dhabi,1
ZALA,02,Keszthely,Bangkok,5
ZALA,02,Keszthely,Barcelona,17
ZALA,02,Keszthely,Bécs,32
ZALA,02,Keszthely,Berlin,21
ZALA,02,Keszthely,Bern,49
ZALA,02,Keszthely,Bogota,2
ZALA,02,Keszthely,Brüsszel,25
ZALA,02,Keszthely,Buenos Aires,1
ZALA,02,Keszthely,Bukarest,4
ZALA,02,Keszthely,Chicago,4
ZALA,02,Keszthely,Kisinyov,2
ZALA,02,Keszthely,Csíkszereda,9
ZALA,02,Keszthely,Csungking,4
ZALA,02,Keszthely,Dar Es-Salaam,1
ZALA,02,Keszthely,Doha,2
ZALA,02,Keszthely,Dublin,19
ZALA,02,Keszthely,Düsseldorf,21
ZALA,02,Keszthely,Edinburgh,11
ZALA,02,Keszthely,Gdansk,1
ZALA,02,Keszthely,Genf,4
ZALA,02,Keszthely,Hága,31
ZALA,02,Keszthely,Helsinki,7
ZALA,02,Keszthely,Ho Chi Minh Város,1
ZALA,02,Keszthely,Hongkong,2
ZALA,02,Keszthely,Houston,1
ZALA,02,Keszthely,Innsbruck,42
ZALA,02,Keszthely,Koppenhága,21
ZALA,02,Keszthely,Krakkó,1
ZALA,02,Keszthely,Lendva,1
ZALA,02,Keszthely,Lisszabon,6
ZALA,02,Keszthely,London,58
ZALA,02,Keszthely,Los Angeles,6
ZALA,02,Keszthely,Luxembourg,8
ZALA,02,Keszthely,Lyon,6
ZALA,02,Keszthely,Madrid,11
ZALA,02,Keszthely,Malaga,25
ZALA,02,Keszthely,Manchester,7
ZALA,02,Keszthely,Mexikóváros,1
ZALA,02,Keszthely,Miami,6
ZALA,02,Keszthely,Milánó,8
ZALA,02,Keszthely,Montreal,1
ZALA,02,Keszthely,Moszkva,1
ZALA,02,Keszthely,München,52
ZALA,02,Keszthely,New York,8
ZALA,02,Keszthely,Nürnberg,16
ZALA,02,Keszthely,Osaka,1
ZALA,02,Keszthely,Osló,8
ZALA,02,Keszthely,Párizs,12
ZALA,02,Keszthely,Pozsony,3
ZALA,02,Keszthely,Prága,8
ZALA,02,Keszthely,Róma,6
ZALA,02,Keszthely,San Francisco,2
ZALA,02,Keszthely,Sanghaj,1
ZALA,02,Keszthely,Sao Paulo,1
ZALA,02,Keszthely,Stockholm,4
ZALA,02,Keszthely,Strasbourg,6
ZALA,02,Keszthely,Stuttgart,45
ZALA,02,Keszthely,Sydney,2
ZALA,02,Keszthely,Szingapúr,1
ZALA,02,Keszthely,Szkopje,1
ZALA,02,Keszthely,Szófia,3
ZALA,02,Keszthely,Szöul,2
ZALA,02,Keszthely,Tallinn,1
ZALA,02,Keszthely,Tbiliszi,1
ZALA,02,Keszthely,Tokió,3
ZALA,02,Keszthely,Toronto,1
ZALA,02,Keszthely,Újdelhi,1
ZALA,02,Keszthely,Valletta,4
ZALA,02,Keszthely,Vancouver,1
ZALA,02,Keszthely,Varsó,4
ZALA,02,Keszthely,Washington,2
ZALA,02,Keszthely,Wellington,2
ZALA,02,Keszthely,Zágráb,2
ZALA,03,Nagykanizsa,Abu Dhabi,2
ZALA,03,Nagykanizsa,Abuja,1
ZALA,03,Nagykanizsa,Ankara,1
ZALA,03,Nagykanizsa,Athén,5
ZALA,03,Nagykanizsa,Bangkok,2
ZALA,03,Nagykanizsa,Barcelona,6
ZALA,03,Nagykanizsa,Bécs,19
ZALA,03,Nagykanizsa,Bejrút,2
ZALA,03,Nagykanizsa,Belgrád,1
ZALA,03,Nagykanizsa,Berlin,19
ZALA,03,Nagykanizsa,Bern,25
ZALA,03,Nagykanizsa,Brüsszel,10
ZALA,03,Nagykanizsa,Chicago,1
ZALA,03,Nagykanizsa,Csíkszereda,11
ZALA,03,Nagykanizsa,Dublin,13
ZALA,03,Nagykanizsa,Düsseldorf,14
ZALA,03,Nagykanizsa,Edinburgh,17
ZALA,03,Nagykanizsa,Genf,1
ZALA,03,Nagykanizsa,Hága,28
ZALA,03,Nagykanizsa,Helsinki,1
ZALA,03,Nagykanizsa,Hongkong,1
ZALA,03,Nagykanizsa,Houston,2
ZALA,03,Nagykanizsa,Innsbruck,37
ZALA,03,Nagykanizsa,Isztambul,1
ZALA,03,Nagykanizsa,Koppenhága,8
ZALA,03,Nagykanizsa,Lisszabon,2
ZALA,03,Nagykanizsa,Ljubljana,2
ZALA,03,Nagykanizsa,London,58
ZALA,03,Nagykanizsa,Los Angeles,3
ZALA,03,Nagykanizsa,Luxembourg,3
ZALA,03,Nagykanizsa,Lyon,3
ZALA,03,Nagykanizsa,Madrid,9
ZALA,03,Nagykanizsa,Manchester,14
ZALA,03,Nagykanizsa,Miami,5
ZALA,03,Nagykanizsa,Milánó,5
ZALA,03,Nagykanizsa,Mumbai,1
ZALA,03,Nagykanizsa,München,74
ZALA,03,Nagykanizsa,New York,7
ZALA,03,Nagykanizsa,Nicosia,2
ZALA,03,Nagykanizsa,Nürnberg,12
ZALA,03,Nagykanizsa,Osaka,2
ZALA,03,Nagykanizsa,Osló,11
ZALA,03,Nagykanizsa,Párizs,7
ZALA,03,Nagykanizsa,Peking,1
ZALA,03,Nagykanizsa,Prága,8
ZALA,03,Nagykanizsa,Pristina,1
ZALA,03,Nagykanizsa,Róma,4
ZALA,03,Nagykanizsa,San Francisco,2
ZALA,03,Nagykanizsa,Sanghaj,2
ZALA,03,Nagykanizsa,Stockholm,5
ZALA,03,Nagykanizsa,Strasbourg,1
ZALA,03,Nagykanizsa,Stuttgart,38
ZALA,03,Nagykanizsa,Sydney,2
ZALA,03,Nagykanizsa,Szabadka,2
ZALA,03,Nagykanizsa,Szingapúr,1
ZALA,03,Nagykanizsa,Szkopje,1
ZALA,03,Nagykanizsa,Szófia,1
ZALA,03,Nagykanizsa,Tirana,1
ZALA,03,Nagykanizsa,Ungvár,2
ZALA,03,Nagykanizsa,Valletta,3
ZALA,03,Nagykanizsa,Vancouver,1
ZALA,03,Nagykanizsa,Varsó,3
ZALA,03,Nagykanizsa,Wellington,1
ZALA,03,Nagykanizsa,Zágráb,1
