MEGYE,OEVK,SZEKHELY,KULKEPVISELET,VALASZTOK
BUDAPEST,01,Budapest V. kerület,Tirana,2
BUDAPEST,01,Budapest V. kerület,Chicago,15
BUDAPEST,01,Budapest V. kerület,Los Angeles,33
BUDAPEST,01,Budapest V. kerület,New York,71
BUDAPEST,01,Budapest V. kerület,San Francisco,28
BUDAPEST,01,Budapest V. kerület,Washington,11
BUDAPEST,01,Budapest V. kerület,Buenos Aires,4
BUDAPEST,01,Budapest V. kerület,Melbourne,11
BUDAPEST,01,Budapest V. kerület,Sydney,15
BUDAPEST,01,Budapest V. kerület,Bécs,76
BUDAPEST,01,Budapest V. kerület,Baku,1
BUDAPEST,01,Budapest V. kerület,Brüsszel,103
BUDAPEST,01,Budapest V. kerület,Szarajevó,2
BUDAPEST,01,Budapest V. kerület,Sao Paulo,1
BUDAPEST,01,Budapest V. kerület,Szófia,2
BUDAPEST,01,Budapest V. kerület,Santiago de Chile,1
BUDAPEST,01,Budapest V. kerület,Prága,10
BUDAPEST,01,Budapest V. kerület,Koppenhága,31
BUDAPEST,01,Budapest V. kerület,Pretoria,6
BUDAPEST,01,Budapest V. kerület,Abu Dhabi,13
BUDAPEST,01,Budapest V. kerület,Kairó,1
BUDAPEST,01,Budapest V. kerület,Addisz-Abeba,2
BUDAPEST,01,Budapest V. kerület,Helsinki,12
BUDAPEST,01,Budapest V. kerület,Párizs,63
BUDAPEST,01,Budapest V. kerület,Tbiliszi,3
BUDAPEST,01,Budapest V. kerület,Athén,4
BUDAPEST,01,Budapest V. kerület,Hága,85
BUDAPEST,01,Budapest V. kerület,Eszék,1
BUDAPEST,01,Budapest V. kerület,Zágráb,2
BUDAPEST,01,Budapest V. kerület,Újdelhi,4
BUDAPEST,01,Budapest V. kerület,Jakarta,3
BUDAPEST,01,Budapest V. kerület,Teherán,1
BUDAPEST,01,Budapest V. kerület,Dublin,24
BUDAPEST,01,Budapest V. kerület,Tel-Aviv,11
BUDAPEST,01,Budapest V. kerület,Tokió,10
BUDAPEST,01,Budapest V. kerület,Amman,3
BUDAPEST,01,Budapest V. kerület,Ottawa,8
BUDAPEST,01,Budapest V. kerület,Toronto,22
BUDAPEST,01,Budapest V. kerület,Doha,8
BUDAPEST,01,Budapest V. kerület,Asztana,2
BUDAPEST,01,Budapest V. kerület,Nairobi,1
BUDAPEST,01,Budapest V. kerület,Csungking,1
BUDAPEST,01,Budapest V. kerület,Hongkong,10
BUDAPEST,01,Budapest V. kerület,Peking,5
BUDAPEST,01,Budapest V. kerület,Sanghaj,1
BUDAPEST,01,Budapest V. kerület,Bogota,2
BUDAPEST,01,Budapest V. kerület,Szöul,2
BUDAPEST,01,Budapest V. kerület,Pristina,3
BUDAPEST,01,Budapest V. kerület,Kuvait,4
BUDAPEST,01,Budapest V. kerület,Krakkó,7
BUDAPEST,01,Budapest V. kerület,Varsó,6
BUDAPEST,01,Budapest V. kerület,Bejrút,2
BUDAPEST,01,Budapest V. kerület,Vilnius,2
BUDAPEST,01,Budapest V. kerület,Szkopje,2
BUDAPEST,01,Budapest V. kerület,Kuala Lumpur,1
BUDAPEST,01,Budapest V. kerület,Rabat,5
BUDAPEST,01,Budapest V. kerület,Mexikóváros,2
BUDAPEST,01,Budapest V. kerület,Ulánbátor,1
BUDAPEST,01,Budapest V. kerület,Edinburgh,15
BUDAPEST,01,Budapest V. kerület,London,205
BUDAPEST,01,Budapest V. kerület,Manchester,21
BUDAPEST,01,Budapest V. kerület,Berlin,88
BUDAPEST,01,Budapest V. kerület,Düsseldorf,47
BUDAPEST,01,Budapest V. kerület,München,66
BUDAPEST,01,Budapest V. kerület,Stuttgart,42
BUDAPEST,01,Budapest V. kerület,Osló,17
BUDAPEST,01,Budapest V. kerület,Milánó,27
BUDAPEST,01,Budapest V. kerület,Róma,42
BUDAPEST,01,Budapest V. kerület,Jekatyerinburg,1
BUDAPEST,01,Budapest V. kerület,Moszkva,6
BUDAPEST,01,Budapest V. kerület,Szentpétervár,3
BUDAPEST,01,Budapest V. kerület,Lima,7
BUDAPEST,01,Budapest V. kerület,Lisszabon,14
BUDAPEST,01,Budapest V. kerület,Bukarest,5
BUDAPEST,01,Budapest V. kerület,Csíkszereda,57
BUDAPEST,01,Budapest V. kerület,Kolozsvár,30
BUDAPEST,01,Budapest V. kerület,Barcelona,21
BUDAPEST,01,Budapest V. kerület,Madrid,23
BUDAPEST,01,Budapest V. kerület,Bern,84
BUDAPEST,01,Budapest V. kerület,Stockholm,26
BUDAPEST,01,Budapest V. kerület,Belgrád,5
BUDAPEST,01,Budapest V. kerület,Szabadka,18
BUDAPEST,01,Budapest V. kerület,Szingapúr,4
BUDAPEST,01,Budapest V. kerület,Pozsony,3
BUDAPEST,01,Budapest V. kerület,Lendva,1
BUDAPEST,01,Budapest V. kerület,Ljubljana,7
BUDAPEST,01,Budapest V. kerület,Bangkok,9
BUDAPEST,01,Budapest V. kerület,Ankara,2
BUDAPEST,01,Budapest V. kerület,Isztambul,5
BUDAPEST,01,Budapest V. kerület,Tunisz,1
BUDAPEST,01,Budapest V. kerület,Wellington,6
BUDAPEST,01,Budapest V. kerület,Beregszász,18
BUDAPEST,01,Budapest V. kerület,Kijev,2
BUDAPEST,01,Budapest V. kerület,Ungvár,3
BUDAPEST,01,Budapest V. kerület,Taskent,1
BUDAPEST,01,Budapest V. kerület,Hanoi,4
BUDAPEST,01,Budapest V. kerület,Ho Chi Minh Város,3
BUDAPEST,02,Budapest XI. kerület,Algír,1
BUDAPEST,02,Budapest XI. kerület,Chicago,5
BUDAPEST,02,Budapest XI. kerület,Los Angeles,12
BUDAPEST,02,Budapest XI. kerület,New York,40
BUDAPEST,02,Budapest XI. kerület,San Francisco,15
BUDAPEST,02,Budapest XI. kerület,Washington,21
BUDAPEST,02,Budapest XI. kerület,Buenos Aires,3
BUDAPEST,02,Budapest XI. kerület,Melbourne,3
BUDAPEST,02,Budapest XI. kerület,Sydney,22
BUDAPEST,02,Budapest XI. kerület,Bécs,53
BUDAPEST,02,Budapest XI. kerület,Baku,2
BUDAPEST,02,Budapest XI. kerület,Minszk,2
BUDAPEST,02,Budapest XI. kerület,Brüsszel,84
BUDAPEST,02,Budapest XI. kerület,Szarajevó,3
BUDAPEST,02,Budapest XI. kerület,Sao Paulo,1
BUDAPEST,02,Budapest XI. kerület,Santiago de Chile,3
BUDAPEST,02,Budapest XI. kerület,Prága,8
BUDAPEST,02,Budapest XI. kerület,Koppenhága,34
BUDAPEST,02,Budapest XI. kerület,Pretoria,2
BUDAPEST,02,Budapest XI. kerület,Quito,2
BUDAPEST,02,Budapest XI. kerület,Abu Dhabi,10
BUDAPEST,02,Budapest XI. kerület,Kairó,1
BUDAPEST,02,Budapest XI. kerület,Addisz-Abeba,2
BUDAPEST,02,Budapest XI. kerület,Helsinki,14
BUDAPEST,02,Budapest XI. kerület,Párizs,52
BUDAPEST,02,Budapest XI. kerület,Manila,1
BUDAPEST,02,Budapest XI. kerület,Tbiliszi,2
BUDAPEST,02,Budapest XI. kerület,Accra,1
BUDAPEST,02,Budapest XI. kerület,Athén,4
BUDAPEST,02,Budapest XI. kerület,Hága,79
BUDAPEST,02,Budapest XI. kerület,Zágráb,5
BUDAPEST,02,Budapest XI. kerület,Mumbai,1
BUDAPEST,02,Budapest XI. kerület,Teherán,1
BUDAPEST,02,Budapest XI. kerület,Dublin,17
BUDAPEST,02,Budapest XI. kerület,Tel-Aviv,10
BUDAPEST,02,Budapest XI. kerület,Tokió,5
BUDAPEST,02,Budapest XI. kerület,Ottawa,6
BUDAPEST,02,Budapest XI. kerület,Toronto,17
BUDAPEST,02,Budapest XI. kerület,Doha,4
BUDAPEST,02,Budapest XI. kerület,Almati,1
BUDAPEST,02,Budapest XI. kerület,Asztana,2
BUDAPEST,02,Budapest XI. kerület,Nairobi,1
BUDAPEST,02,Budapest XI. kerület,Hongkong,4
BUDAPEST,02,Budapest XI. kerület,Peking,4
BUDAPEST,02,Budapest XI. kerület,Sanghaj,5
BUDAPEST,02,Budapest XI. kerület,Szöul,4
BUDAPEST,02,Budapest XI. kerület,Pristina,1
BUDAPEST,02,Budapest XI. kerület,Havanna,4
BUDAPEST,02,Budapest XI. kerület,Krakkó,16
BUDAPEST,02,Budapest XI. kerület,Varsó,4
BUDAPEST,02,Budapest XI. kerület,Riga,2
BUDAPEST,02,Budapest XI. kerület,Bejrút,3
BUDAPEST,02,Budapest XI. kerület,Vilnius,1
BUDAPEST,02,Budapest XI. kerület,Szkopje,3
BUDAPEST,02,Budapest XI. kerület,Kuala Lumpur,6
BUDAPEST,02,Budapest XI. kerület,Rabat,6
BUDAPEST,02,Budapest XI. kerület,Edinburgh,20
BUDAPEST,02,Budapest XI. kerület,London,180
BUDAPEST,02,Budapest XI. kerület,Manchester,19
BUDAPEST,02,Budapest XI. kerület,Berlin,69
BUDAPEST,02,Budapest XI. kerület,Düsseldorf,47
BUDAPEST,02,Budapest XI. kerület,München,78
BUDAPEST,02,Budapest XI. kerület,Stuttgart,49
BUDAPEST,02,Budapest XI. kerület,Osló,13
BUDAPEST,02,Budapest XI. kerület,Milánó,25
BUDAPEST,02,Budapest XI. kerület,Róma,19
BUDAPEST,02,Budapest XI. kerület,Moszkva,4
BUDAPEST,02,Budapest XI. kerület,Lima,2
BUDAPEST,02,Budapest XI. kerület,Lisszabon,12
BUDAPEST,02,Budapest XI. kerület,Bukarest,3
BUDAPEST,02,Budapest XI. kerület,Csíkszereda,36
BUDAPEST,02,Budapest XI. kerület,Kolozsvár,12
BUDAPEST,02,Budapest XI. kerület,Barcelona,16
BUDAPEST,02,Budapest XI. kerület,Madrid,19
BUDAPEST,02,Budapest XI. kerület,Bern,75
BUDAPEST,02,Budapest XI. kerület,Stockholm,35
BUDAPEST,02,Budapest XI. kerület,Belgrád,1
BUDAPEST,02,Budapest XI. kerület,Szabadka,15
BUDAPEST,02,Budapest XI. kerület,Szingapúr,13
BUDAPEST,02,Budapest XI. kerület,Pozsony,4
BUDAPEST,02,Budapest XI. kerület,Ljubljana,4
BUDAPEST,02,Budapest XI. kerület,Bangkok,4
BUDAPEST,02,Budapest XI. kerület,Ankara,4
BUDAPEST,02,Budapest XI. kerület,Isztambul,2
BUDAPEST,02,Budapest XI. kerület,Tunisz,1
BUDAPEST,02,Budapest XI. kerület,Wellington,4
BUDAPEST,02,Budapest XI. kerület,Beregszász,15
BUDAPEST,02,Budapest XI. kerület,Kijev,1
BUDAPEST,02,Budapest XI. kerület,Ungvár,4
BUDAPEST,02,Budapest XI. kerület,Taskent,1
BUDAPEST,02,Budapest XI. kerület,Ho Chi Minh Város,1
BUDAPEST,03,Budapest XII. kerület,Tirana,2
BUDAPEST,03,Budapest XII. kerület,Algír,1
BUDAPEST,03,Budapest XII. kerület,Chicago,15
BUDAPEST,03,Budapest XII. kerület,Los Angeles,25
BUDAPEST,03,Budapest XII. kerület,New York,73
BUDAPEST,03,Budapest XII. kerület,San Francisco,27
BUDAPEST,03,Budapest XII. kerület,Washington,40
BUDAPEST,03,Budapest XII. kerület,Luanda,1
BUDAPEST,03,Budapest XII. kerület,Buenos Aires,3
BUDAPEST,03,Budapest XII. kerület,Melbourne,8
BUDAPEST,03,Budapest XII. kerület,Sydney,29
BUDAPEST,03,Budapest XII. kerület,Bécs,81
BUDAPEST,03,Budapest XII. kerület,Minszk,1
BUDAPEST,03,Budapest XII. kerület,Brüsszel,89
BUDAPEST,03,Budapest XII. kerület,Szarajevó,2
BUDAPEST,03,Budapest XII. kerület,Sao Paulo,6
BUDAPEST,03,Budapest XII. kerület,Szófia,2
BUDAPEST,03,Budapest XII. kerület,Santiago de Chile,5
BUDAPEST,03,Budapest XII. kerület,Prága,18
BUDAPEST,03,Budapest XII. kerület,Koppenhága,45
BUDAPEST,03,Budapest XII. kerület,Pretoria,6
BUDAPEST,03,Budapest XII. kerület,Quito,1
BUDAPEST,03,Budapest XII. kerület,Abu Dhabi,9
BUDAPEST,03,Budapest XII. kerület,Kairó,2
BUDAPEST,03,Budapest XII. kerület,Helsinki,19
BUDAPEST,03,Budapest XII. kerület,Párizs,86
BUDAPEST,03,Budapest XII. kerület,Tbiliszi,2
BUDAPEST,03,Budapest XII. kerület,Athén,9
BUDAPEST,03,Budapest XII. kerület,Hága,75
BUDAPEST,03,Budapest XII. kerület,Zágráb,9
BUDAPEST,03,Budapest XII. kerület,Mumbai,3
BUDAPEST,03,Budapest XII. kerület,Újdelhi,2
BUDAPEST,03,Budapest XII. kerület,Erbil,1
BUDAPEST,03,Budapest XII. kerület,Teherán,4
BUDAPEST,03,Budapest XII. kerület,Dublin,18
BUDAPEST,03,Budapest XII. kerület,Tel-Aviv,20
BUDAPEST,03,Budapest XII. kerület,Tokió,10
BUDAPEST,03,Budapest XII. kerület,Amman,1
BUDAPEST,03,Budapest XII. kerület,Ottawa,7
BUDAPEST,03,Budapest XII. kerület,Toronto,20
BUDAPEST,03,Budapest XII. kerület,Doha,6
BUDAPEST,03,Budapest XII. kerület,Nairobi,5
BUDAPEST,03,Budapest XII. kerület,Hongkong,8
BUDAPEST,03,Budapest XII. kerület,Peking,1
BUDAPEST,03,Budapest XII. kerület,Sanghaj,7
BUDAPEST,03,Budapest XII. kerület,Bogota,2
BUDAPEST,03,Budapest XII. kerület,Szöul,2
BUDAPEST,03,Budapest XII. kerület,Havanna,5
BUDAPEST,03,Budapest XII. kerület,Kuvait,3
BUDAPEST,03,Budapest XII. kerület,Krakkó,9
BUDAPEST,03,Budapest XII. kerület,Varsó,16
BUDAPEST,03,Budapest XII. kerület,Riga,4
BUDAPEST,03,Budapest XII. kerület,Bejrút,1
BUDAPEST,03,Budapest XII. kerület,Tripoli,1
BUDAPEST,03,Budapest XII. kerület,Vilnius,2
BUDAPEST,03,Budapest XII. kerület,Szkopje,4
BUDAPEST,03,Budapest XII. kerület,Kuala Lumpur,6
BUDAPEST,03,Budapest XII. kerület,Rabat,8
BUDAPEST,03,Budapest XII. kerület,Mexikóváros,2
BUDAPEST,03,Budapest XII. kerület,Kisinyov,1
BUDAPEST,03,Budapest XII. kerület,Podgorica,6
BUDAPEST,03,Budapest XII. kerület,Edinburgh,34
BUDAPEST,03,Budapest XII. kerület,London,243
BUDAPEST,03,Budapest XII. kerület,Manchester,23
BUDAPEST,03,Budapest XII. kerület,Berlin,99
BUDAPEST,03,Budapest XII. kerület,Düsseldorf,46
BUDAPEST,03,Budapest XII. kerület,München,95
BUDAPEST,03,Budapest XII. kerület,Stuttgart,54
BUDAPEST,03,Budapest XII. kerület,Abuja,2
BUDAPEST,03,Budapest XII. kerület,Osló,16
BUDAPEST,03,Budapest XII. kerület,Milánó,24
BUDAPEST,03,Budapest XII. kerület,Róma,39
BUDAPEST,03,Budapest XII. kerület,Moszkva,7
BUDAPEST,03,Budapest XII. kerület,Szentpétervár,1
BUDAPEST,03,Budapest XII. kerület,Iszlámábád,1
BUDAPEST,03,Budapest XII. kerület,Lima,2
BUDAPEST,03,Budapest XII. kerület,Lisszabon,19
BUDAPEST,03,Budapest XII. kerület,Bukarest,9
BUDAPEST,03,Budapest XII. kerület,Csíkszereda,22
BUDAPEST,03,Budapest XII. kerület,Kolozsvár,17
BUDAPEST,03,Budapest XII. kerület,Barcelona,47
BUDAPEST,03,Budapest XII. kerület,Madrid,27
BUDAPEST,03,Budapest XII. kerület,Bern,104
BUDAPEST,03,Budapest XII. kerület,Stockholm,29
BUDAPEST,03,Budapest XII. kerület,Rijád,4
BUDAPEST,03,Budapest XII. kerület,Belgrád,3
BUDAPEST,03,Budapest XII. kerület,Szabadka,9
BUDAPEST,03,Budapest XII. kerület,Szingapúr,7
BUDAPEST,03,Budapest XII. kerület,Pozsony,2
BUDAPEST,03,Budapest XII. kerület,Ljubljana,9
BUDAPEST,03,Budapest XII. kerület,Bangkok,5
BUDAPEST,03,Budapest XII. kerület,Ankara,5
BUDAPEST,03,Budapest XII. kerület,Isztambul,9
BUDAPEST,03,Budapest XII. kerület,Tunisz,2
BUDAPEST,03,Budapest XII. kerület,Beregszász,25
BUDAPEST,03,Budapest XII. kerület,Kijev,1
BUDAPEST,03,Budapest XII. kerület,Ungvár,3
BUDAPEST,03,Budapest XII. kerület,Hanoi,2
BUDAPEST,03,Budapest XII. kerület,Ho Chi Minh Város,9
BUDAPEST,04,Budapest II. kerület,Tirana,1
BUDAPEST,04,Budapest II. kerület,Algír,1
BUDAPEST,04,Budapest II. kerület,Chicago,11
BUDAPEST,04,Budapest II. kerület,Los Angeles,26
BUDAPEST,04,Budapest II. kerület,New York,66
BUDAPEST,04,Budapest II. kerület,San Francisco,12
BUDAPEST,04,Budapest II. kerület,Washington,19
BUDAPEST,04,Budapest II. kerület,Luanda,1
BUDAPEST,04,Budapest II. kerület,Buenos Aires,4
BUDAPEST,04,Budapest II. kerület,Canberra,2
BUDAPEST,04,Budapest II. kerület,Melbourne,6
BUDAPEST,04,Budapest II. kerület,Sydney,13
BUDAPEST,04,Budapest II. kerület,Bécs,75
BUDAPEST,04,Budapest II. kerület,Brüsszel,113
BUDAPEST,04,Budapest II. kerület,Szarajevó,5
BUDAPEST,04,Budapest II. kerület,Sao Paulo,3
BUDAPEST,04,Budapest II. kerület,Szófia,1
BUDAPEST,04,Budapest II. kerület,Santiago de Chile,2
BUDAPEST,04,Budapest II. kerület,Prága,16
BUDAPEST,04,Budapest II. kerület,Koppenhága,47
BUDAPEST,04,Budapest II. kerület,Pretoria,5
BUDAPEST,04,Budapest II. kerület,Quito,3
BUDAPEST,04,Budapest II. kerület,Abu Dhabi,16
BUDAPEST,04,Budapest II. kerület,Kairó,5
BUDAPEST,04,Budapest II. kerület,Helsinki,12
BUDAPEST,04,Budapest II. kerület,Párizs,88
BUDAPEST,04,Budapest II. kerület,Manila,3
BUDAPEST,04,Budapest II. kerület,Tbiliszi,3
BUDAPEST,04,Budapest II. kerület,Athén,13
BUDAPEST,04,Budapest II. kerület,Hága,101
BUDAPEST,04,Budapest II. kerület,Zágráb,5
BUDAPEST,04,Budapest II. kerület,Mumbai,2
BUDAPEST,04,Budapest II. kerület,Újdelhi,4
BUDAPEST,04,Budapest II. kerület,Jakarta,4
BUDAPEST,04,Budapest II. kerület,Dublin,21
BUDAPEST,04,Budapest II. kerület,Tel-Aviv,17
BUDAPEST,04,Budapest II. kerület,Tokió,18
BUDAPEST,04,Budapest II. kerület,Amman,2
BUDAPEST,04,Budapest II. kerület,Ottawa,3
BUDAPEST,04,Budapest II. kerület,Toronto,22
BUDAPEST,04,Budapest II. kerület,Doha,9
BUDAPEST,04,Budapest II. kerület,Asztana,4
BUDAPEST,04,Budapest II. kerület,Nairobi,1
BUDAPEST,04,Budapest II. kerület,Csungking,1
BUDAPEST,04,Budapest II. kerület,Hongkong,2
BUDAPEST,04,Budapest II. kerület,Peking,4
BUDAPEST,04,Budapest II. kerület,Sanghaj,5
BUDAPEST,04,Budapest II. kerület,Bogota,4
BUDAPEST,04,Budapest II. kerület,Szöul,2
BUDAPEST,04,Budapest II. kerület,Pristina,3
BUDAPEST,04,Budapest II. kerület,Kuvait,1
BUDAPEST,04,Budapest II. kerület,Krakkó,4
BUDAPEST,04,Budapest II. kerület,Varsó,9
BUDAPEST,04,Budapest II. kerület,Riga,3
BUDAPEST,04,Budapest II. kerület,Vilnius,1
BUDAPEST,04,Budapest II. kerület,Szkopje,1
BUDAPEST,04,Budapest II. kerület,Kuala Lumpur,9
BUDAPEST,04,Budapest II. kerület,Rabat,2
BUDAPEST,04,Budapest II. kerület,Mexikóváros,2
BUDAPEST,04,Budapest II. kerület,Ulánbátor,1
BUDAPEST,04,Budapest II. kerület,Edinburgh,40
BUDAPEST,04,Budapest II. kerület,London,198
BUDAPEST,04,Budapest II. kerület,Manchester,19
BUDAPEST,04,Budapest II. kerület,Berlin,122
BUDAPEST,04,Budapest II. kerület,Düsseldorf,44
BUDAPEST,04,Budapest II. kerület,München,94
BUDAPEST,04,Budapest II. kerület,Stuttgart,61
BUDAPEST,04,Budapest II. kerület,Osló,27
BUDAPEST,04,Budapest II. kerület,Milánó,37
BUDAPEST,04,Budapest II. kerület,Róma,28
BUDAPEST,04,Budapest II. kerület,Moszkva,3
BUDAPEST,04,Budapest II. kerület,Lima,6
BUDAPEST,04,Budapest II. kerület,Lisszabon,26
BUDAPEST,04,Budapest II. kerület,Bukarest,1
BUDAPEST,04,Budapest II. kerület,Csíkszereda,35
BUDAPEST,04,Budapest II. kerület,Kolozsvár,12
BUDAPEST,04,Budapest II. kerület,Barcelona,21
BUDAPEST,04,Budapest II. kerület,Madrid,32
BUDAPEST,04,Budapest II. kerület,Bern,94
BUDAPEST,04,Budapest II. kerület,Stockholm,31
BUDAPEST,04,Budapest II. kerület,Rijád,6
BUDAPEST,04,Budapest II. kerület,Belgrád,2
BUDAPEST,04,Budapest II. kerület,Szabadka,10
BUDAPEST,04,Budapest II. kerület,Szingapúr,7
BUDAPEST,04,Budapest II. kerület,Kassa,1
BUDAPEST,04,Budapest II. kerület,Pozsony,3
BUDAPEST,04,Budapest II. kerület,Lendva,2
BUDAPEST,04,Budapest II. kerület,Ljubljana,12
BUDAPEST,04,Budapest II. kerület,Bangkok,5
BUDAPEST,04,Budapest II. kerület,Isztambul,7
BUDAPEST,04,Budapest II. kerület,Wellington,8
BUDAPEST,04,Budapest II. kerület,Beregszász,11
BUDAPEST,04,Budapest II. kerület,Kijev,1
BUDAPEST,04,Budapest II. kerület,Ungvár,5
BUDAPEST,04,Budapest II. kerület,Taskent,1
BUDAPEST,04,Budapest II. kerület,Hanoi,4
BUDAPEST,04,Budapest II. kerület,Ho Chi Minh Város,5
BUDAPEST,05,Budapest VII. kerület,Tirana,1
BUDAPEST,05,Budapest VII. kerület,Algír,3
BUDAPEST,05,Budapest VII. kerület,Chicago,6
BUDAPEST,05,Budapest VII. kerület,Los Angeles,20
BUDAPEST,05,Budapest VII. kerület,New York,43
BUDAPEST,05,Budapest VII. kerület,San Francisco,15
BUDAPEST,05,Budapest VII. kerület,Washington,25
BUDAPEST,05,Budapest VII. kerület,Buenos Aires,1
BUDAPEST,05,Budapest VII. kerület,Melbourne,5
BUDAPEST,05,Budapest VII. kerület,Sydney,9
BUDAPEST,05,Budapest VII. kerület,Bécs,34
BUDAPEST,05,Budapest VII. kerület,Brüsszel,83
BUDAPEST,05,Budapest VII. kerület,Szarajevó,5
BUDAPEST,05,Budapest VII. kerület,Sao Paulo,4
BUDAPEST,05,Budapest VII. kerület,Szófia,1
BUDAPEST,05,Budapest VII. kerület,Santiago de Chile,2
BUDAPEST,05,Budapest VII. kerület,Prága,14
BUDAPEST,05,Budapest VII. kerület,Koppenhága,16
BUDAPEST,05,Budapest VII. kerület,Pretoria,6
BUDAPEST,05,Budapest VII. kerület,Quito,1
BUDAPEST,05,Budapest VII. kerület,Abu Dhabi,7
BUDAPEST,05,Budapest VII. kerület,Kairó,2
BUDAPEST,05,Budapest VII. kerület,Helsinki,7
BUDAPEST,05,Budapest VII. kerület,Párizs,77
BUDAPEST,05,Budapest VII. kerület,Manila,1
BUDAPEST,05,Budapest VII. kerület,Tbiliszi,1
BUDAPEST,05,Budapest VII. kerület,Athén,7
BUDAPEST,05,Budapest VII. kerület,Hága,62
BUDAPEST,05,Budapest VII. kerület,Zágráb,3
BUDAPEST,05,Budapest VII. kerület,Újdelhi,3
BUDAPEST,05,Budapest VII. kerület,Jakarta,3
BUDAPEST,05,Budapest VII. kerület,Teherán,4
BUDAPEST,05,Budapest VII. kerület,Dublin,26
BUDAPEST,05,Budapest VII. kerület,Tel-Aviv,23
BUDAPEST,05,Budapest VII. kerület,Tokió,15
BUDAPEST,05,Budapest VII. kerület,Ottawa,5
BUDAPEST,05,Budapest VII. kerület,Toronto,11
BUDAPEST,05,Budapest VII. kerület,Doha,1
BUDAPEST,05,Budapest VII. kerület,Asztana,1
BUDAPEST,05,Budapest VII. kerület,Csungking,2
BUDAPEST,05,Budapest VII. kerület,Hongkong,3
BUDAPEST,05,Budapest VII. kerület,Peking,1
BUDAPEST,05,Budapest VII. kerület,Sanghaj,2
BUDAPEST,05,Budapest VII. kerület,Bogota,1
BUDAPEST,05,Budapest VII. kerület,Szöul,2
BUDAPEST,05,Budapest VII. kerület,Pristina,5
BUDAPEST,05,Budapest VII. kerület,Havanna,3
BUDAPEST,05,Budapest VII. kerület,Kuvait,2
BUDAPEST,05,Budapest VII. kerület,Krakkó,3
BUDAPEST,05,Budapest VII. kerület,Varsó,7
BUDAPEST,05,Budapest VII. kerület,Vilnius,2
BUDAPEST,05,Budapest VII. kerület,Szkopje,1
BUDAPEST,05,Budapest VII. kerület,Kuala Lumpur,2
BUDAPEST,05,Budapest VII. kerület,Rabat,5
BUDAPEST,05,Budapest VII. kerület,Mexikóváros,5
BUDAPEST,05,Budapest VII. kerület,Podgorica,5
BUDAPEST,05,Budapest VII. kerület,Edinburgh,26
BUDAPEST,05,Budapest VII. kerület,London,235
BUDAPEST,05,Budapest VII. kerület,Manchester,21
BUDAPEST,05,Budapest VII. kerület,Berlin,65
BUDAPEST,05,Budapest VII. kerület,Düsseldorf,32
BUDAPEST,05,Budapest VII. kerület,München,53
BUDAPEST,05,Budapest VII. kerület,Stuttgart,56
BUDAPEST,05,Budapest VII. kerület,Osló,13
BUDAPEST,05,Budapest VII. kerület,Milánó,13
BUDAPEST,05,Budapest VII. kerület,Róma,13
BUDAPEST,05,Budapest VII. kerület,Moszkva,2
BUDAPEST,05,Budapest VII. kerület,Szentpétervár,1
BUDAPEST,05,Budapest VII. kerület,Lima,3
BUDAPEST,05,Budapest VII. kerület,Lisszabon,13
BUDAPEST,05,Budapest VII. kerület,Bukarest,2
BUDAPEST,05,Budapest VII. kerület,Csíkszereda,63
BUDAPEST,05,Budapest VII. kerület,Kolozsvár,37
BUDAPEST,05,Budapest VII. kerület,Barcelona,30
BUDAPEST,05,Budapest VII. kerület,Madrid,22
BUDAPEST,05,Budapest VII. kerület,Bern,61
BUDAPEST,05,Budapest VII. kerület,Stockholm,30
BUDAPEST,05,Budapest VII. kerület,Rijád,1
BUDAPEST,05,Budapest VII. kerület,Belgrád,2
BUDAPEST,05,Budapest VII. kerület,Szabadka,25
BUDAPEST,05,Budapest VII. kerület,Szingapúr,7
BUDAPEST,05,Budapest VII. kerület,Lendva,1
BUDAPEST,05,Budapest VII. kerület,Ljubljana,9
BUDAPEST,05,Budapest VII. kerület,Bangkok,6
BUDAPEST,05,Budapest VII. kerület,Ankara,1
BUDAPEST,05,Budapest VII. kerület,Isztambul,9
BUDAPEST,05,Budapest VII. kerület,Tunisz,5
BUDAPEST,05,Budapest VII. kerület,Wellington,1
BUDAPEST,05,Budapest VII. kerület,Beregszász,15
BUDAPEST,05,Budapest VII. kerület,Kijev,3
BUDAPEST,05,Budapest VII. kerület,Ungvár,11
BUDAPEST,05,Budapest VII. kerület,Taskent,1
BUDAPEST,05,Budapest VII. kerület,Hanoi,7
BUDAPEST,06,Budapest VIII. kerület,Chicago,2
BUDAPEST,06,Budapest VIII. kerület,Los Angeles,9
BUDAPEST,06,Budapest VIII. kerület,New York,31
BUDAPEST,06,Budapest VIII. kerület,San Francisco,8
BUDAPEST,06,Budapest VIII. kerület,Washington,8
BUDAPEST,06,Budapest VIII. kerület,Buenos Aires,3
BUDAPEST,06,Budapest VIII. kerület,Canberra,1
BUDAPEST,06,Budapest VIII. kerület,Melbourne,3
BUDAPEST,06,Budapest VIII. kerület,Sydney,8
BUDAPEST,06,Budapest VIII. kerület,Bécs,35
BUDAPEST,06,Budapest VIII. kerület,Brüsszel,40
BUDAPEST,06,Budapest VIII. kerület,Szarajevó,5
BUDAPEST,06,Budapest VIII. kerület,Sao Paulo,1
BUDAPEST,06,Budapest VIII. kerület,Prága,8
BUDAPEST,06,Budapest VIII. kerület,Koppenhága,33
BUDAPEST,06,Budapest VIII. kerület,Pretoria,2
BUDAPEST,06,Budapest VIII. kerület,Quito,2
BUDAPEST,06,Budapest VIII. kerület,Abu Dhabi,6
BUDAPEST,06,Budapest VIII. kerület,Kairó,2
BUDAPEST,06,Budapest VIII. kerület,Addisz-Abeba,1
BUDAPEST,06,Budapest VIII. kerület,Helsinki,9
BUDAPEST,06,Budapest VIII. kerület,Párizs,27
BUDAPEST,06,Budapest VIII. kerület,Tbiliszi,1
BUDAPEST,06,Budapest VIII. kerület,Athén,6
BUDAPEST,06,Budapest VIII. kerület,Hága,36
BUDAPEST,06,Budapest VIII. kerület,Zágráb,7
BUDAPEST,06,Budapest VIII. kerület,Újdelhi,2
BUDAPEST,06,Budapest VIII. kerület,Jakarta,1
BUDAPEST,06,Budapest VIII. kerület,Erbil,1
BUDAPEST,06,Budapest VIII. kerület,Teherán,1
BUDAPEST,06,Budapest VIII. kerület,Dublin,24
BUDAPEST,06,Budapest VIII. kerület,Tel-Aviv,9
BUDAPEST,06,Budapest VIII. kerület,Tokió,5
BUDAPEST,06,Budapest VIII. kerület,Amman,2
BUDAPEST,06,Budapest VIII. kerület,Ottawa,1
BUDAPEST,06,Budapest VIII. kerület,Toronto,6
BUDAPEST,06,Budapest VIII. kerület,Doha,2
BUDAPEST,06,Budapest VIII. kerület,Almati,1
BUDAPEST,06,Budapest VIII. kerület,Csungking,1
BUDAPEST,06,Budapest VIII. kerület,Hongkong,5
BUDAPEST,06,Budapest VIII. kerület,Peking,3
BUDAPEST,06,Budapest VIII. kerület,Sanghaj,3
BUDAPEST,06,Budapest VIII. kerület,Szöul,1
BUDAPEST,06,Budapest VIII. kerület,Pristina,4
BUDAPEST,06,Budapest VIII. kerület,Havanna,1
BUDAPEST,06,Budapest VIII. kerület,Kuvait,3
BUDAPEST,06,Budapest VIII. kerület,Krakkó,4
BUDAPEST,06,Budapest VIII. kerület,Varsó,5
BUDAPEST,06,Budapest VIII. kerület,Szkopje,2
BUDAPEST,06,Budapest VIII. kerület,Kuala Lumpur,1
BUDAPEST,06,Budapest VIII. kerület,Rabat,1
BUDAPEST,06,Budapest VIII. kerület,Mexikóváros,1
BUDAPEST,06,Budapest VIII. kerület,Edinburgh,20
BUDAPEST,06,Budapest VIII. kerület,London,160
BUDAPEST,06,Budapest VIII. kerület,Manchester,17
BUDAPEST,06,Budapest VIII. kerület,Berlin,53
BUDAPEST,06,Budapest VIII. kerület,Düsseldorf,39
BUDAPEST,06,Budapest VIII. kerület,München,52
BUDAPEST,06,Budapest VIII. kerület,Stuttgart,60
BUDAPEST,06,Budapest VIII. kerület,Abuja,1
BUDAPEST,06,Budapest VIII. kerület,Osló,10
BUDAPEST,06,Budapest VIII. kerület,Milánó,10
BUDAPEST,06,Budapest VIII. kerület,Róma,8
BUDAPEST,06,Budapest VIII. kerület,Kazány,1
BUDAPEST,06,Budapest VIII. kerület,Moszkva,6
BUDAPEST,06,Budapest VIII. kerület,Szentpétervár,1
BUDAPEST,06,Budapest VIII. kerület,Lisszabon,2
BUDAPEST,06,Budapest VIII. kerület,Bukarest,1
BUDAPEST,06,Budapest VIII. kerület,Csíkszereda,62
BUDAPEST,06,Budapest VIII. kerület,Kolozsvár,20
BUDAPEST,06,Budapest VIII. kerület,Barcelona,16
BUDAPEST,06,Budapest VIII. kerület,Madrid,6
BUDAPEST,06,Budapest VIII. kerület,Bern,29
BUDAPEST,06,Budapest VIII. kerület,Stockholm,13
BUDAPEST,06,Budapest VIII. kerület,Belgrád,2
BUDAPEST,06,Budapest VIII. kerület,Szabadka,18
BUDAPEST,06,Budapest VIII. kerület,Kassa,1
BUDAPEST,06,Budapest VIII. kerület,Pozsony,4
BUDAPEST,06,Budapest VIII. kerület,Ljubljana,2
BUDAPEST,06,Budapest VIII. kerület,Bangkok,5
BUDAPEST,06,Budapest VIII. kerület,Ankara,2
BUDAPEST,06,Budapest VIII. kerület,Isztambul,4
BUDAPEST,06,Budapest VIII. kerület,Wellington,1
BUDAPEST,06,Budapest VIII. kerület,Beregszász,19
BUDAPEST,06,Budapest VIII. kerület,Ungvár,5
BUDAPEST,06,Budapest VIII. kerület,Hanoi,4
BUDAPEST,06,Budapest VIII. kerület,Ho Chi Minh Város,1
BUDAPEST,07,Budapest XIII. kerület,Tirana,4
BUDAPEST,07,Budapest XIII. kerület,Chicago,5
BUDAPEST,07,Budapest XIII. kerület,Los Angeles,16
BUDAPEST,07,Budapest XIII. kerület,New York,44
BUDAPEST,07,Budapest XIII. kerület,San Francisco,13
BUDAPEST,07,Budapest XIII. kerület,Washington,20
BUDAPEST,07,Budapest XIII. kerület,Buenos Aires,1
BUDAPEST,07,Budapest XIII. kerület,Canberra,3
BUDAPEST,07,Budapest XIII. kerület,Melbourne,3
BUDAPEST,07,Budapest XIII. kerület,Sydney,12
BUDAPEST,07,Budapest XIII. kerület,Bécs,53
BUDAPEST,07,Budapest XIII. kerület,Brüsszel,84
BUDAPEST,07,Budapest XIII. kerület,Szarajevó,5
BUDAPEST,07,Budapest XIII. kerület,Brazíliaváros,1
BUDAPEST,07,Budapest XIII. kerület,Szófia,1
BUDAPEST,07,Budapest XIII. kerület,Santiago de Chile,4
BUDAPEST,07,Budapest XIII. kerület,Prága,22
BUDAPEST,07,Budapest XIII. kerület,Koppenhága,18
BUDAPEST,07,Budapest XIII. kerület,Pretoria,2
BUDAPEST,07,Budapest XIII. kerület,Quito,1
BUDAPEST,07,Budapest XIII. kerület,Abu Dhabi,16
BUDAPEST,07,Budapest XIII. kerület,Kairó,1
BUDAPEST,07,Budapest XIII. kerület,Helsinki,11
BUDAPEST,07,Budapest XIII. kerület,Párizs,51
BUDAPEST,07,Budapest XIII. kerület,Manila,4
BUDAPEST,07,Budapest XIII. kerület,Tbiliszi,1
BUDAPEST,07,Budapest XIII. kerület,Accra,2
BUDAPEST,07,Budapest XIII. kerület,Athén,4
BUDAPEST,07,Budapest XIII. kerület,Hága,78
BUDAPEST,07,Budapest XIII. kerület,Eszék,2
BUDAPEST,07,Budapest XIII. kerület,Zágráb,7
BUDAPEST,07,Budapest XIII. kerület,Újdelhi,2
BUDAPEST,07,Budapest XIII. kerület,Jakarta,2
BUDAPEST,07,Budapest XIII. kerület,Teherán,1
BUDAPEST,07,Budapest XIII. kerület,Dublin,32
BUDAPEST,07,Budapest XIII. kerület,Tel-Aviv,14
BUDAPEST,07,Budapest XIII. kerület,Tokió,7
BUDAPEST,07,Budapest XIII. kerület,Ottawa,2
BUDAPEST,07,Budapest XIII. kerület,Toronto,17
BUDAPEST,07,Budapest XIII. kerület,Doha,4
BUDAPEST,07,Budapest XIII. kerület,Asztana,4
BUDAPEST,07,Budapest XIII. kerület,Nairobi,1
BUDAPEST,07,Budapest XIII. kerület,Csungking,2
BUDAPEST,07,Budapest XIII. kerület,Hongkong,2
BUDAPEST,07,Budapest XIII. kerület,Peking,2
BUDAPEST,07,Budapest XIII. kerület,Sanghaj,5
BUDAPEST,07,Budapest XIII. kerület,Szöul,2
BUDAPEST,07,Budapest XIII. kerület,Pristina,2
BUDAPEST,07,Budapest XIII. kerület,Havanna,3
BUDAPEST,07,Budapest XIII. kerület,Kuvait,3
BUDAPEST,07,Budapest XIII. kerület,Krakkó,5
BUDAPEST,07,Budapest XIII. kerület,Varsó,8
BUDAPEST,07,Budapest XIII. kerület,Riga,1
BUDAPEST,07,Budapest XIII. kerület,Bejrút,3
BUDAPEST,07,Budapest XIII. kerület,Vilnius,1
BUDAPEST,07,Budapest XIII. kerület,Kuala Lumpur,2
BUDAPEST,07,Budapest XIII. kerület,Rabat,6
BUDAPEST,07,Budapest XIII. kerület,Mexikóváros,4
BUDAPEST,07,Budapest XIII. kerület,Podgorica,2
BUDAPEST,07,Budapest XIII. kerület,Edinburgh,16
BUDAPEST,07,Budapest XIII. kerület,London,245
BUDAPEST,07,Budapest XIII. kerület,Manchester,20
BUDAPEST,07,Budapest XIII. kerület,Berlin,66
BUDAPEST,07,Budapest XIII. kerület,Düsseldorf,42
BUDAPEST,07,Budapest XIII. kerület,München,84
BUDAPEST,07,Budapest XIII. kerület,Stuttgart,43
BUDAPEST,07,Budapest XIII. kerület,Osló,11
BUDAPEST,07,Budapest XIII. kerület,Milánó,14
BUDAPEST,07,Budapest XIII. kerület,Róma,22
BUDAPEST,07,Budapest XIII. kerület,Moszkva,11
BUDAPEST,07,Budapest XIII. kerület,Szentpétervár,2
BUDAPEST,07,Budapest XIII. kerület,Lima,1
BUDAPEST,07,Budapest XIII. kerület,Lisszabon,11
BUDAPEST,07,Budapest XIII. kerület,Bukarest,1
BUDAPEST,07,Budapest XIII. kerület,Csíkszereda,38
BUDAPEST,07,Budapest XIII. kerület,Kolozsvár,25
BUDAPEST,07,Budapest XIII. kerület,Barcelona,33
BUDAPEST,07,Budapest XIII. kerület,Madrid,14
BUDAPEST,07,Budapest XIII. kerület,Bern,74
BUDAPEST,07,Budapest XIII. kerület,Stockholm,31
BUDAPEST,07,Budapest XIII. kerület,Belgrád,3
BUDAPEST,07,Budapest XIII. kerület,Szabadka,27
BUDAPEST,07,Budapest XIII. kerület,Szingapúr,3
BUDAPEST,07,Budapest XIII. kerület,Pozsony,3
BUDAPEST,07,Budapest XIII. kerület,Lendva,1
BUDAPEST,07,Budapest XIII. kerület,Ljubljana,5
BUDAPEST,07,Budapest XIII. kerület,Bangkok,4
BUDAPEST,07,Budapest XIII. kerület,Ankara,3
BUDAPEST,07,Budapest XIII. kerület,Isztambul,9
BUDAPEST,07,Budapest XIII. kerület,Tunisz,3
BUDAPEST,07,Budapest XIII. kerület,Beregszász,14
BUDAPEST,07,Budapest XIII. kerület,Kijev,1
BUDAPEST,07,Budapest XIII. kerület,Ungvár,12
BUDAPEST,07,Budapest XIII. kerület,Hanoi,2
BUDAPEST,08,Budapest XIV. kerület,Tirana,8
BUDAPEST,08,Budapest XIV. kerület,Chicago,9
BUDAPEST,08,Budapest XIV. kerület,Los Angeles,12
BUDAPEST,08,Budapest XIV. kerület,New York,20
BUDAPEST,08,Budapest XIV. kerület,San Francisco,10
BUDAPEST,08,Budapest XIV. kerület,Washington,10
BUDAPEST,08,Budapest XIV. kerület,Buenos Aires,3
BUDAPEST,08,Budapest XIV. kerület,Melbourne,4
BUDAPEST,08,Budapest XIV. kerület,Sydney,7
BUDAPEST,08,Budapest XIV. kerület,Bécs,46
BUDAPEST,08,Budapest XIV. kerület,Baku,1
BUDAPEST,08,Budapest XIV. kerület,Brüsszel,57
BUDAPEST,08,Budapest XIV. kerület,Szarajevó,3
BUDAPEST,08,Budapest XIV. kerület,Szófia,3
BUDAPEST,08,Budapest XIV. kerület,Santiago de Chile,1
BUDAPEST,08,Budapest XIV. kerület,Prága,16
BUDAPEST,08,Budapest XIV. kerület,Koppenhága,29
BUDAPEST,08,Budapest XIV. kerület,Pretoria,2
BUDAPEST,08,Budapest XIV. kerület,Abu Dhabi,5
BUDAPEST,08,Budapest XIV. kerület,Helsinki,12
BUDAPEST,08,Budapest XIV. kerület,Párizs,42
BUDAPEST,08,Budapest XIV. kerület,Manila,2
BUDAPEST,08,Budapest XIV. kerület,Athén,6
BUDAPEST,08,Budapest XIV. kerület,Hága,67
BUDAPEST,08,Budapest XIV. kerület,Zágráb,3
BUDAPEST,08,Budapest XIV. kerület,Mumbai,1
BUDAPEST,08,Budapest XIV. kerület,Jakarta,2
BUDAPEST,08,Budapest XIV. kerület,Dublin,18
BUDAPEST,08,Budapest XIV. kerület,Tel-Aviv,11
BUDAPEST,08,Budapest XIV. kerület,Tokió,3
BUDAPEST,08,Budapest XIV. kerület,Amman,2
BUDAPEST,08,Budapest XIV. kerület,Ottawa,3
BUDAPEST,08,Budapest XIV. kerület,Toronto,10
BUDAPEST,08,Budapest XIV. kerület,Doha,1
BUDAPEST,08,Budapest XIV. kerület,Almati,1
BUDAPEST,08,Budapest XIV. kerület,Asztana,1
BUDAPEST,08,Budapest XIV. kerület,Nairobi,2
BUDAPEST,08,Budapest XIV. kerület,Peking,4
BUDAPEST,08,Budapest XIV. kerület,Sanghaj,2
BUDAPEST,08,Budapest XIV. kerület,Bogota,1
BUDAPEST,08,Budapest XIV. kerület,Szöul,4
BUDAPEST,08,Budapest XIV. kerület,Havanna,1
BUDAPEST,08,Budapest XIV. kerület,Kuvait,2
BUDAPEST,08,Budapest XIV. kerület,Krakkó,4
BUDAPEST,08,Budapest XIV. kerület,Varsó,6
BUDAPEST,08,Budapest XIV. kerület,Riga,1
BUDAPEST,08,Budapest XIV. kerület,Szkopje,1
BUDAPEST,08,Budapest XIV. kerület,Kuala Lumpur,2
BUDAPEST,08,Budapest XIV. kerület,Rabat,6
BUDAPEST,08,Budapest XIV. kerület,Ulánbátor,4
BUDAPEST,08,Budapest XIV. kerület,Edinburgh,16
BUDAPEST,08,Budapest XIV. kerület,London,187
BUDAPEST,08,Budapest XIV. kerület,Manchester,29
BUDAPEST,08,Budapest XIV. kerület,Berlin,63
BUDAPEST,08,Budapest XIV. kerület,Düsseldorf,40
BUDAPEST,08,Budapest XIV. kerület,München,58
BUDAPEST,08,Budapest XIV. kerület,Stuttgart,41
BUDAPEST,08,Budapest XIV. kerület,Osló,8
BUDAPEST,08,Budapest XIV. kerület,Milánó,10
BUDAPEST,08,Budapest XIV. kerület,Róma,14
BUDAPEST,08,Budapest XIV. kerület,Moszkva,1
BUDAPEST,08,Budapest XIV. kerület,Szentpétervár,1
BUDAPEST,08,Budapest XIV. kerület,Iszlámábád,3
BUDAPEST,08,Budapest XIV. kerület,Lima,4
BUDAPEST,08,Budapest XIV. kerület,Lisszabon,16
BUDAPEST,08,Budapest XIV. kerület,Bukarest,1
BUDAPEST,08,Budapest XIV. kerület,Csíkszereda,41
BUDAPEST,08,Budapest XIV. kerület,Kolozsvár,14
BUDAPEST,08,Budapest XIV. kerület,Barcelona,18
BUDAPEST,08,Budapest XIV. kerület,Madrid,17
BUDAPEST,08,Budapest XIV. kerület,Bern,72
BUDAPEST,08,Budapest XIV. kerület,Stockholm,30
BUDAPEST,08,Budapest XIV. kerület,Belgrád,3
BUDAPEST,08,Budapest XIV. kerület,Szabadka,11
BUDAPEST,08,Budapest XIV. kerület,Szingapúr,2
BUDAPEST,08,Budapest XIV. kerület,Lendva,2
BUDAPEST,08,Budapest XIV. kerület,Ljubljana,16
BUDAPEST,08,Budapest XIV. kerület,Bangkok,4
BUDAPEST,08,Budapest XIV. kerület,Ankara,4
BUDAPEST,08,Budapest XIV. kerület,Isztambul,5
BUDAPEST,08,Budapest XIV. kerület,Wellington,7
BUDAPEST,08,Budapest XIV. kerület,Beregszász,17
BUDAPEST,08,Budapest XIV. kerület,Kijev,8
BUDAPEST,08,Budapest XIV. kerület,Ungvár,10
BUDAPEST,08,Budapest XIV. kerület,Taskent,1
BUDAPEST,08,Budapest XIV. kerület,Hanoi,5
BUDAPEST,09,Budapest X. kerület,Tirana,2
BUDAPEST,09,Budapest X. kerület,Chicago,3
BUDAPEST,09,Budapest X. kerület,Los Angeles,11
BUDAPEST,09,Budapest X. kerület,New York,9
BUDAPEST,09,Budapest X. kerület,San Francisco,3
BUDAPEST,09,Budapest X. kerület,Washington,3
BUDAPEST,09,Budapest X. kerület,Melbourne,1
BUDAPEST,09,Budapest X. kerület,Sydney,2
BUDAPEST,09,Budapest X. kerület,Bécs,22
BUDAPEST,09,Budapest X. kerület,Brüsszel,31
BUDAPEST,09,Budapest X. kerület,Brazíliaváros,2
BUDAPEST,09,Budapest X. kerület,Prága,4
BUDAPEST,09,Budapest X. kerület,Koppenhága,11
BUDAPEST,09,Budapest X. kerület,Abu Dhabi,4
BUDAPEST,09,Budapest X. kerület,Helsinki,12
BUDAPEST,09,Budapest X. kerület,Párizs,14
BUDAPEST,09,Budapest X. kerület,Manila,1
BUDAPEST,09,Budapest X. kerület,Tbiliszi,1
BUDAPEST,09,Budapest X. kerület,Athén,3
BUDAPEST,09,Budapest X. kerület,Hága,27
BUDAPEST,09,Budapest X. kerület,Eszék,1
BUDAPEST,09,Budapest X. kerület,Zágráb,2
BUDAPEST,09,Budapest X. kerület,Mumbai,2
BUDAPEST,09,Budapest X. kerület,Újdelhi,1
BUDAPEST,09,Budapest X. kerület,Erbil,1
BUDAPEST,09,Budapest X. kerület,Dublin,13
BUDAPEST,09,Budapest X. kerület,Tel-Aviv,6
BUDAPEST,09,Budapest X. kerület,Tokió,3
BUDAPEST,09,Budapest X. kerület,Ottawa,1
BUDAPEST,09,Budapest X. kerület,Toronto,8
BUDAPEST,09,Budapest X. kerület,Almati,1
BUDAPEST,09,Budapest X. kerület,Peking,9
BUDAPEST,09,Budapest X. kerület,Sanghaj,2
BUDAPEST,09,Budapest X. kerület,Pristina,4
BUDAPEST,09,Budapest X. kerület,Kuvait,1
BUDAPEST,09,Budapest X. kerület,Krakkó,6
BUDAPEST,09,Budapest X. kerület,Varsó,4
BUDAPEST,09,Budapest X. kerület,Vilnius,4
BUDAPEST,09,Budapest X. kerület,Szkopje,1
BUDAPEST,09,Budapest X. kerület,Kuala Lumpur,2
BUDAPEST,09,Budapest X. kerület,Edinburgh,21
BUDAPEST,09,Budapest X. kerület,London,145
BUDAPEST,09,Budapest X. kerület,Manchester,25
BUDAPEST,09,Budapest X. kerület,Berlin,37
BUDAPEST,09,Budapest X. kerület,Düsseldorf,21
BUDAPEST,09,Budapest X. kerület,München,44
BUDAPEST,09,Budapest X. kerület,Stuttgart,33
BUDAPEST,09,Budapest X. kerület,Osló,10
BUDAPEST,09,Budapest X. kerület,Milánó,6
BUDAPEST,09,Budapest X. kerület,Róma,9
BUDAPEST,09,Budapest X. kerület,Jekatyerinburg,1
BUDAPEST,09,Budapest X. kerület,Moszkva,8
BUDAPEST,09,Budapest X. kerület,Iszlámábád,1
BUDAPEST,09,Budapest X. kerület,Lisszabon,2
BUDAPEST,09,Budapest X. kerület,Bukarest,4
BUDAPEST,09,Budapest X. kerület,Csíkszereda,25
BUDAPEST,09,Budapest X. kerület,Kolozsvár,6
BUDAPEST,09,Budapest X. kerület,Barcelona,8
BUDAPEST,09,Budapest X. kerület,Madrid,5
BUDAPEST,09,Budapest X. kerület,Bern,19
BUDAPEST,09,Budapest X. kerület,Stockholm,17
BUDAPEST,09,Budapest X. kerület,Belgrád,2
BUDAPEST,09,Budapest X. kerület,Szabadka,7
BUDAPEST,09,Budapest X. kerület,Pozsony,3
BUDAPEST,09,Budapest X. kerület,Ljubljana,4
BUDAPEST,09,Budapest X. kerület,Bangkok,2
BUDAPEST,09,Budapest X. kerület,Ankara,2
BUDAPEST,09,Budapest X. kerület,Wellington,1
BUDAPEST,09,Budapest X. kerület,Beregszász,8
BUDAPEST,09,Budapest X. kerület,Ungvár,12
BUDAPEST,09,Budapest X. kerület,Taskent,1
BUDAPEST,09,Budapest X. kerület,Ho Chi Minh Város,1
BUDAPEST,10,Budapest III. kerület,Chicago,6
BUDAPEST,10,Budapest III. kerület,Los Angeles,4
BUDAPEST,10,Budapest III. kerület,New York,25
BUDAPEST,10,Budapest III. kerület,San Francisco,3
BUDAPEST,10,Budapest III. kerület,Washington,2
BUDAPEST,10,Budapest III. kerület,Luanda,2
BUDAPEST,10,Budapest III. kerület,Melbourne,10
BUDAPEST,10,Budapest III. kerület,Sydney,11
BUDAPEST,10,Budapest III. kerület,Bécs,27
BUDAPEST,10,Budapest III. kerület,Baku,3
BUDAPEST,10,Budapest III. kerület,Brüsszel,42
BUDAPEST,10,Budapest III. kerület,Szarajevó,1
BUDAPEST,10,Budapest III. kerület,Szófia,2
BUDAPEST,10,Budapest III. kerület,Prága,24
BUDAPEST,10,Budapest III. kerület,Koppenhága,26
BUDAPEST,10,Budapest III. kerület,Pretoria,2
BUDAPEST,10,Budapest III. kerület,Abu Dhabi,6
BUDAPEST,10,Budapest III. kerület,Helsinki,6
BUDAPEST,10,Budapest III. kerület,Párizs,23
BUDAPEST,10,Budapest III. kerület,Manila,2
BUDAPEST,10,Budapest III. kerület,Accra,1
BUDAPEST,10,Budapest III. kerület,Athén,3
BUDAPEST,10,Budapest III. kerület,Hága,44
BUDAPEST,10,Budapest III. kerület,Zágráb,2
BUDAPEST,10,Budapest III. kerület,Mumbai,2
BUDAPEST,10,Budapest III. kerület,Jakarta,1
BUDAPEST,10,Budapest III. kerület,Teherán,1
BUDAPEST,10,Budapest III. kerület,Dublin,18
BUDAPEST,10,Budapest III. kerület,Tel-Aviv,6
BUDAPEST,10,Budapest III. kerület,Tokió,5
BUDAPEST,10,Budapest III. kerület,Ottawa,1
BUDAPEST,10,Budapest III. kerület,Toronto,12
BUDAPEST,10,Budapest III. kerület,Doha,1
BUDAPEST,10,Budapest III. kerület,Almati,1
BUDAPEST,10,Budapest III. kerület,Asztana,2
BUDAPEST,10,Budapest III. kerület,Hongkong,1
BUDAPEST,10,Budapest III. kerület,Peking,2
BUDAPEST,10,Budapest III. kerület,Pristina,1
BUDAPEST,10,Budapest III. kerület,Kuvait,2
BUDAPEST,10,Budapest III. kerület,Krakkó,7
BUDAPEST,10,Budapest III. kerület,Varsó,6
BUDAPEST,10,Budapest III. kerület,Riga,2
BUDAPEST,10,Budapest III. kerület,Kuala Lumpur,3
BUDAPEST,10,Budapest III. kerület,Rabat,2
BUDAPEST,10,Budapest III. kerület,Mexikóváros,5
BUDAPEST,10,Budapest III. kerület,Podgorica,3
BUDAPEST,10,Budapest III. kerület,Edinburgh,6
BUDAPEST,10,Budapest III. kerület,London,130
BUDAPEST,10,Budapest III. kerület,Manchester,20
BUDAPEST,10,Budapest III. kerület,Berlin,28
BUDAPEST,10,Budapest III. kerület,Düsseldorf,27
BUDAPEST,10,Budapest III. kerület,München,49
BUDAPEST,10,Budapest III. kerület,Stuttgart,41
BUDAPEST,10,Budapest III. kerület,Osló,8
BUDAPEST,10,Budapest III. kerület,Milánó,11
BUDAPEST,10,Budapest III. kerület,Róma,12
BUDAPEST,10,Budapest III. kerület,Jekatyerinburg,1
BUDAPEST,10,Budapest III. kerület,Moszkva,8
BUDAPEST,10,Budapest III. kerület,Szentpétervár,1
BUDAPEST,10,Budapest III. kerület,Lima,2
BUDAPEST,10,Budapest III. kerület,Lisszabon,6
BUDAPEST,10,Budapest III. kerület,Bukarest,3
BUDAPEST,10,Budapest III. kerület,Csíkszereda,25
BUDAPEST,10,Budapest III. kerület,Kolozsvár,12
BUDAPEST,10,Budapest III. kerület,Barcelona,15
BUDAPEST,10,Budapest III. kerület,Madrid,14
BUDAPEST,10,Budapest III. kerület,Bern,47
BUDAPEST,10,Budapest III. kerület,Stockholm,24
BUDAPEST,10,Budapest III. kerület,Rijád,1
BUDAPEST,10,Budapest III. kerület,Szabadka,7
BUDAPEST,10,Budapest III. kerület,Szingapúr,5
BUDAPEST,10,Budapest III. kerület,Pozsony,3
BUDAPEST,10,Budapest III. kerület,Ljubljana,10
BUDAPEST,10,Budapest III. kerület,Bangkok,2
BUDAPEST,10,Budapest III. kerület,Ankara,1
BUDAPEST,10,Budapest III. kerület,Wellington,3
BUDAPEST,10,Budapest III. kerület,Beregszász,10
BUDAPEST,10,Budapest III. kerület,Ungvár,9
BUDAPEST,10,Budapest III. kerület,Taskent,1
BUDAPEST,11,Budapest IV. kerület,Tirana,1
BUDAPEST,11,Budapest IV. kerület,Algír,2
BUDAPEST,11,Budapest IV. kerület,Chicago,1
BUDAPEST,11,Budapest IV. kerület,Los Angeles,4
BUDAPEST,11,Budapest IV. kerület,New York,15
BUDAPEST,11,Budapest IV. kerület,San Francisco,6
BUDAPEST,11,Budapest IV. kerület,Washington,8
BUDAPEST,11,Budapest IV. kerület,Buenos Aires,1
BUDAPEST,11,Budapest IV. kerület,Canberra,2
BUDAPEST,11,Budapest IV. kerület,Melbourne,2
BUDAPEST,11,Budapest IV. kerület,Sydney,6
BUDAPEST,11,Budapest IV. kerület,Bécs,19
BUDAPEST,11,Budapest IV. kerület,Baku,5
BUDAPEST,11,Budapest IV. kerület,Brüsszel,29
BUDAPEST,11,Budapest IV. kerület,Szófia,1
BUDAPEST,11,Budapest IV. kerület,Prága,8
BUDAPEST,11,Budapest IV. kerület,Koppenhága,13
BUDAPEST,11,Budapest IV. kerület,Pretoria,1
BUDAPEST,11,Budapest IV. kerület,Abu Dhabi,3
BUDAPEST,11,Budapest IV. kerület,Kairó,1
BUDAPEST,11,Budapest IV. kerület,Helsinki,2
BUDAPEST,11,Budapest IV. kerület,Párizs,20
BUDAPEST,11,Budapest IV. kerület,Tbiliszi,3
BUDAPEST,11,Budapest IV. kerület,Athén,2
BUDAPEST,11,Budapest IV. kerület,Hága,37
BUDAPEST,11,Budapest IV. kerület,Zágráb,2
BUDAPEST,11,Budapest IV. kerület,Erbil,3
BUDAPEST,11,Budapest IV. kerület,Dublin,20
BUDAPEST,11,Budapest IV. kerület,Tel-Aviv,6
BUDAPEST,11,Budapest IV. kerület,Tokió,5
BUDAPEST,11,Budapest IV. kerület,Ottawa,6
BUDAPEST,11,Budapest IV. kerület,Toronto,7
BUDAPEST,11,Budapest IV. kerület,Doha,2
BUDAPEST,11,Budapest IV. kerület,Hongkong,2
BUDAPEST,11,Budapest IV. kerület,Peking,1
BUDAPEST,11,Budapest IV. kerület,Bogota,1
BUDAPEST,11,Budapest IV. kerület,Szöul,1
BUDAPEST,11,Budapest IV. kerület,Pristina,3
BUDAPEST,11,Budapest IV. kerület,Havanna,1
BUDAPEST,11,Budapest IV. kerület,Krakkó,5
BUDAPEST,11,Budapest IV. kerület,Varsó,7
BUDAPEST,11,Budapest IV. kerület,Riga,1
BUDAPEST,11,Budapest IV. kerület,Bejrút,1
BUDAPEST,11,Budapest IV. kerület,Tripoli,1
BUDAPEST,11,Budapest IV. kerület,Kuala Lumpur,2
BUDAPEST,11,Budapest IV. kerület,Rabat,2
BUDAPEST,11,Budapest IV. kerület,Mexikóváros,1
BUDAPEST,11,Budapest IV. kerület,Kisinyov,4
BUDAPEST,11,Budapest IV. kerület,Edinburgh,18
BUDAPEST,11,Budapest IV. kerület,London,147
BUDAPEST,11,Budapest IV. kerület,Manchester,16
BUDAPEST,11,Budapest IV. kerület,Berlin,26
BUDAPEST,11,Budapest IV. kerület,Düsseldorf,20
BUDAPEST,11,Budapest IV. kerület,München,56
BUDAPEST,11,Budapest IV. kerület,Stuttgart,31
BUDAPEST,11,Budapest IV. kerület,Abuja,1
BUDAPEST,11,Budapest IV. kerület,Osló,3
BUDAPEST,11,Budapest IV. kerület,Milánó,6
BUDAPEST,11,Budapest IV. kerület,Róma,19
BUDAPEST,11,Budapest IV. kerület,Moszkva,4
BUDAPEST,11,Budapest IV. kerület,Szentpétervár,1
BUDAPEST,11,Budapest IV. kerület,Iszlámábád,1
BUDAPEST,11,Budapest IV. kerület,Lisszabon,14
BUDAPEST,11,Budapest IV. kerület,Bukarest,2
BUDAPEST,11,Budapest IV. kerület,Csíkszereda,32
BUDAPEST,11,Budapest IV. kerület,Kolozsvár,10
BUDAPEST,11,Budapest IV. kerület,Barcelona,12
BUDAPEST,11,Budapest IV. kerület,Madrid,7
BUDAPEST,11,Budapest IV. kerület,Bern,35
BUDAPEST,11,Budapest IV. kerület,Stockholm,23
BUDAPEST,11,Budapest IV. kerület,Belgrád,1
BUDAPEST,11,Budapest IV. kerület,Szabadka,4
BUDAPEST,11,Budapest IV. kerület,Szingapúr,5
BUDAPEST,11,Budapest IV. kerület,Kassa,1
BUDAPEST,11,Budapest IV. kerület,Pozsony,2
BUDAPEST,11,Budapest IV. kerület,Ljubljana,3
BUDAPEST,11,Budapest IV. kerület,Bangkok,1
BUDAPEST,11,Budapest IV. kerület,Ankara,3
BUDAPEST,11,Budapest IV. kerület,Isztambul,1
BUDAPEST,11,Budapest IV. kerület,Wellington,2
BUDAPEST,11,Budapest IV. kerület,Beregszász,12
BUDAPEST,11,Budapest IV. kerület,Kijev,2
BUDAPEST,11,Budapest IV. kerület,Ungvár,6
BUDAPEST,11,Budapest IV. kerület,Taskent,1
BUDAPEST,11,Budapest IV. kerület,Ho Chi Minh Város,1
BUDAPEST,12,Budapest XV. kerület,Chicago,3
BUDAPEST,12,Budapest XV. kerület,Los Angeles,5
BUDAPEST,12,Budapest XV. kerület,New York,1
BUDAPEST,12,Budapest XV. kerület,San Francisco,2
BUDAPEST,12,Budapest XV. kerület,Washington,3
BUDAPEST,12,Budapest XV. kerület,Buenos Aires,1
BUDAPEST,12,Budapest XV. kerület,Melbourne,2
BUDAPEST,12,Budapest XV. kerület,Sydney,5
BUDAPEST,12,Budapest XV. kerület,Bécs,13
BUDAPEST,12,Budapest XV. kerület,Minszk,1
BUDAPEST,12,Budapest XV. kerület,Brüsszel,23
BUDAPEST,12,Budapest XV. kerület,Prága,7
BUDAPEST,12,Budapest XV. kerület,Koppenhága,14
BUDAPEST,12,Budapest XV. kerület,Pretoria,1
BUDAPEST,12,Budapest XV. kerület,Abu Dhabi,4
BUDAPEST,12,Budapest XV. kerület,Helsinki,6
BUDAPEST,12,Budapest XV. kerület,Párizs,13
BUDAPEST,12,Budapest XV. kerület,Tbiliszi,1
BUDAPEST,12,Budapest XV. kerület,Athén,2
BUDAPEST,12,Budapest XV. kerület,Hága,19
BUDAPEST,12,Budapest XV. kerület,Zágráb,2
BUDAPEST,12,Budapest XV. kerület,Újdelhi,3
BUDAPEST,12,Budapest XV. kerület,Erbil,2
BUDAPEST,12,Budapest XV. kerület,Teherán,1
BUDAPEST,12,Budapest XV. kerület,Dublin,16
BUDAPEST,12,Budapest XV. kerület,Tel-Aviv,2
BUDAPEST,12,Budapest XV. kerület,Tokió,3
BUDAPEST,12,Budapest XV. kerület,Amman,1
BUDAPEST,12,Budapest XV. kerület,Ottawa,2
BUDAPEST,12,Budapest XV. kerület,Toronto,4
BUDAPEST,12,Budapest XV. kerület,Doha,2
BUDAPEST,12,Budapest XV. kerület,Almati,2
BUDAPEST,12,Budapest XV. kerület,Hongkong,3
BUDAPEST,12,Budapest XV. kerület,Sanghaj,1
BUDAPEST,12,Budapest XV. kerület,Pristina,2
BUDAPEST,12,Budapest XV. kerület,Krakkó,2
BUDAPEST,12,Budapest XV. kerület,Varsó,9
BUDAPEST,12,Budapest XV. kerület,Riga,2
BUDAPEST,12,Budapest XV. kerület,Kuala Lumpur,1
BUDAPEST,12,Budapest XV. kerület,Mexikóváros,1
BUDAPEST,12,Budapest XV. kerület,Kisinyov,2
BUDAPEST,12,Budapest XV. kerület,Edinburgh,13
BUDAPEST,12,Budapest XV. kerület,London,104
BUDAPEST,12,Budapest XV. kerület,Manchester,22
BUDAPEST,12,Budapest XV. kerület,Berlin,21
BUDAPEST,12,Budapest XV. kerület,Düsseldorf,16
BUDAPEST,12,Budapest XV. kerület,München,46
BUDAPEST,12,Budapest XV. kerület,Stuttgart,19
BUDAPEST,12,Budapest XV. kerület,Osló,6
BUDAPEST,12,Budapest XV. kerület,Milánó,13
BUDAPEST,12,Budapest XV. kerület,Róma,5
BUDAPEST,12,Budapest XV. kerület,Moszkva,3
BUDAPEST,12,Budapest XV. kerület,Szentpétervár,1
BUDAPEST,12,Budapest XV. kerület,Lisszabon,5
BUDAPEST,12,Budapest XV. kerület,Bukarest,4
BUDAPEST,12,Budapest XV. kerület,Csíkszereda,17
BUDAPEST,12,Budapest XV. kerület,Kolozsvár,5
BUDAPEST,12,Budapest XV. kerület,Barcelona,9
BUDAPEST,12,Budapest XV. kerület,Madrid,3
BUDAPEST,12,Budapest XV. kerület,Bern,18
BUDAPEST,12,Budapest XV. kerület,Stockholm,6
BUDAPEST,12,Budapest XV. kerület,Rijád,1
BUDAPEST,12,Budapest XV. kerület,Szabadka,8
BUDAPEST,12,Budapest XV. kerület,Szingapúr,1
BUDAPEST,12,Budapest XV. kerület,Pozsony,7
BUDAPEST,12,Budapest XV. kerület,Ljubljana,5
BUDAPEST,12,Budapest XV. kerület,Ankara,3
BUDAPEST,12,Budapest XV. kerület,Beregszász,12
BUDAPEST,12,Budapest XV. kerület,Kijev,1
BUDAPEST,12,Budapest XV. kerület,Ungvár,4
BUDAPEST,12,Budapest XV. kerület,Taskent,1
BUDAPEST,12,Budapest XV. kerület,Hanoi,1
BUDAPEST,12,Budapest XV. kerület,Ho Chi Minh Város,1
BUDAPEST,13,Budapest XVI. kerület,Chicago,4
BUDAPEST,13,Budapest XVI. kerület,Los Angeles,10
BUDAPEST,13,Budapest XVI. kerület,New York,20
BUDAPEST,13,Budapest XVI. kerület,San Francisco,6
BUDAPEST,13,Budapest XVI. kerület,Washington,13
BUDAPEST,13,Budapest XVI. kerület,Buenos Aires,1
BUDAPEST,13,Budapest XVI. kerület,Canberra,1
BUDAPEST,13,Budapest XVI. kerület,Melbourne,1
BUDAPEST,13,Budapest XVI. kerület,Sydney,6
BUDAPEST,13,Budapest XVI. kerület,Bécs,34
BUDAPEST,13,Budapest XVI. kerület,Baku,1
BUDAPEST,13,Budapest XVI. kerület,Brüsszel,35
BUDAPEST,13,Budapest XVI. kerület,Szarajevó,1
BUDAPEST,13,Budapest XVI. kerület,Brazíliaváros,1
BUDAPEST,13,Budapest XVI. kerület,Szófia,2
BUDAPEST,13,Budapest XVI. kerület,Santiago de Chile,2
BUDAPEST,13,Budapest XVI. kerület,Prága,19
BUDAPEST,13,Budapest XVI. kerület,Koppenhága,21
BUDAPEST,13,Budapest XVI. kerület,Pretoria,1
BUDAPEST,13,Budapest XVI. kerület,Abu Dhabi,10
BUDAPEST,13,Budapest XVI. kerület,Kairó,1
BUDAPEST,13,Budapest XVI. kerület,Addisz-Abeba,2
BUDAPEST,13,Budapest XVI. kerület,Helsinki,12
BUDAPEST,13,Budapest XVI. kerület,Párizs,14
BUDAPEST,13,Budapest XVI. kerület,Hága,37
BUDAPEST,13,Budapest XVI. kerület,Újdelhi,2
BUDAPEST,13,Budapest XVI. kerület,Jakarta,1
BUDAPEST,13,Budapest XVI. kerület,Erbil,2
BUDAPEST,13,Budapest XVI. kerület,Dublin,17
BUDAPEST,13,Budapest XVI. kerület,Tel-Aviv,9
BUDAPEST,13,Budapest XVI. kerület,Tokió,3
BUDAPEST,13,Budapest XVI. kerület,Ottawa,4
BUDAPEST,13,Budapest XVI. kerület,Toronto,3
BUDAPEST,13,Budapest XVI. kerület,Doha,1
BUDAPEST,13,Budapest XVI. kerület,Almati,1
BUDAPEST,13,Budapest XVI. kerület,Peking,3
BUDAPEST,13,Budapest XVI. kerület,Pristina,4
BUDAPEST,13,Budapest XVI. kerület,Havanna,2
BUDAPEST,13,Budapest XVI. kerület,Krakkó,5
BUDAPEST,13,Budapest XVI. kerület,Varsó,10
BUDAPEST,13,Budapest XVI. kerület,Riga,1
BUDAPEST,13,Budapest XVI. kerület,Tripoli,3
BUDAPEST,13,Budapest XVI. kerület,Szkopje,1
BUDAPEST,13,Budapest XVI. kerület,Rabat,2
BUDAPEST,13,Budapest XVI. kerület,Mexikóváros,1
BUDAPEST,13,Budapest XVI. kerület,Edinburgh,25
BUDAPEST,13,Budapest XVI. kerület,London,127
BUDAPEST,13,Budapest XVI. kerület,Manchester,16
BUDAPEST,13,Budapest XVI. kerület,Berlin,35
BUDAPEST,13,Budapest XVI. kerület,Düsseldorf,20
BUDAPEST,13,Budapest XVI. kerület,München,52
BUDAPEST,13,Budapest XVI. kerület,Stuttgart,60
BUDAPEST,13,Budapest XVI. kerület,Abuja,1
BUDAPEST,13,Budapest XVI. kerület,Osló,7
BUDAPEST,13,Budapest XVI. kerület,Milánó,19
BUDAPEST,13,Budapest XVI. kerület,Róma,3
BUDAPEST,13,Budapest XVI. kerület,Jekatyerinburg,1
BUDAPEST,13,Budapest XVI. kerület,Moszkva,2
BUDAPEST,13,Budapest XVI. kerület,Szentpétervár,3
BUDAPEST,13,Budapest XVI. kerület,Lisszabon,3
BUDAPEST,13,Budapest XVI. kerület,Bukarest,4
BUDAPEST,13,Budapest XVI. kerület,Csíkszereda,25
BUDAPEST,13,Budapest XVI. kerület,Kolozsvár,13
BUDAPEST,13,Budapest XVI. kerület,Barcelona,13
BUDAPEST,13,Budapest XVI. kerület,Madrid,10
BUDAPEST,13,Budapest XVI. kerület,Bern,40
BUDAPEST,13,Budapest XVI. kerület,Stockholm,18
BUDAPEST,13,Budapest XVI. kerület,Belgrád,1
BUDAPEST,13,Budapest XVI. kerület,Szabadka,10
BUDAPEST,13,Budapest XVI. kerület,Szingapúr,5
BUDAPEST,13,Budapest XVI. kerület,Pozsony,4
BUDAPEST,13,Budapest XVI. kerület,Ljubljana,11
BUDAPEST,13,Budapest XVI. kerület,Bangkok,5
BUDAPEST,13,Budapest XVI. kerület,Ankara,2
BUDAPEST,13,Budapest XVI. kerület,Isztambul,2
BUDAPEST,13,Budapest XVI. kerület,Wellington,4
BUDAPEST,13,Budapest XVI. kerület,Beregszász,8
BUDAPEST,13,Budapest XVI. kerület,Kijev,1
BUDAPEST,13,Budapest XVI. kerület,Ungvár,2
BUDAPEST,13,Budapest XVI. kerület,Hanoi,4
BUDAPEST,13,Budapest XVI. kerület,Ho Chi Minh Város,3
BUDAPEST,14,Budapest XVII. kerület,Los Angeles,6
BUDAPEST,14,Budapest XVII. kerület,New York,7
BUDAPEST,14,Budapest XVII. kerület,San Francisco,4
BUDAPEST,14,Budapest XVII. kerület,Washington,3
BUDAPEST,14,Budapest XVII. kerület,Luanda,2
BUDAPEST,14,Budapest XVII. kerület,Buenos Aires,1
BUDAPEST,14,Budapest XVII. kerület,Sydney,2
BUDAPEST,14,Budapest XVII. kerület,Bécs,19
BUDAPEST,14,Budapest XVII. kerület,Baku,1
BUDAPEST,14,Budapest XVII. kerület,Minszk,1
BUDAPEST,14,Budapest XVII. kerület,Brüsszel,21
BUDAPEST,14,Budapest XVII. kerület,Sao Paulo,2
BUDAPEST,14,Budapest XVII. kerület,Prága,10
BUDAPEST,14,Budapest XVII. kerület,Koppenhága,18
BUDAPEST,14,Budapest XVII. kerület,Abu Dhabi,3
BUDAPEST,14,Budapest XVII. kerület,Kairó,2
BUDAPEST,14,Budapest XVII. kerület,Helsinki,10
BUDAPEST,14,Budapest XVII. kerület,Párizs,14
BUDAPEST,14,Budapest XVII. kerület,Manila,2
BUDAPEST,14,Budapest XVII. kerület,Athén,2
BUDAPEST,14,Budapest XVII. kerület,Hága,44
BUDAPEST,14,Budapest XVII. kerület,Zágráb,3
BUDAPEST,14,Budapest XVII. kerület,Mumbai,2
BUDAPEST,14,Budapest XVII. kerület,Újdelhi,1
BUDAPEST,14,Budapest XVII. kerület,Erbil,1
BUDAPEST,14,Budapest XVII. kerület,Dublin,13
BUDAPEST,14,Budapest XVII. kerület,Tel-Aviv,2
BUDAPEST,14,Budapest XVII. kerület,Tokió,3
BUDAPEST,14,Budapest XVII. kerület,Amman,1
BUDAPEST,14,Budapest XVII. kerület,Ottawa,2
BUDAPEST,14,Budapest XVII. kerület,Doha,1
BUDAPEST,14,Budapest XVII. kerület,Almati,1
BUDAPEST,14,Budapest XVII. kerület,Asztana,1
BUDAPEST,14,Budapest XVII. kerület,Hongkong,2
BUDAPEST,14,Budapest XVII. kerület,Peking,3
BUDAPEST,14,Budapest XVII. kerület,Sanghaj,2
BUDAPEST,14,Budapest XVII. kerület,Bogota,1
BUDAPEST,14,Budapest XVII. kerület,Szöul,1
BUDAPEST,14,Budapest XVII. kerület,Pristina,1
BUDAPEST,14,Budapest XVII. kerület,Kuvait,1
BUDAPEST,14,Budapest XVII. kerület,Krakkó,2
BUDAPEST,14,Budapest XVII. kerület,Varsó,5
BUDAPEST,14,Budapest XVII. kerület,Riga,1
BUDAPEST,14,Budapest XVII. kerület,Kuala Lumpur,1
BUDAPEST,14,Budapest XVII. kerület,Podgorica,1
BUDAPEST,14,Budapest XVII. kerület,Edinburgh,19
BUDAPEST,14,Budapest XVII. kerület,London,146
BUDAPEST,14,Budapest XVII. kerület,Manchester,16
BUDAPEST,14,Budapest XVII. kerület,Berlin,46
BUDAPEST,14,Budapest XVII. kerület,Düsseldorf,27
BUDAPEST,14,Budapest XVII. kerület,München,44
BUDAPEST,14,Budapest XVII. kerület,Stuttgart,37
BUDAPEST,14,Budapest XVII. kerület,Osló,8
BUDAPEST,14,Budapest XVII. kerület,Milánó,7
BUDAPEST,14,Budapest XVII. kerület,Róma,17
BUDAPEST,14,Budapest XVII. kerület,Kazány,1
BUDAPEST,14,Budapest XVII. kerület,Moszkva,5
BUDAPEST,14,Budapest XVII. kerület,Szentpétervár,1
BUDAPEST,14,Budapest XVII. kerület,Lisszabon,8
BUDAPEST,14,Budapest XVII. kerület,Bukarest,1
BUDAPEST,14,Budapest XVII. kerület,Csíkszereda,26
BUDAPEST,14,Budapest XVII. kerület,Kolozsvár,9
BUDAPEST,14,Budapest XVII. kerület,Barcelona,3
BUDAPEST,14,Budapest XVII. kerület,Madrid,6
BUDAPEST,14,Budapest XVII. kerület,Bern,23
BUDAPEST,14,Budapest XVII. kerület,Stockholm,13
BUDAPEST,14,Budapest XVII. kerület,Rijád,1
BUDAPEST,14,Budapest XVII. kerület,Szabadka,7
BUDAPEST,14,Budapest XVII. kerület,Szingapúr,4
BUDAPEST,14,Budapest XVII. kerület,Kassa,1
BUDAPEST,14,Budapest XVII. kerület,Pozsony,2
BUDAPEST,14,Budapest XVII. kerület,Ljubljana,5
BUDAPEST,14,Budapest XVII. kerület,Bangkok,2
BUDAPEST,14,Budapest XVII. kerület,Ankara,3
BUDAPEST,14,Budapest XVII. kerület,Isztambul,1
BUDAPEST,14,Budapest XVII. kerület,Wellington,3
BUDAPEST,14,Budapest XVII. kerület,Beregszász,14
BUDAPEST,14,Budapest XVII. kerület,Kijev,3
BUDAPEST,14,Budapest XVII. kerület,Ungvár,6
BUDAPEST,14,Budapest XVII. kerület,Hanoi,1
BUDAPEST,15,Budapest XVIII. kerület,Algír,2
BUDAPEST,15,Budapest XVIII. kerület,Chicago,1
BUDAPEST,15,Budapest XVIII. kerület,Los Angeles,9
BUDAPEST,15,Budapest XVIII. kerület,New York,14
BUDAPEST,15,Budapest XVIII. kerület,San Francisco,1
BUDAPEST,15,Budapest XVIII. kerület,Washington,8
BUDAPEST,15,Budapest XVIII. kerület,Buenos Aires,1
BUDAPEST,15,Budapest XVIII. kerület,Melbourne,2
BUDAPEST,15,Budapest XVIII. kerület,Sydney,5
BUDAPEST,15,Budapest XVIII. kerület,Bécs,30
BUDAPEST,15,Budapest XVIII. kerület,Brüsszel,30
BUDAPEST,15,Budapest XVIII. kerület,Brazíliaváros,1
BUDAPEST,15,Budapest XVIII. kerület,Szófia,2
BUDAPEST,15,Budapest XVIII. kerület,Prága,10
BUDAPEST,15,Budapest XVIII. kerület,Koppenhága,18
BUDAPEST,15,Budapest XVIII. kerület,Pretoria,1
BUDAPEST,15,Budapest XVIII. kerület,Abu Dhabi,3
BUDAPEST,15,Budapest XVIII. kerület,Helsinki,10
BUDAPEST,15,Budapest XVIII. kerület,Párizs,15
BUDAPEST,15,Budapest XVIII. kerület,Tbiliszi,1
BUDAPEST,15,Budapest XVIII. kerület,Athén,6
BUDAPEST,15,Budapest XVIII. kerület,Hága,37
BUDAPEST,15,Budapest XVIII. kerület,Jakarta,1
BUDAPEST,15,Budapest XVIII. kerület,Teherán,1
BUDAPEST,15,Budapest XVIII. kerület,Dublin,23
BUDAPEST,15,Budapest XVIII. kerület,Tel-Aviv,5
BUDAPEST,15,Budapest XVIII. kerület,Tokió,3
BUDAPEST,15,Budapest XVIII. kerület,Ottawa,3
BUDAPEST,15,Budapest XVIII. kerület,Toronto,2
BUDAPEST,15,Budapest XVIII. kerület,Doha,2
BUDAPEST,15,Budapest XVIII. kerület,Nairobi,1
BUDAPEST,15,Budapest XVIII. kerület,Peking,3
BUDAPEST,15,Budapest XVIII. kerület,Sanghaj,1
BUDAPEST,15,Budapest XVIII. kerület,Szöul,2
BUDAPEST,15,Budapest XVIII. kerület,Pristina,3
BUDAPEST,15,Budapest XVIII. kerület,Kuvait,1
BUDAPEST,15,Budapest XVIII. kerület,Krakkó,7
BUDAPEST,15,Budapest XVIII. kerület,Varsó,5
BUDAPEST,15,Budapest XVIII. kerület,Bejrút,1
BUDAPEST,15,Budapest XVIII. kerület,Vilnius,2
BUDAPEST,15,Budapest XVIII. kerület,Szkopje,4
BUDAPEST,15,Budapest XVIII. kerület,Kuala Lumpur,1
BUDAPEST,15,Budapest XVIII. kerület,Rabat,1
BUDAPEST,15,Budapest XVIII. kerület,Mexikóváros,2
BUDAPEST,15,Budapest XVIII. kerület,Ulánbátor,1
BUDAPEST,15,Budapest XVIII. kerület,Edinburgh,23
BUDAPEST,15,Budapest XVIII. kerület,London,138
BUDAPEST,15,Budapest XVIII. kerület,Manchester,23
BUDAPEST,15,Budapest XVIII. kerület,Berlin,20
BUDAPEST,15,Budapest XVIII. kerület,Düsseldorf,20
BUDAPEST,15,Budapest XVIII. kerület,München,59
BUDAPEST,15,Budapest XVIII. kerület,Stuttgart,28
BUDAPEST,15,Budapest XVIII. kerület,Osló,7
BUDAPEST,15,Budapest XVIII. kerület,Milánó,11
BUDAPEST,15,Budapest XVIII. kerület,Róma,3
BUDAPEST,15,Budapest XVIII. kerület,Moszkva,3
BUDAPEST,15,Budapest XVIII. kerület,Lisszabon,7
BUDAPEST,15,Budapest XVIII. kerület,Bukarest,3
BUDAPEST,15,Budapest XVIII. kerület,Csíkszereda,30
BUDAPEST,15,Budapest XVIII. kerület,Kolozsvár,8
BUDAPEST,15,Budapest XVIII. kerület,Barcelona,18
BUDAPEST,15,Budapest XVIII. kerület,Madrid,3
BUDAPEST,15,Budapest XVIII. kerület,Bern,33
BUDAPEST,15,Budapest XVIII. kerület,Stockholm,9
BUDAPEST,15,Budapest XVIII. kerület,Belgrád,3
BUDAPEST,15,Budapest XVIII. kerület,Szabadka,11
BUDAPEST,15,Budapest XVIII. kerület,Szingapúr,1
BUDAPEST,15,Budapest XVIII. kerület,Pozsony,2
BUDAPEST,15,Budapest XVIII. kerület,Ljubljana,1
BUDAPEST,15,Budapest XVIII. kerület,Bangkok,2
BUDAPEST,15,Budapest XVIII. kerület,Isztambul,1
BUDAPEST,15,Budapest XVIII. kerület,Tunisz,1
BUDAPEST,15,Budapest XVIII. kerület,Wellington,4
BUDAPEST,15,Budapest XVIII. kerület,Beregszász,16
BUDAPEST,15,Budapest XVIII. kerület,Kijev,7
BUDAPEST,15,Budapest XVIII. kerület,Ungvár,12
BUDAPEST,15,Budapest XVIII. kerület,Hanoi,2
BUDAPEST,15,Budapest XVIII. kerület,Ho Chi Minh Város,1
BUDAPEST,16,Budapest XX. kerület,Chicago,1
BUDAPEST,16,Budapest XX. kerület,Los Angeles,4
BUDAPEST,16,Budapest XX. kerület,New York,18
BUDAPEST,16,Budapest XX. kerület,San Francisco,5
BUDAPEST,16,Budapest XX. kerület,Washington,4
BUDAPEST,16,Budapest XX. kerület,Melbourne,1
BUDAPEST,16,Budapest XX. kerület,Sydney,2
BUDAPEST,16,Budapest XX. kerület,Bécs,22
BUDAPEST,16,Budapest XX. kerület,Brüsszel,22
BUDAPEST,16,Budapest XX. kerület,Szarajevó,1
BUDAPEST,16,Budapest XX. kerület,Szófia,1
BUDAPEST,16,Budapest XX. kerület,Prága,10
BUDAPEST,16,Budapest XX. kerület,Koppenhága,14
BUDAPEST,16,Budapest XX. kerület,Pretoria,1
BUDAPEST,16,Budapest XX. kerület,Abu Dhabi,5
BUDAPEST,16,Budapest XX. kerület,Addisz-Abeba,1
BUDAPEST,16,Budapest XX. kerület,Helsinki,10
BUDAPEST,16,Budapest XX. kerület,Párizs,6
BUDAPEST,16,Budapest XX. kerület,Athén,1
BUDAPEST,16,Budapest XX. kerület,Hága,36
BUDAPEST,16,Budapest XX. kerület,Zágráb,1
BUDAPEST,16,Budapest XX. kerület,Újdelhi,1
BUDAPEST,16,Budapest XX. kerület,Jakarta,2
BUDAPEST,16,Budapest XX. kerület,Erbil,1
BUDAPEST,16,Budapest XX. kerület,Teherán,1
BUDAPEST,16,Budapest XX. kerület,Dublin,30
BUDAPEST,16,Budapest XX. kerület,Tel-Aviv,2
BUDAPEST,16,Budapest XX. kerület,Tokió,5
BUDAPEST,16,Budapest XX. kerület,Ottawa,2
BUDAPEST,16,Budapest XX. kerület,Toronto,1
BUDAPEST,16,Budapest XX. kerület,Asztana,2
BUDAPEST,16,Budapest XX. kerület,Hongkong,1
BUDAPEST,16,Budapest XX. kerület,Peking,1
BUDAPEST,16,Budapest XX. kerület,Sanghaj,1
BUDAPEST,16,Budapest XX. kerület,Bogota,2
BUDAPEST,16,Budapest XX. kerület,Szöul,2
BUDAPEST,16,Budapest XX. kerület,Krakkó,5
BUDAPEST,16,Budapest XX. kerület,Varsó,3
BUDAPEST,16,Budapest XX. kerület,Mexikóváros,2
BUDAPEST,16,Budapest XX. kerület,Edinburgh,10
BUDAPEST,16,Budapest XX. kerület,London,94
BUDAPEST,16,Budapest XX. kerület,Manchester,14
BUDAPEST,16,Budapest XX. kerület,Berlin,35
BUDAPEST,16,Budapest XX. kerület,Düsseldorf,15
BUDAPEST,16,Budapest XX. kerület,München,43
BUDAPEST,16,Budapest XX. kerület,Stuttgart,42
BUDAPEST,16,Budapest XX. kerület,Osló,9
BUDAPEST,16,Budapest XX. kerület,Milánó,8
BUDAPEST,16,Budapest XX. kerület,Róma,4
BUDAPEST,16,Budapest XX. kerület,Kazány,2
BUDAPEST,16,Budapest XX. kerület,Moszkva,1
BUDAPEST,16,Budapest XX. kerület,Lima,1
BUDAPEST,16,Budapest XX. kerület,Lisszabon,7
BUDAPEST,16,Budapest XX. kerület,Bukarest,1
BUDAPEST,16,Budapest XX. kerület,Csíkszereda,30
BUDAPEST,16,Budapest XX. kerület,Kolozsvár,9
BUDAPEST,16,Budapest XX. kerület,Barcelona,14
BUDAPEST,16,Budapest XX. kerület,Madrid,8
BUDAPEST,16,Budapest XX. kerület,Bern,29
BUDAPEST,16,Budapest XX. kerület,Stockholm,4
BUDAPEST,16,Budapest XX. kerület,Szabadka,7
BUDAPEST,16,Budapest XX. kerület,Szingapúr,1
BUDAPEST,16,Budapest XX. kerület,Ljubljana,3
BUDAPEST,16,Budapest XX. kerület,Bangkok,3
BUDAPEST,16,Budapest XX. kerület,Ankara,3
BUDAPEST,16,Budapest XX. kerület,Tunisz,1
BUDAPEST,16,Budapest XX. kerület,Wellington,1
BUDAPEST,16,Budapest XX. kerület,Beregszász,4
BUDAPEST,16,Budapest XX. kerület,Kijev,1
BUDAPEST,16,Budapest XX. kerület,Ungvár,6
BUDAPEST,16,Budapest XX. kerület,Hanoi,1
BUDAPEST,17,Budapest XXI. kerület,Chicago,2
BUDAPEST,17,Budapest XXI. kerület,Los Angeles,6
BUDAPEST,17,Budapest XXI. kerület,New York,8
BUDAPEST,17,Budapest XXI. kerület,San Francisco,2
BUDAPEST,17,Budapest XXI. kerület,Washington,4
BUDAPEST,17,Budapest XXI. kerület,Buenos Aires,1
BUDAPEST,17,Budapest XXI. kerület,Canberra,2
BUDAPEST,17,Budapest XXI. kerület,Melbourne,1
BUDAPEST,17,Budapest XXI. kerület,Bécs,21
BUDAPEST,17,Budapest XXI. kerület,Minszk,1
BUDAPEST,17,Budapest XXI. kerület,Brüsszel,15
BUDAPEST,17,Budapest XXI. kerület,Szarajevó,2
BUDAPEST,17,Budapest XXI. kerület,Prága,5
BUDAPEST,17,Budapest XXI. kerület,Koppenhága,23
BUDAPEST,17,Budapest XXI. kerület,Abu Dhabi,4
BUDAPEST,17,Budapest XXI. kerület,Helsinki,4
BUDAPEST,17,Budapest XXI. kerület,Párizs,23
BUDAPEST,17,Budapest XXI. kerület,Athén,2
BUDAPEST,17,Budapest XXI. kerület,Hága,17
BUDAPEST,17,Budapest XXI. kerület,Zágráb,1
BUDAPEST,17,Budapest XXI. kerület,Dublin,25
BUDAPEST,17,Budapest XXI. kerület,Tokió,5
BUDAPEST,17,Budapest XXI. kerület,Ottawa,3
BUDAPEST,17,Budapest XXI. kerület,Toronto,6
BUDAPEST,17,Budapest XXI. kerület,Doha,2
BUDAPEST,17,Budapest XXI. kerület,Nairobi,2
BUDAPEST,17,Budapest XXI. kerület,Sanghaj,1
BUDAPEST,17,Budapest XXI. kerület,Szöul,3
BUDAPEST,17,Budapest XXI. kerület,Krakkó,6
BUDAPEST,17,Budapest XXI. kerület,Varsó,3
BUDAPEST,17,Budapest XXI. kerület,Bejrút,1
BUDAPEST,17,Budapest XXI. kerület,Rabat,2
BUDAPEST,17,Budapest XXI. kerület,Edinburgh,9
BUDAPEST,17,Budapest XXI. kerület,London,125
BUDAPEST,17,Budapest XXI. kerület,Manchester,26
BUDAPEST,17,Budapest XXI. kerület,Berlin,24
BUDAPEST,17,Budapest XXI. kerület,Düsseldorf,19
BUDAPEST,17,Budapest XXI. kerület,München,50
BUDAPEST,17,Budapest XXI. kerület,Stuttgart,31
BUDAPEST,17,Budapest XXI. kerület,Abuja,2
BUDAPEST,17,Budapest XXI. kerület,Osló,7
BUDAPEST,17,Budapest XXI. kerület,Milánó,8
BUDAPEST,17,Budapest XXI. kerület,Róma,3
BUDAPEST,17,Budapest XXI. kerület,Jekatyerinburg,1
BUDAPEST,17,Budapest XXI. kerület,Moszkva,1
BUDAPEST,17,Budapest XXI. kerület,Lisszabon,4
BUDAPEST,17,Budapest XXI. kerület,Bukarest,1
BUDAPEST,17,Budapest XXI. kerület,Csíkszereda,19
BUDAPEST,17,Budapest XXI. kerület,Kolozsvár,6
BUDAPEST,17,Budapest XXI. kerület,Barcelona,12
BUDAPEST,17,Budapest XXI. kerület,Madrid,7
BUDAPEST,17,Budapest XXI. kerület,Bern,30
BUDAPEST,17,Budapest XXI. kerület,Stockholm,7
BUDAPEST,17,Budapest XXI. kerület,Szabadka,2
BUDAPEST,17,Budapest XXI. kerület,Kassa,1
BUDAPEST,17,Budapest XXI. kerület,Pozsony,3
BUDAPEST,17,Budapest XXI. kerület,Ljubljana,2
BUDAPEST,17,Budapest XXI. kerület,Bangkok,1
BUDAPEST,17,Budapest XXI. kerület,Isztambul,1
BUDAPEST,17,Budapest XXI. kerület,Tunisz,1
BUDAPEST,17,Budapest XXI. kerület,Wellington,3
BUDAPEST,17,Budapest XXI. kerület,Beregszász,15
BUDAPEST,17,Budapest XXI. kerület,Kijev,2
BUDAPEST,17,Budapest XXI. kerület,Taskent,2
BUDAPEST,18,Budapest XXII. kerület,Chicago,2
BUDAPEST,18,Budapest XXII. kerület,Los Angeles,8
BUDAPEST,18,Budapest XXII. kerület,New York,20
BUDAPEST,18,Budapest XXII. kerület,San Francisco,7
BUDAPEST,18,Budapest XXII. kerület,Washington,8
BUDAPEST,18,Budapest XXII. kerület,Canberra,1
BUDAPEST,18,Budapest XXII. kerület,Melbourne,3
BUDAPEST,18,Budapest XXII. kerület,Sydney,10
BUDAPEST,18,Budapest XXII. kerület,Bécs,34
BUDAPEST,18,Budapest XXII. kerület,Minszk,1
BUDAPEST,18,Budapest XXII. kerület,Brüsszel,37
BUDAPEST,18,Budapest XXII. kerület,Sao Paulo,1
BUDAPEST,18,Budapest XXII. kerület,Szófia,2
BUDAPEST,18,Budapest XXII. kerület,Santiago de Chile,1
BUDAPEST,18,Budapest XXII. kerület,Prága,15
BUDAPEST,18,Budapest XXII. kerület,Koppenhága,19
BUDAPEST,18,Budapest XXII. kerület,Pretoria,3
BUDAPEST,18,Budapest XXII. kerület,Abu Dhabi,8
BUDAPEST,18,Budapest XXII. kerület,Helsinki,2
BUDAPEST,18,Budapest XXII. kerület,Párizs,32
BUDAPEST,18,Budapest XXII. kerület,Manila,2
BUDAPEST,18,Budapest XXII. kerület,Tbiliszi,2
BUDAPEST,18,Budapest XXII. kerület,Athén,1
BUDAPEST,18,Budapest XXII. kerület,Hága,50
BUDAPEST,18,Budapest XXII. kerület,Zágráb,2
BUDAPEST,18,Budapest XXII. kerület,Mumbai,1
BUDAPEST,18,Budapest XXII. kerület,Jakarta,2
BUDAPEST,18,Budapest XXII. kerület,Dublin,13
BUDAPEST,18,Budapest XXII. kerület,Tel-Aviv,4
BUDAPEST,18,Budapest XXII. kerület,Tokió,9
BUDAPEST,18,Budapest XXII. kerület,Ottawa,5
BUDAPEST,18,Budapest XXII. kerület,Toronto,3
BUDAPEST,18,Budapest XXII. kerület,Doha,1
BUDAPEST,18,Budapest XXII. kerület,Nairobi,1
BUDAPEST,18,Budapest XXII. kerület,Hongkong,5
BUDAPEST,18,Budapest XXII. kerület,Peking,3
BUDAPEST,18,Budapest XXII. kerület,Sanghaj,9
BUDAPEST,18,Budapest XXII. kerület,Szöul,2
BUDAPEST,18,Budapest XXII. kerület,Pristina,1
BUDAPEST,18,Budapest XXII. kerület,Havanna,1
BUDAPEST,18,Budapest XXII. kerület,Kuvait,5
BUDAPEST,18,Budapest XXII. kerület,Krakkó,3
BUDAPEST,18,Budapest XXII. kerület,Varsó,13
BUDAPEST,18,Budapest XXII. kerület,Vilnius,1
BUDAPEST,18,Budapest XXII. kerület,Szkopje,1
BUDAPEST,18,Budapest XXII. kerület,Kuala Lumpur,1
BUDAPEST,18,Budapest XXII. kerület,Rabat,1
BUDAPEST,18,Budapest XXII. kerület,Edinburgh,19
BUDAPEST,18,Budapest XXII. kerület,London,145
BUDAPEST,18,Budapest XXII. kerület,Manchester,18
BUDAPEST,18,Budapest XXII. kerület,Berlin,37
BUDAPEST,18,Budapest XXII. kerület,Düsseldorf,49
BUDAPEST,18,Budapest XXII. kerület,München,53
BUDAPEST,18,Budapest XXII. kerület,Stuttgart,35
BUDAPEST,18,Budapest XXII. kerület,Osló,9
BUDAPEST,18,Budapest XXII. kerület,Milánó,9
BUDAPEST,18,Budapest XXII. kerület,Róma,6
BUDAPEST,18,Budapest XXII. kerület,Moszkva,2
BUDAPEST,18,Budapest XXII. kerület,Iszlámábád,1
BUDAPEST,18,Budapest XXII. kerület,Lisszabon,15
BUDAPEST,18,Budapest XXII. kerület,Bukarest,2
BUDAPEST,18,Budapest XXII. kerület,Csíkszereda,25
BUDAPEST,18,Budapest XXII. kerület,Kolozsvár,13
BUDAPEST,18,Budapest XXII. kerület,Barcelona,13
BUDAPEST,18,Budapest XXII. kerület,Madrid,10
BUDAPEST,18,Budapest XXII. kerület,Bern,40
BUDAPEST,18,Budapest XXII. kerület,Stockholm,18
BUDAPEST,18,Budapest XXII. kerület,Rijád,1
BUDAPEST,18,Budapest XXII. kerület,Belgrád,1
BUDAPEST,18,Budapest XXII. kerület,Szabadka,9
BUDAPEST,18,Budapest XXII. kerület,Szingapúr,6
BUDAPEST,18,Budapest XXII. kerület,Ljubljana,2
BUDAPEST,18,Budapest XXII. kerület,Bangkok,3
BUDAPEST,18,Budapest XXII. kerület,Ankara,1
BUDAPEST,18,Budapest XXII. kerület,Isztambul,6
BUDAPEST,18,Budapest XXII. kerület,Beregszász,15
BUDAPEST,18,Budapest XXII. kerület,Kijev,2
BUDAPEST,18,Budapest XXII. kerület,Ungvár,1
BUDAPEST,18,Budapest XXII. kerület,Ho Chi Minh Város,3
BARANYA,01,Pécs,Chicago,9
BARANYA,01,Pécs,Los Angeles,2
BARANYA,01,Pécs,New York,14
BARANYA,01,Pécs,San Francisco,3
BARANYA,01,Pécs,Washington,6
BARANYA,01,Pécs,Melbourne,2
BARANYA,01,Pécs,Sydney,4
BARANYA,01,Pécs,Bécs,30
BARANYA,01,Pécs,Brüsszel,23
BARANYA,01,Pécs,Szófia,2
BARANYA,01,Pécs,Santiago de Chile,1
BARANYA,01,Pécs,Prága,6
BARANYA,01,Pécs,Koppenhága,16
BARANYA,01,Pécs,Abu Dhabi,5
BARANYA,01,Pécs,Helsinki,15
BARANYA,01,Pécs,Párizs,31
BARANYA,01,Pécs,Athén,4
BARANYA,01,Pécs,Hága,28
BARANYA,01,Pécs,Eszék,1
BARANYA,01,Pécs,Zágráb,3
BARANYA,01,Pécs,Mumbai,1
BARANYA,01,Pécs,Újdelhi,2
BARANYA,01,Pécs,Erbil,1
BARANYA,01,Pécs,Dublin,32
BARANYA,01,Pécs,Tel-Aviv,1
BARANYA,01,Pécs,Tokió,4
BARANYA,01,Pécs,Ottawa,1
BARANYA,01,Pécs,Toronto,5
BARANYA,01,Pécs,Doha,3
BARANYA,01,Pécs,Hongkong,2
BARANYA,01,Pécs,Peking,3
BARANYA,01,Pécs,Sanghaj,2
BARANYA,01,Pécs,Pristina,4
BARANYA,01,Pécs,Kuvait,1
BARANYA,01,Pécs,Krakkó,4
BARANYA,01,Pécs,Varsó,5
BARANYA,01,Pécs,Kuala Lumpur,3
BARANYA,01,Pécs,Edinburgh,16
BARANYA,01,Pécs,London,158
BARANYA,01,Pécs,Manchester,45
BARANYA,01,Pécs,Berlin,37
BARANYA,01,Pécs,Düsseldorf,21
BARANYA,01,Pécs,München,116
BARANYA,01,Pécs,Stuttgart,68
BARANYA,01,Pécs,Osló,11
BARANYA,01,Pécs,Milánó,6
BARANYA,01,Pécs,Róma,8
BARANYA,01,Pécs,Lima,1
BARANYA,01,Pécs,Lisszabon,4
BARANYA,01,Pécs,Csíkszereda,13
BARANYA,01,Pécs,Kolozsvár,1
BARANYA,01,Pécs,Barcelona,27
BARANYA,01,Pécs,Madrid,6
BARANYA,01,Pécs,Bern,35
BARANYA,01,Pécs,Stockholm,21
BARANYA,01,Pécs,Szabadka,8
BARANYA,01,Pécs,Pozsony,2
BARANYA,01,Pécs,Lendva,6
BARANYA,01,Pécs,Ljubljana,4
BARANYA,01,Pécs,Bangkok,4
BARANYA,01,Pécs,Ankara,1
BARANYA,01,Pécs,Wellington,1
BARANYA,01,Pécs,Beregszász,1
BARANYA,01,Pécs,Kijev,1
BARANYA,01,Pécs,Ungvár,2
BARANYA,01,Pécs,Hanoi,1
BARANYA,02,Pécs,Los Angeles,2
BARANYA,02,Pécs,New York,8
BARANYA,02,Pécs,San Francisco,2
BARANYA,02,Pécs,Washington,1
BARANYA,02,Pécs,Sydney,1
BARANYA,02,Pécs,Bécs,26
BARANYA,02,Pécs,Brüsszel,15
BARANYA,02,Pécs,Szarajevó,2
BARANYA,02,Pécs,Szófia,2
BARANYA,02,Pécs,Prága,4
BARANYA,02,Pécs,Koppenhága,9
BARANYA,02,Pécs,Pretoria,1
BARANYA,02,Pécs,Abu Dhabi,7
BARANYA,02,Pécs,Helsinki,2
BARANYA,02,Pécs,Párizs,8
BARANYA,02,Pécs,Tbiliszi,1
BARANYA,02,Pécs,Athén,1
BARANYA,02,Pécs,Hága,25
BARANYA,02,Pécs,Eszék,1
BARANYA,02,Pécs,Zágráb,3
BARANYA,02,Pécs,Újdelhi,3
BARANYA,02,Pécs,Jakarta,1
BARANYA,02,Pécs,Erbil,2
BARANYA,02,Pécs,Dublin,14
BARANYA,02,Pécs,Tokió,2
BARANYA,02,Pécs,Ottawa,1
BARANYA,02,Pécs,Toronto,4
BARANYA,02,Pécs,Doha,1
BARANYA,02,Pécs,Peking,4
BARANYA,02,Pécs,Pristina,1
BARANYA,02,Pécs,Kuvait,2
BARANYA,02,Pécs,Krakkó,5
BARANYA,02,Pécs,Varsó,3
BARANYA,02,Pécs,Riga,2
BARANYA,02,Pécs,Rabat,1
BARANYA,02,Pécs,Edinburgh,11
BARANYA,02,Pécs,London,134
BARANYA,02,Pécs,Manchester,31
BARANYA,02,Pécs,Berlin,25
BARANYA,02,Pécs,Düsseldorf,17
BARANYA,02,Pécs,München,80
BARANYA,02,Pécs,Stuttgart,83
BARANYA,02,Pécs,Osló,3
BARANYA,02,Pécs,Milánó,4
BARANYA,02,Pécs,Róma,11
BARANYA,02,Pécs,Szentpétervár,1
BARANYA,02,Pécs,Csíkszereda,27
BARANYA,02,Pécs,Barcelona,4
BARANYA,02,Pécs,Madrid,8
BARANYA,02,Pécs,Bern,32
BARANYA,02,Pécs,Stockholm,18
BARANYA,02,Pécs,Szabadka,3
BARANYA,02,Pécs,Lendva,6
BARANYA,02,Pécs,Ljubljana,2
BARANYA,02,Pécs,Bangkok,4
BARANYA,02,Pécs,Wellington,2
BARANYA,02,Pécs,Ungvár,1
BARANYA,03,Mohács,Los Angeles,2
BARANYA,03,Mohács,New York,3
BARANYA,03,Mohács,Sydney,1
BARANYA,03,Mohács,Bécs,39
BARANYA,03,Mohács,Brüsszel,12
BARANYA,03,Mohács,Szarajevó,2
BARANYA,03,Mohács,Prága,6
BARANYA,03,Mohács,Koppenhága,5
BARANYA,03,Mohács,Pretoria,1
BARANYA,03,Mohács,Abu Dhabi,2
BARANYA,03,Mohács,Kairó,1
BARANYA,03,Mohács,Helsinki,2
BARANYA,03,Mohács,Párizs,3
BARANYA,03,Mohács,Athén,1
BARANYA,03,Mohács,Hága,14
BARANYA,03,Mohács,Zágráb,2
BARANYA,03,Mohács,Dublin,7
BARANYA,03,Mohács,Toronto,3
BARANYA,03,Mohács,Pristina,1
BARANYA,03,Mohács,Krakkó,1
BARANYA,03,Mohács,Edinburgh,1
BARANYA,03,Mohács,London,40
BARANYA,03,Mohács,Manchester,14
BARANYA,03,Mohács,Berlin,13
BARANYA,03,Mohács,Düsseldorf,11
BARANYA,03,Mohács,München,79
BARANYA,03,Mohács,Stuttgart,41
BARANYA,03,Mohács,Osló,4
BARANYA,03,Mohács,Milánó,4
BARANYA,03,Mohács,Róma,1
BARANYA,03,Mohács,Lisszabon,1
BARANYA,03,Mohács,Csíkszereda,8
BARANYA,03,Mohács,Barcelona,4
BARANYA,03,Mohács,Madrid,1
BARANYA,03,Mohács,Bern,16
BARANYA,03,Mohács,Stockholm,3
BARANYA,03,Mohács,Pozsony,1
BARANYA,03,Mohács,Lendva,1
BARANYA,03,Mohács,Ljubljana,2
BARANYA,03,Mohács,Bangkok,1
BARANYA,03,Mohács,Beregszász,4
BARANYA,04,Szigetvár,Chicago,1
BARANYA,04,Szigetvár,New York,4
BARANYA,04,Szigetvár,San Francisco,3
BARANYA,04,Szigetvár,Melbourne,1
BARANYA,04,Szigetvár,Bécs,13
BARANYA,04,Szigetvár,Brüsszel,6
BARANYA,04,Szigetvár,Szarajevó,1
BARANYA,04,Szigetvár,Prága,1
BARANYA,04,Szigetvár,Koppenhága,5
BARANYA,04,Szigetvár,Párizs,3
BARANYA,04,Szigetvár,Athén,1
BARANYA,04,Szigetvár,Hága,19
BARANYA,04,Szigetvár,Eszék,6
BARANYA,04,Szigetvár,Zágráb,2
BARANYA,04,Szigetvár,Dublin,11
BARANYA,04,Szigetvár,Ottawa,1
BARANYA,04,Szigetvár,Doha,2
BARANYA,04,Szigetvár,Pristina,2
BARANYA,04,Szigetvár,Krakkó,1
BARANYA,04,Szigetvár,Varsó,1
BARANYA,04,Szigetvár,Edinburgh,4
BARANYA,04,Szigetvár,London,46
BARANYA,04,Szigetvár,Manchester,23
BARANYA,04,Szigetvár,Berlin,20
BARANYA,04,Szigetvár,Düsseldorf,12
BARANYA,04,Szigetvár,München,57
BARANYA,04,Szigetvár,Stuttgart,39
BARANYA,04,Szigetvár,Abuja,2
BARANYA,04,Szigetvár,Osló,6
BARANYA,04,Szigetvár,Milánó,4
BARANYA,04,Szigetvár,Lisszabon,1
BARANYA,04,Szigetvár,Csíkszereda,13
BARANYA,04,Szigetvár,Barcelona,2
BARANYA,04,Szigetvár,Bern,13
BARANYA,04,Szigetvár,Stockholm,6
BARANYA,04,Szigetvár,Belgrád,1
BARANYA,04,Szigetvár,Szabadka,5
BARANYA,04,Szigetvár,Beregszász,2
BÁCS–KISKUN,01,Kecskemét,Chicago,1
BÁCS–KISKUN,01,Kecskemét,Los Angeles,1
BÁCS–KISKUN,01,Kecskemét,New York,7
BÁCS–KISKUN,01,Kecskemét,Washington,1
BÁCS–KISKUN,01,Kecskemét,Melbourne,1
BÁCS–KISKUN,01,Kecskemét,Sydney,2
BÁCS–KISKUN,01,Kecskemét,Bécs,15
BÁCS–KISKUN,01,Kecskemét,Brüsszel,12
BÁCS–KISKUN,01,Kecskemét,Szarajevó,1
BÁCS–KISKUN,01,Kecskemét,Santiago de Chile,1
BÁCS–KISKUN,01,Kecskemét,Prága,3
BÁCS–KISKUN,01,Kecskemét,Koppenhága,13
BÁCS–KISKUN,01,Kecskemét,Abu Dhabi,4
BÁCS–KISKUN,01,Kecskemét,Helsinki,4
BÁCS–KISKUN,01,Kecskemét,Párizs,8
BÁCS–KISKUN,01,Kecskemét,Hága,8
BÁCS–KISKUN,01,Kecskemét,Dublin,5
BÁCS–KISKUN,01,Kecskemét,Tokió,1
BÁCS–KISKUN,01,Kecskemét,Toronto,3
BÁCS–KISKUN,01,Kecskemét,Pristina,3
BÁCS–KISKUN,01,Kecskemét,Varsó,1
BÁCS–KISKUN,01,Kecskemét,Bejrút,1
BÁCS–KISKUN,01,Kecskemét,Rabat,1
BÁCS–KISKUN,01,Kecskemét,Mexikóváros,1
BÁCS–KISKUN,01,Kecskemét,Edinburgh,7
BÁCS–KISKUN,01,Kecskemét,London,70
BÁCS–KISKUN,01,Kecskemét,Manchester,17
BÁCS–KISKUN,01,Kecskemét,Berlin,9
BÁCS–KISKUN,01,Kecskemét,Düsseldorf,18
BÁCS–KISKUN,01,Kecskemét,München,39
BÁCS–KISKUN,01,Kecskemét,Stuttgart,39
BÁCS–KISKUN,01,Kecskemét,Osló,1
BÁCS–KISKUN,01,Kecskemét,Milánó,10
BÁCS–KISKUN,01,Kecskemét,Róma,12
BÁCS–KISKUN,01,Kecskemét,Bukarest,1
BÁCS–KISKUN,01,Kecskemét,Csíkszereda,10
BÁCS–KISKUN,01,Kecskemét,Kolozsvár,2
BÁCS–KISKUN,01,Kecskemét,Barcelona,4
BÁCS–KISKUN,01,Kecskemét,Madrid,5
BÁCS–KISKUN,01,Kecskemét,Bern,19
BÁCS–KISKUN,01,Kecskemét,Stockholm,3
BÁCS–KISKUN,01,Kecskemét,Rijád,1
BÁCS–KISKUN,01,Kecskemét,Szabadka,8
BÁCS–KISKUN,01,Kecskemét,Pozsony,1
BÁCS–KISKUN,01,Kecskemét,Ljubljana,1
BÁCS–KISKUN,01,Kecskemét,Wellington,2
BÁCS–KISKUN,01,Kecskemét,Beregszász,4
BÁCS–KISKUN,01,Kecskemét,Ungvár,2
BÁCS–KISKUN,02,Kecskemét,Chicago,1
BÁCS–KISKUN,02,Kecskemét,Los Angeles,1
BÁCS–KISKUN,02,Kecskemét,New York,8
BÁCS–KISKUN,02,Kecskemét,San Francisco,1
BÁCS–KISKUN,02,Kecskemét,Washington,3
BÁCS–KISKUN,02,Kecskemét,Melbourne,2
BÁCS–KISKUN,02,Kecskemét,Sydney,1
BÁCS–KISKUN,02,Kecskemét,Bécs,12
BÁCS–KISKUN,02,Kecskemét,Brüsszel,12
BÁCS–KISKUN,02,Kecskemét,Szarajevó,2
BÁCS–KISKUN,02,Kecskemét,Szófia,3
BÁCS–KISKUN,02,Kecskemét,Prága,5
BÁCS–KISKUN,02,Kecskemét,Koppenhága,16
BÁCS–KISKUN,02,Kecskemét,Pretoria,1
BÁCS–KISKUN,02,Kecskemét,Helsinki,1
BÁCS–KISKUN,02,Kecskemét,Párizs,10
BÁCS–KISKUN,02,Kecskemét,Hága,13
BÁCS–KISKUN,02,Kecskemét,Újdelhi,2
BÁCS–KISKUN,02,Kecskemét,Jakarta,1
BÁCS–KISKUN,02,Kecskemét,Erbil,1
BÁCS–KISKUN,02,Kecskemét,Dublin,17
BÁCS–KISKUN,02,Kecskemét,Tokió,3
BÁCS–KISKUN,02,Kecskemét,Toronto,2
BÁCS–KISKUN,02,Kecskemét,Doha,1
BÁCS–KISKUN,02,Kecskemét,Almati,1
BÁCS–KISKUN,02,Kecskemét,Hongkong,1
BÁCS–KISKUN,02,Kecskemét,Peking,3
BÁCS–KISKUN,02,Kecskemét,Szöul,1
BÁCS–KISKUN,02,Kecskemét,Pristina,5
BÁCS–KISKUN,02,Kecskemét,Havanna,2
BÁCS–KISKUN,02,Kecskemét,Varsó,3
BÁCS–KISKUN,02,Kecskemét,Riga,2
BÁCS–KISKUN,02,Kecskemét,Kuala Lumpur,1
BÁCS–KISKUN,02,Kecskemét,Edinburgh,10
BÁCS–KISKUN,02,Kecskemét,London,79
BÁCS–KISKUN,02,Kecskemét,Manchester,17
BÁCS–KISKUN,02,Kecskemét,Berlin,18
BÁCS–KISKUN,02,Kecskemét,Düsseldorf,19
BÁCS–KISKUN,02,Kecskemét,München,49
BÁCS–KISKUN,02,Kecskemét,Stuttgart,28
BÁCS–KISKUN,02,Kecskemét,Osló,3
BÁCS–KISKUN,02,Kecskemét,Milánó,5
BÁCS–KISKUN,02,Kecskemét,Róma,5
BÁCS–KISKUN,02,Kecskemét,Lisszabon,1
BÁCS–KISKUN,02,Kecskemét,Csíkszereda,11
BÁCS–KISKUN,02,Kecskemét,Kolozsvár,7
BÁCS–KISKUN,02,Kecskemét,Barcelona,14
BÁCS–KISKUN,02,Kecskemét,Madrid,6
BÁCS–KISKUN,02,Kecskemét,Bern,29
BÁCS–KISKUN,02,Kecskemét,Stockholm,5
BÁCS–KISKUN,02,Kecskemét,Szabadka,14
BÁCS–KISKUN,02,Kecskemét,Szingapúr,1
BÁCS–KISKUN,02,Kecskemét,Kassa,1
BÁCS–KISKUN,02,Kecskemét,Ljubljana,1
BÁCS–KISKUN,02,Kecskemét,Isztambul,1
BÁCS–KISKUN,02,Kecskemét,Wellington,2
BÁCS–KISKUN,02,Kecskemét,Beregszász,8
BÁCS–KISKUN,02,Kecskemét,Kijev,1
BÁCS–KISKUN,02,Kecskemét,Ungvár,1
BÁCS–KISKUN,02,Kecskemét,Hanoi,1
BÁCS–KISKUN,03,Kalocsa,Chicago,2
BÁCS–KISKUN,03,Kalocsa,Los Angeles,3
BÁCS–KISKUN,03,Kalocsa,New York,5
BÁCS–KISKUN,03,Kalocsa,San Francisco,2
BÁCS–KISKUN,03,Kalocsa,Melbourne,2
BÁCS–KISKUN,03,Kalocsa,Sydney,1
BÁCS–KISKUN,03,Kalocsa,Bécs,12
BÁCS–KISKUN,03,Kalocsa,Brüsszel,4
BÁCS–KISKUN,03,Kalocsa,Sao Paulo,1
BÁCS–KISKUN,03,Kalocsa,Prága,3
BÁCS–KISKUN,03,Kalocsa,Koppenhága,4
BÁCS–KISKUN,03,Kalocsa,Abu Dhabi,1
BÁCS–KISKUN,03,Kalocsa,Kairó,1
BÁCS–KISKUN,03,Kalocsa,Párizs,1
BÁCS–KISKUN,03,Kalocsa,Athén,1
BÁCS–KISKUN,03,Kalocsa,Hága,15
BÁCS–KISKUN,03,Kalocsa,Dublin,4
BÁCS–KISKUN,03,Kalocsa,Ottawa,1
BÁCS–KISKUN,03,Kalocsa,Toronto,2
BÁCS–KISKUN,03,Kalocsa,Peking,1
BÁCS–KISKUN,03,Kalocsa,Pristina,1
BÁCS–KISKUN,03,Kalocsa,Varsó,2
BÁCS–KISKUN,03,Kalocsa,Mexikóváros,1
BÁCS–KISKUN,03,Kalocsa,Kisinyov,1
BÁCS–KISKUN,03,Kalocsa,Edinburgh,3
BÁCS–KISKUN,03,Kalocsa,London,59
BÁCS–KISKUN,03,Kalocsa,Manchester,17
BÁCS–KISKUN,03,Kalocsa,Berlin,10
BÁCS–KISKUN,03,Kalocsa,Düsseldorf,5
BÁCS–KISKUN,03,Kalocsa,München,49
BÁCS–KISKUN,03,Kalocsa,Stuttgart,29
BÁCS–KISKUN,03,Kalocsa,Osló,1
BÁCS–KISKUN,03,Kalocsa,Milánó,1
BÁCS–KISKUN,03,Kalocsa,Róma,6
BÁCS–KISKUN,03,Kalocsa,Moszkva,2
BÁCS–KISKUN,03,Kalocsa,Csíkszereda,11
BÁCS–KISKUN,03,Kalocsa,Barcelona,3
BÁCS–KISKUN,03,Kalocsa,Madrid,1
BÁCS–KISKUN,03,Kalocsa,Bern,9
BÁCS–KISKUN,03,Kalocsa,Stockholm,5
BÁCS–KISKUN,03,Kalocsa,Szabadka,26
BÁCS–KISKUN,03,Kalocsa,Ljubljana,1
BÁCS–KISKUN,03,Kalocsa,Bangkok,1
BÁCS–KISKUN,03,Kalocsa,Beregszász,2
BÁCS–KISKUN,03,Kalocsa,Hanoi,1
BÁCS–KISKUN,04,Kiskunfélegyháza,Chicago,1
BÁCS–KISKUN,04,Kiskunfélegyháza,New York,1
BÁCS–KISKUN,04,Kiskunfélegyháza,San Francisco,1
BÁCS–KISKUN,04,Kiskunfélegyháza,Bécs,14
BÁCS–KISKUN,04,Kiskunfélegyháza,Brüsszel,9
BÁCS–KISKUN,04,Kiskunfélegyháza,Szarajevó,1
BÁCS–KISKUN,04,Kiskunfélegyháza,Prága,2
BÁCS–KISKUN,04,Kiskunfélegyháza,Koppenhága,4
BÁCS–KISKUN,04,Kiskunfélegyháza,Abu Dhabi,1
BÁCS–KISKUN,04,Kiskunfélegyháza,Helsinki,1
BÁCS–KISKUN,04,Kiskunfélegyháza,Párizs,3
BÁCS–KISKUN,04,Kiskunfélegyháza,Hága,21
BÁCS–KISKUN,04,Kiskunfélegyháza,Dublin,5
BÁCS–KISKUN,04,Kiskunfélegyháza,Ottawa,2
BÁCS–KISKUN,04,Kiskunfélegyháza,Toronto,1
BÁCS–KISKUN,04,Kiskunfélegyháza,Csungking,1
BÁCS–KISKUN,04,Kiskunfélegyháza,Sanghaj,1
BÁCS–KISKUN,04,Kiskunfélegyháza,Pristina,1
BÁCS–KISKUN,04,Kiskunfélegyháza,Kuvait,1
BÁCS–KISKUN,04,Kiskunfélegyháza,Krakkó,4
BÁCS–KISKUN,04,Kiskunfélegyháza,Varsó,3
BÁCS–KISKUN,04,Kiskunfélegyháza,Bejrút,1
BÁCS–KISKUN,04,Kiskunfélegyháza,Edinburgh,2
BÁCS–KISKUN,04,Kiskunfélegyháza,London,40
BÁCS–KISKUN,04,Kiskunfélegyháza,Manchester,7
BÁCS–KISKUN,04,Kiskunfélegyháza,Berlin,15
BÁCS–KISKUN,04,Kiskunfélegyháza,Düsseldorf,4
BÁCS–KISKUN,04,Kiskunfélegyháza,München,36
BÁCS–KISKUN,04,Kiskunfélegyháza,Stuttgart,29
BÁCS–KISKUN,04,Kiskunfélegyháza,Osló,2
BÁCS–KISKUN,04,Kiskunfélegyháza,Milánó,2
BÁCS–KISKUN,04,Kiskunfélegyháza,Róma,4
BÁCS–KISKUN,04,Kiskunfélegyháza,Lisszabon,1
BÁCS–KISKUN,04,Kiskunfélegyháza,Csíkszereda,31
BÁCS–KISKUN,04,Kiskunfélegyháza,Barcelona,1
BÁCS–KISKUN,04,Kiskunfélegyháza,Bern,18
BÁCS–KISKUN,04,Kiskunfélegyháza,Stockholm,4
BÁCS–KISKUN,04,Kiskunfélegyháza,Szabadka,10
BÁCS–KISKUN,04,Kiskunfélegyháza,Isztambul,1
BÁCS–KISKUN,04,Kiskunfélegyháza,Beregszász,5
BÁCS–KISKUN,04,Kiskunfélegyháza,Ungvár,4
BÁCS–KISKUN,04,Kiskunfélegyháza,Hanoi,2
BÁCS–KISKUN,05,Kiskunhalas,Algír,3
BÁCS–KISKUN,05,Kiskunhalas,New York,7
BÁCS–KISKUN,05,Kiskunhalas,Canberra,1
BÁCS–KISKUN,05,Kiskunhalas,Melbourne,1
BÁCS–KISKUN,05,Kiskunhalas,Bécs,15
BÁCS–KISKUN,05,Kiskunhalas,Brüsszel,5
BÁCS–KISKUN,05,Kiskunhalas,Brazíliaváros,1
BÁCS–KISKUN,05,Kiskunhalas,Prága,1
BÁCS–KISKUN,05,Kiskunhalas,Koppenhága,6
BÁCS–KISKUN,05,Kiskunhalas,Abu Dhabi,2
BÁCS–KISKUN,05,Kiskunhalas,Helsinki,1
BÁCS–KISKUN,05,Kiskunhalas,Hága,8
BÁCS–KISKUN,05,Kiskunhalas,Dublin,11
BÁCS–KISKUN,05,Kiskunhalas,Tel-Aviv,1
BÁCS–KISKUN,05,Kiskunhalas,Toronto,1
BÁCS–KISKUN,05,Kiskunhalas,Peking,1
BÁCS–KISKUN,05,Kiskunhalas,Sanghaj,2
BÁCS–KISKUN,05,Kiskunhalas,Krakkó,5
BÁCS–KISKUN,05,Kiskunhalas,Rabat,1
BÁCS–KISKUN,05,Kiskunhalas,Edinburgh,5
BÁCS–KISKUN,05,Kiskunhalas,London,61
BÁCS–KISKUN,05,Kiskunhalas,Manchester,9
BÁCS–KISKUN,05,Kiskunhalas,Berlin,7
BÁCS–KISKUN,05,Kiskunhalas,Düsseldorf,12
BÁCS–KISKUN,05,Kiskunhalas,München,56
BÁCS–KISKUN,05,Kiskunhalas,Stuttgart,35
BÁCS–KISKUN,05,Kiskunhalas,Osló,2
BÁCS–KISKUN,05,Kiskunhalas,Milánó,7
BÁCS–KISKUN,05,Kiskunhalas,Róma,1
BÁCS–KISKUN,05,Kiskunhalas,Lisszabon,2
BÁCS–KISKUN,05,Kiskunhalas,Bukarest,1
BÁCS–KISKUN,05,Kiskunhalas,Csíkszereda,9
BÁCS–KISKUN,05,Kiskunhalas,Kolozsvár,2
BÁCS–KISKUN,05,Kiskunhalas,Barcelona,3
BÁCS–KISKUN,05,Kiskunhalas,Madrid,1
BÁCS–KISKUN,05,Kiskunhalas,Bern,13
BÁCS–KISKUN,05,Kiskunhalas,Stockholm,6
BÁCS–KISKUN,05,Kiskunhalas,Rijád,1
BÁCS–KISKUN,05,Kiskunhalas,Szabadka,44
BÁCS–KISKUN,05,Kiskunhalas,Szingapúr,1
BÁCS–KISKUN,05,Kiskunhalas,Pozsony,1
BÁCS–KISKUN,05,Kiskunhalas,Beregszász,1
BÁCS–KISKUN,05,Kiskunhalas,Kijev,2
BÁCS–KISKUN,05,Kiskunhalas,Ungvár,1
BÁCS–KISKUN,06,Baja,Tirana,1
BÁCS–KISKUN,06,Baja,Chicago,4
BÁCS–KISKUN,06,Baja,Los Angeles,1
BÁCS–KISKUN,06,Baja,New York,7
BÁCS–KISKUN,06,Baja,San Francisco,1
BÁCS–KISKUN,06,Baja,Sydney,4
BÁCS–KISKUN,06,Baja,Bécs,20
BÁCS–KISKUN,06,Baja,Brüsszel,7
BÁCS–KISKUN,06,Baja,Szófia,1
BÁCS–KISKUN,06,Baja,Prága,2
BÁCS–KISKUN,06,Baja,Koppenhága,9
BÁCS–KISKUN,06,Baja,Helsinki,3
BÁCS–KISKUN,06,Baja,Párizs,2
BÁCS–KISKUN,06,Baja,Hága,17
BÁCS–KISKUN,06,Baja,Eszék,1
BÁCS–KISKUN,06,Baja,Zágráb,4
BÁCS–KISKUN,06,Baja,Erbil,1
BÁCS–KISKUN,06,Baja,Dublin,8
BÁCS–KISKUN,06,Baja,Tel-Aviv,1
BÁCS–KISKUN,06,Baja,Tokió,1
BÁCS–KISKUN,06,Baja,Doha,1
BÁCS–KISKUN,06,Baja,Sanghaj,1
BÁCS–KISKUN,06,Baja,Szöul,2
BÁCS–KISKUN,06,Baja,Pristina,1
BÁCS–KISKUN,06,Baja,Krakkó,2
BÁCS–KISKUN,06,Baja,Varsó,1
BÁCS–KISKUN,06,Baja,Bejrút,1
BÁCS–KISKUN,06,Baja,Edinburgh,6
BÁCS–KISKUN,06,Baja,London,67
BÁCS–KISKUN,06,Baja,Manchester,16
BÁCS–KISKUN,06,Baja,Berlin,24
BÁCS–KISKUN,06,Baja,Düsseldorf,23
BÁCS–KISKUN,06,Baja,München,99
BÁCS–KISKUN,06,Baja,Stuttgart,53
BÁCS–KISKUN,06,Baja,Milánó,1
BÁCS–KISKUN,06,Baja,Róma,3
BÁCS–KISKUN,06,Baja,Moszkva,2
BÁCS–KISKUN,06,Baja,Lisszabon,1
BÁCS–KISKUN,06,Baja,Csíkszereda,5
BÁCS–KISKUN,06,Baja,Kolozsvár,3
BÁCS–KISKUN,06,Baja,Barcelona,7
BÁCS–KISKUN,06,Baja,Madrid,2
BÁCS–KISKUN,06,Baja,Bern,12
BÁCS–KISKUN,06,Baja,Stockholm,3
BÁCS–KISKUN,06,Baja,Szabadka,18
BÁCS–KISKUN,06,Baja,Ljubljana,1
BÁCS–KISKUN,06,Baja,Beregszász,3
BÉKÉS,01,Békéscsaba,Algír,1
BÉKÉS,01,Békéscsaba,Chicago,5
BÉKÉS,01,Békéscsaba,Los Angeles,2
BÉKÉS,01,Békéscsaba,New York,2
BÉKÉS,01,Békéscsaba,San Francisco,1
BÉKÉS,01,Békéscsaba,Washington,2
BÉKÉS,01,Békéscsaba,Buenos Aires,2
BÉKÉS,01,Békéscsaba,Melbourne,2
BÉKÉS,01,Békéscsaba,Bécs,22
BÉKÉS,01,Békéscsaba,Brüsszel,13
BÉKÉS,01,Békéscsaba,Santiago de Chile,1
BÉKÉS,01,Békéscsaba,Prága,5
BÉKÉS,01,Békéscsaba,Koppenhága,13
BÉKÉS,01,Békéscsaba,Abu Dhabi,3
BÉKÉS,01,Békéscsaba,Kairó,1
BÉKÉS,01,Békéscsaba,Helsinki,5
BÉKÉS,01,Békéscsaba,Párizs,7
BÉKÉS,01,Békéscsaba,Athén,1
BÉKÉS,01,Békéscsaba,Hága,31
BÉKÉS,01,Békéscsaba,Zágráb,1
BÉKÉS,01,Békéscsaba,Jakarta,2
BÉKÉS,01,Békéscsaba,Dublin,16
BÉKÉS,01,Békéscsaba,Tokió,2
BÉKÉS,01,Békéscsaba,Toronto,4
BÉKÉS,01,Békéscsaba,Almati,1
BÉKÉS,01,Békéscsaba,Hongkong,1
BÉKÉS,01,Békéscsaba,Peking,1
BÉKÉS,01,Békéscsaba,Havanna,1
BÉKÉS,01,Békéscsaba,Varsó,3
BÉKÉS,01,Békéscsaba,Rabat,4
BÉKÉS,01,Békéscsaba,Edinburgh,10
BÉKÉS,01,Békéscsaba,London,106
BÉKÉS,01,Békéscsaba,Manchester,37
BÉKÉS,01,Békéscsaba,Berlin,11
BÉKÉS,01,Békéscsaba,Düsseldorf,11
BÉKÉS,01,Békéscsaba,München,38
BÉKÉS,01,Békéscsaba,Stuttgart,24
BÉKÉS,01,Békéscsaba,Osló,4
BÉKÉS,01,Békéscsaba,Milánó,9
BÉKÉS,01,Békéscsaba,Róma,3
BÉKÉS,01,Békéscsaba,Csíkszereda,11
BÉKÉS,01,Békéscsaba,Kolozsvár,2
BÉKÉS,01,Békéscsaba,Barcelona,9
BÉKÉS,01,Békéscsaba,Bern,25
BÉKÉS,01,Békéscsaba,Stockholm,4
BÉKÉS,01,Békéscsaba,Szabadka,6
BÉKÉS,01,Békéscsaba,Kassa,1
BÉKÉS,01,Békéscsaba,Pozsony,3
BÉKÉS,01,Békéscsaba,Isztambul,7
BÉKÉS,01,Békéscsaba,Wellington,2
BÉKÉS,01,Békéscsaba,Beregszász,5
BÉKÉS,02,Békés,New York,6
BÉKÉS,02,Békés,San Francisco,1
BÉKÉS,02,Békés,Washington,1
BÉKÉS,02,Békés,Melbourne,1
BÉKÉS,02,Békés,Bécs,10
BÉKÉS,02,Békés,Brüsszel,4
BÉKÉS,02,Békés,Koppenhága,7
BÉKÉS,02,Békés,Abu Dhabi,1
BÉKÉS,02,Békés,Helsinki,1
BÉKÉS,02,Békés,Párizs,7
BÉKÉS,02,Békés,Athén,1
BÉKÉS,02,Békés,Hága,15
BÉKÉS,02,Békés,Zágráb,2
BÉKÉS,02,Békés,Újdelhi,1
BÉKÉS,02,Békés,Jakarta,1
BÉKÉS,02,Békés,Dublin,16
BÉKÉS,02,Békés,Toronto,5
BÉKÉS,02,Békés,Doha,2
BÉKÉS,02,Békés,Csungking,1
BÉKÉS,02,Békés,Pristina,3
BÉKÉS,02,Békés,Havanna,1
BÉKÉS,02,Békés,Varsó,2
BÉKÉS,02,Békés,Podgorica,1
BÉKÉS,02,Békés,Edinburgh,5
BÉKÉS,02,Békés,London,87
BÉKÉS,02,Békés,Manchester,39
BÉKÉS,02,Békés,Berlin,7
BÉKÉS,02,Békés,Düsseldorf,23
BÉKÉS,02,Békés,München,50
BÉKÉS,02,Békés,Stuttgart,22
BÉKÉS,02,Békés,Milánó,5
BÉKÉS,02,Békés,Róma,3
BÉKÉS,02,Békés,Lisszabon,1
BÉKÉS,02,Békés,Csíkszereda,9
BÉKÉS,02,Békés,Kolozsvár,2
BÉKÉS,02,Békés,Barcelona,1
BÉKÉS,02,Békés,Madrid,1
BÉKÉS,02,Békés,Bern,18
BÉKÉS,02,Békés,Stockholm,5
BÉKÉS,02,Békés,Rijád,2
BÉKÉS,02,Békés,Szabadka,8
BÉKÉS,02,Békés,Isztambul,2
BÉKÉS,02,Békés,Beregszász,8
BÉKÉS,02,Békés,Ungvár,1
BÉKÉS,03,Gyula,Los Angeles,1
BÉKÉS,03,Gyula,New York,6
BÉKÉS,03,Gyula,Sydney,1
BÉKÉS,03,Gyula,Bécs,19
BÉKÉS,03,Gyula,Brüsszel,9
BÉKÉS,03,Gyula,Prága,2
BÉKÉS,03,Gyula,Koppenhága,7
BÉKÉS,03,Gyula,Kairó,1
BÉKÉS,03,Gyula,Helsinki,3
BÉKÉS,03,Gyula,Párizs,2
BÉKÉS,03,Gyula,Manila,1
BÉKÉS,03,Gyula,Hága,12
BÉKÉS,03,Gyula,Dublin,16
BÉKÉS,03,Gyula,Tel-Aviv,3
BÉKÉS,03,Gyula,Tokió,1
BÉKÉS,03,Gyula,Toronto,2
BÉKÉS,03,Gyula,Doha,1
BÉKÉS,03,Gyula,Sanghaj,1
BÉKÉS,03,Gyula,Szöul,1
BÉKÉS,03,Gyula,Pristina,1
BÉKÉS,03,Gyula,Krakkó,1
BÉKÉS,03,Gyula,Mexikóváros,1
BÉKÉS,03,Gyula,Edinburgh,7
BÉKÉS,03,Gyula,London,85
BÉKÉS,03,Gyula,Manchester,21
BÉKÉS,03,Gyula,Berlin,9
BÉKÉS,03,Gyula,Düsseldorf,9
BÉKÉS,03,Gyula,München,28
BÉKÉS,03,Gyula,Stuttgart,26
BÉKÉS,03,Gyula,Abuja,1
BÉKÉS,03,Gyula,Osló,1
BÉKÉS,03,Gyula,Milánó,1
BÉKÉS,03,Gyula,Róma,2
BÉKÉS,03,Gyula,Moszkva,1
BÉKÉS,03,Gyula,Lisszabon,2
BÉKÉS,03,Gyula,Bukarest,1
BÉKÉS,03,Gyula,Csíkszereda,8
BÉKÉS,03,Gyula,Kolozsvár,3
BÉKÉS,03,Gyula,Barcelona,3
BÉKÉS,03,Gyula,Bern,12
BÉKÉS,03,Gyula,Stockholm,13
BÉKÉS,03,Gyula,Szingapúr,2
BÉKÉS,03,Gyula,Wellington,1
BÉKÉS,03,Gyula,Beregszász,5
BÉKÉS,03,Gyula,Ungvár,2
BÉKÉS,04,Orosháza,Chicago,2
BÉKÉS,04,Orosháza,Los Angeles,1
BÉKÉS,04,Orosháza,New York,3
BÉKÉS,04,Orosháza,San Francisco,1
BÉKÉS,04,Orosháza,Washington,2
BÉKÉS,04,Orosháza,Sydney,1
BÉKÉS,04,Orosháza,Bécs,7
BÉKÉS,04,Orosháza,Minszk,1
BÉKÉS,04,Orosháza,Brüsszel,10
BÉKÉS,04,Orosháza,Szarajevó,3
BÉKÉS,04,Orosháza,Prága,3
BÉKÉS,04,Orosháza,Koppenhága,4
BÉKÉS,04,Orosháza,Helsinki,1
BÉKÉS,04,Orosháza,Párizs,3
BÉKÉS,04,Orosháza,Tbiliszi,1
BÉKÉS,04,Orosháza,Hága,16
BÉKÉS,04,Orosháza,Dublin,18
BÉKÉS,04,Orosháza,Tel-Aviv,2
BÉKÉS,04,Orosháza,Tokió,1
BÉKÉS,04,Orosháza,Toronto,3
BÉKÉS,04,Orosháza,Pristina,1
BÉKÉS,04,Orosháza,Krakkó,2
BÉKÉS,04,Orosháza,Varsó,3
BÉKÉS,04,Orosháza,Podgorica,1
BÉKÉS,04,Orosháza,Edinburgh,8
BÉKÉS,04,Orosháza,London,106
BÉKÉS,04,Orosháza,Manchester,31
BÉKÉS,04,Orosháza,Berlin,13
BÉKÉS,04,Orosháza,Düsseldorf,18
BÉKÉS,04,Orosháza,München,40
BÉKÉS,04,Orosháza,Stuttgart,24
BÉKÉS,04,Orosháza,Osló,1
BÉKÉS,04,Orosháza,Milánó,1
BÉKÉS,04,Orosháza,Róma,1
BÉKÉS,04,Orosháza,Lisszabon,1
BÉKÉS,04,Orosháza,Csíkszereda,14
BÉKÉS,04,Orosháza,Kolozsvár,8
BÉKÉS,04,Orosháza,Barcelona,3
BÉKÉS,04,Orosháza,Madrid,1
BÉKÉS,04,Orosháza,Bern,14
BÉKÉS,04,Orosháza,Stockholm,5
BÉKÉS,04,Orosháza,Szabadka,3
BÉKÉS,04,Orosháza,Ankara,1
BÉKÉS,04,Orosháza,Beregszász,2
BÉKÉS,04,Orosháza,Ungvár,1
BORSOD–ABAÚJ–ZEMPLÉN,01,Miskolc,Los Angeles,2
BORSOD–ABAÚJ–ZEMPLÉN,01,Miskolc,New York,12
BORSOD–ABAÚJ–ZEMPLÉN,01,Miskolc,Washington,3
BORSOD–ABAÚJ–ZEMPLÉN,01,Miskolc,Canberra,1
BORSOD–ABAÚJ–ZEMPLÉN,01,Miskolc,Melbourne,2
BORSOD–ABAÚJ–ZEMPLÉN,01,Miskolc,Bécs,13
BORSOD–ABAÚJ–ZEMPLÉN,01,Miskolc,Brüsszel,21
BORSOD–ABAÚJ–ZEMPLÉN,01,Miskolc,Szarajevó,1
BORSOD–ABAÚJ–ZEMPLÉN,01,Miskolc,Prága,5
BORSOD–ABAÚJ–ZEMPLÉN,01,Miskolc,Koppenhága,14
BORSOD–ABAÚJ–ZEMPLÉN,01,Miskolc,Abu Dhabi,2
BORSOD–ABAÚJ–ZEMPLÉN,01,Miskolc,Helsinki,4
BORSOD–ABAÚJ–ZEMPLÉN,01,Miskolc,Párizs,8
BORSOD–ABAÚJ–ZEMPLÉN,01,Miskolc,Hága,27
BORSOD–ABAÚJ–ZEMPLÉN,01,Miskolc,Jakarta,1
BORSOD–ABAÚJ–ZEMPLÉN,01,Miskolc,Teherán,1
BORSOD–ABAÚJ–ZEMPLÉN,01,Miskolc,Dublin,18
BORSOD–ABAÚJ–ZEMPLÉN,01,Miskolc,Tokió,1
BORSOD–ABAÚJ–ZEMPLÉN,01,Miskolc,Toronto,6
BORSOD–ABAÚJ–ZEMPLÉN,01,Miskolc,Doha,2
BORSOD–ABAÚJ–ZEMPLÉN,01,Miskolc,Sanghaj,1
BORSOD–ABAÚJ–ZEMPLÉN,01,Miskolc,Szöul,1
BORSOD–ABAÚJ–ZEMPLÉN,01,Miskolc,Pristina,1
BORSOD–ABAÚJ–ZEMPLÉN,01,Miskolc,Krakkó,2
BORSOD–ABAÚJ–ZEMPLÉN,01,Miskolc,Podgorica,1
BORSOD–ABAÚJ–ZEMPLÉN,01,Miskolc,Edinburgh,10
BORSOD–ABAÚJ–ZEMPLÉN,01,Miskolc,London,102
BORSOD–ABAÚJ–ZEMPLÉN,01,Miskolc,Manchester,19
BORSOD–ABAÚJ–ZEMPLÉN,01,Miskolc,Berlin,20
BORSOD–ABAÚJ–ZEMPLÉN,01,Miskolc,Düsseldorf,14
BORSOD–ABAÚJ–ZEMPLÉN,01,Miskolc,München,71
BORSOD–ABAÚJ–ZEMPLÉN,01,Miskolc,Stuttgart,57
BORSOD–ABAÚJ–ZEMPLÉN,01,Miskolc,Osló,4
BORSOD–ABAÚJ–ZEMPLÉN,01,Miskolc,Milánó,2
BORSOD–ABAÚJ–ZEMPLÉN,01,Miskolc,Róma,2
BORSOD–ABAÚJ–ZEMPLÉN,01,Miskolc,Moszkva,2
BORSOD–ABAÚJ–ZEMPLÉN,01,Miskolc,Lisszabon,2
BORSOD–ABAÚJ–ZEMPLÉN,01,Miskolc,Csíkszereda,4
BORSOD–ABAÚJ–ZEMPLÉN,01,Miskolc,Kolozsvár,6
BORSOD–ABAÚJ–ZEMPLÉN,01,Miskolc,Barcelona,9
BORSOD–ABAÚJ–ZEMPLÉN,01,Miskolc,Madrid,1
BORSOD–ABAÚJ–ZEMPLÉN,01,Miskolc,Bern,23
BORSOD–ABAÚJ–ZEMPLÉN,01,Miskolc,Stockholm,11
BORSOD–ABAÚJ–ZEMPLÉN,01,Miskolc,Szingapúr,3
BORSOD–ABAÚJ–ZEMPLÉN,01,Miskolc,Pozsony,1
BORSOD–ABAÚJ–ZEMPLÉN,01,Miskolc,Ljubljana,1
BORSOD–ABAÚJ–ZEMPLÉN,01,Miskolc,Bangkok,1
BORSOD–ABAÚJ–ZEMPLÉN,01,Miskolc,Wellington,3
BORSOD–ABAÚJ–ZEMPLÉN,01,Miskolc,Beregszász,4
BORSOD–ABAÚJ–ZEMPLÉN,01,Miskolc,Kijev,1
BORSOD–ABAÚJ–ZEMPLÉN,01,Miskolc,Ungvár,3
BORSOD–ABAÚJ–ZEMPLÉN,02,Miskolc,Chicago,1
BORSOD–ABAÚJ–ZEMPLÉN,02,Miskolc,Los Angeles,1
BORSOD–ABAÚJ–ZEMPLÉN,02,Miskolc,New York,8
BORSOD–ABAÚJ–ZEMPLÉN,02,Miskolc,San Francisco,1
BORSOD–ABAÚJ–ZEMPLÉN,02,Miskolc,Washington,6
BORSOD–ABAÚJ–ZEMPLÉN,02,Miskolc,Melbourne,2
BORSOD–ABAÚJ–ZEMPLÉN,02,Miskolc,Sydney,3
BORSOD–ABAÚJ–ZEMPLÉN,02,Miskolc,Bécs,18
BORSOD–ABAÚJ–ZEMPLÉN,02,Miskolc,Brüsszel,19
BORSOD–ABAÚJ–ZEMPLÉN,02,Miskolc,Prága,3
BORSOD–ABAÚJ–ZEMPLÉN,02,Miskolc,Koppenhága,14
BORSOD–ABAÚJ–ZEMPLÉN,02,Miskolc,Abu Dhabi,3
BORSOD–ABAÚJ–ZEMPLÉN,02,Miskolc,Helsinki,5
BORSOD–ABAÚJ–ZEMPLÉN,02,Miskolc,Párizs,9
BORSOD–ABAÚJ–ZEMPLÉN,02,Miskolc,Manila,1
BORSOD–ABAÚJ–ZEMPLÉN,02,Miskolc,Accra,1
BORSOD–ABAÚJ–ZEMPLÉN,02,Miskolc,Hága,33
BORSOD–ABAÚJ–ZEMPLÉN,02,Miskolc,Erbil,2
BORSOD–ABAÚJ–ZEMPLÉN,02,Miskolc,Dublin,24
BORSOD–ABAÚJ–ZEMPLÉN,02,Miskolc,Tel-Aviv,4
BORSOD–ABAÚJ–ZEMPLÉN,02,Miskolc,Tokió,3
BORSOD–ABAÚJ–ZEMPLÉN,02,Miskolc,Ottawa,4
BORSOD–ABAÚJ–ZEMPLÉN,02,Miskolc,Toronto,6
BORSOD–ABAÚJ–ZEMPLÉN,02,Miskolc,Doha,2
BORSOD–ABAÚJ–ZEMPLÉN,02,Miskolc,Pristina,2
BORSOD–ABAÚJ–ZEMPLÉN,02,Miskolc,Kuvait,1
BORSOD–ABAÚJ–ZEMPLÉN,02,Miskolc,Krakkó,7
BORSOD–ABAÚJ–ZEMPLÉN,02,Miskolc,Varsó,1
BORSOD–ABAÚJ–ZEMPLÉN,02,Miskolc,Rabat,2
BORSOD–ABAÚJ–ZEMPLÉN,02,Miskolc,Mexikóváros,2
BORSOD–ABAÚJ–ZEMPLÉN,02,Miskolc,Edinburgh,8
BORSOD–ABAÚJ–ZEMPLÉN,02,Miskolc,London,116
BORSOD–ABAÚJ–ZEMPLÉN,02,Miskolc,Manchester,21
BORSOD–ABAÚJ–ZEMPLÉN,02,Miskolc,Berlin,22
BORSOD–ABAÚJ–ZEMPLÉN,02,Miskolc,Düsseldorf,18
BORSOD–ABAÚJ–ZEMPLÉN,02,Miskolc,München,72
BORSOD–ABAÚJ–ZEMPLÉN,02,Miskolc,Stuttgart,51
BORSOD–ABAÚJ–ZEMPLÉN,02,Miskolc,Osló,6
BORSOD–ABAÚJ–ZEMPLÉN,02,Miskolc,Milánó,5
BORSOD–ABAÚJ–ZEMPLÉN,02,Miskolc,Róma,3
BORSOD–ABAÚJ–ZEMPLÉN,02,Miskolc,Lisszabon,5
BORSOD–ABAÚJ–ZEMPLÉN,02,Miskolc,Csíkszereda,2
BORSOD–ABAÚJ–ZEMPLÉN,02,Miskolc,Kolozsvár,2
BORSOD–ABAÚJ–ZEMPLÉN,02,Miskolc,Barcelona,12
BORSOD–ABAÚJ–ZEMPLÉN,02,Miskolc,Madrid,2
BORSOD–ABAÚJ–ZEMPLÉN,02,Miskolc,Bern,20
BORSOD–ABAÚJ–ZEMPLÉN,02,Miskolc,Stockholm,6
BORSOD–ABAÚJ–ZEMPLÉN,02,Miskolc,Belgrád,1
BORSOD–ABAÚJ–ZEMPLÉN,02,Miskolc,Szingapúr,1
BORSOD–ABAÚJ–ZEMPLÉN,02,Miskolc,Kassa,1
BORSOD–ABAÚJ–ZEMPLÉN,02,Miskolc,Pozsony,1
BORSOD–ABAÚJ–ZEMPLÉN,02,Miskolc,Isztambul,2
BORSOD–ABAÚJ–ZEMPLÉN,02,Miskolc,Wellington,2
BORSOD–ABAÚJ–ZEMPLÉN,02,Miskolc,Beregszász,3
BORSOD–ABAÚJ–ZEMPLÉN,03,Ózd,Los Angeles,3
BORSOD–ABAÚJ–ZEMPLÉN,03,Ózd,New York,2
BORSOD–ABAÚJ–ZEMPLÉN,03,Ózd,San Francisco,1
BORSOD–ABAÚJ–ZEMPLÉN,03,Ózd,Sydney,1
BORSOD–ABAÚJ–ZEMPLÉN,03,Ózd,Bécs,10
BORSOD–ABAÚJ–ZEMPLÉN,03,Ózd,Brüsszel,10
BORSOD–ABAÚJ–ZEMPLÉN,03,Ózd,Szarajevó,1
BORSOD–ABAÚJ–ZEMPLÉN,03,Ózd,Prága,3
BORSOD–ABAÚJ–ZEMPLÉN,03,Ózd,Koppenhága,6
BORSOD–ABAÚJ–ZEMPLÉN,03,Ózd,Helsinki,2
BORSOD–ABAÚJ–ZEMPLÉN,03,Ózd,Párizs,1
BORSOD–ABAÚJ–ZEMPLÉN,03,Ózd,Athén,1
BORSOD–ABAÚJ–ZEMPLÉN,03,Ózd,Hága,16
BORSOD–ABAÚJ–ZEMPLÉN,03,Ózd,Dublin,5
BORSOD–ABAÚJ–ZEMPLÉN,03,Ózd,Toronto,2
BORSOD–ABAÚJ–ZEMPLÉN,03,Ózd,Hongkong,1
BORSOD–ABAÚJ–ZEMPLÉN,03,Ózd,Krakkó,1
BORSOD–ABAÚJ–ZEMPLÉN,03,Ózd,Varsó,1
BORSOD–ABAÚJ–ZEMPLÉN,03,Ózd,Kisinyov,1
BORSOD–ABAÚJ–ZEMPLÉN,03,Ózd,Edinburgh,1
BORSOD–ABAÚJ–ZEMPLÉN,03,Ózd,London,40
BORSOD–ABAÚJ–ZEMPLÉN,03,Ózd,Manchester,7
BORSOD–ABAÚJ–ZEMPLÉN,03,Ózd,Berlin,7
BORSOD–ABAÚJ–ZEMPLÉN,03,Ózd,Düsseldorf,15
BORSOD–ABAÚJ–ZEMPLÉN,03,Ózd,München,37
BORSOD–ABAÚJ–ZEMPLÉN,03,Ózd,Stuttgart,40
BORSOD–ABAÚJ–ZEMPLÉN,03,Ózd,Osló,2
BORSOD–ABAÚJ–ZEMPLÉN,03,Ózd,Lisszabon,3
BORSOD–ABAÚJ–ZEMPLÉN,03,Ózd,Csíkszereda,1
BORSOD–ABAÚJ–ZEMPLÉN,03,Ózd,Madrid,1
BORSOD–ABAÚJ–ZEMPLÉN,03,Ózd,Bern,15
BORSOD–ABAÚJ–ZEMPLÉN,03,Ózd,Stockholm,3
BORSOD–ABAÚJ–ZEMPLÉN,03,Ózd,Pozsony,2
BORSOD–ABAÚJ–ZEMPLÉN,03,Ózd,Isztambul,1
BORSOD–ABAÚJ–ZEMPLÉN,03,Ózd,Beregszász,7
BORSOD–ABAÚJ–ZEMPLÉN,03,Ózd,Ungvár,4
BORSOD–ABAÚJ–ZEMPLÉN,04,Kazincbarcika,Los Angeles,4
BORSOD–ABAÚJ–ZEMPLÉN,04,Kazincbarcika,New York,7
BORSOD–ABAÚJ–ZEMPLÉN,04,Kazincbarcika,Washington,4
BORSOD–ABAÚJ–ZEMPLÉN,04,Kazincbarcika,Melbourne,2
BORSOD–ABAÚJ–ZEMPLÉN,04,Kazincbarcika,Sydney,1
BORSOD–ABAÚJ–ZEMPLÉN,04,Kazincbarcika,Bécs,4
BORSOD–ABAÚJ–ZEMPLÉN,04,Kazincbarcika,Baku,1
BORSOD–ABAÚJ–ZEMPLÉN,04,Kazincbarcika,Brüsszel,5
BORSOD–ABAÚJ–ZEMPLÉN,04,Kazincbarcika,Koppenhága,12
BORSOD–ABAÚJ–ZEMPLÉN,04,Kazincbarcika,Abu Dhabi,2
BORSOD–ABAÚJ–ZEMPLÉN,04,Kazincbarcika,Párizs,8
BORSOD–ABAÚJ–ZEMPLÉN,04,Kazincbarcika,Tbiliszi,1
BORSOD–ABAÚJ–ZEMPLÉN,04,Kazincbarcika,Athén,1
BORSOD–ABAÚJ–ZEMPLÉN,04,Kazincbarcika,Hága,18
BORSOD–ABAÚJ–ZEMPLÉN,04,Kazincbarcika,Erbil,2
BORSOD–ABAÚJ–ZEMPLÉN,04,Kazincbarcika,Teherán,1
BORSOD–ABAÚJ–ZEMPLÉN,04,Kazincbarcika,Dublin,12
BORSOD–ABAÚJ–ZEMPLÉN,04,Kazincbarcika,Tokió,2
BORSOD–ABAÚJ–ZEMPLÉN,04,Kazincbarcika,Sanghaj,1
BORSOD–ABAÚJ–ZEMPLÉN,04,Kazincbarcika,Szöul,1
BORSOD–ABAÚJ–ZEMPLÉN,04,Kazincbarcika,Pristina,1
BORSOD–ABAÚJ–ZEMPLÉN,04,Kazincbarcika,Varsó,1
BORSOD–ABAÚJ–ZEMPLÉN,04,Kazincbarcika,Edinburgh,5
BORSOD–ABAÚJ–ZEMPLÉN,04,Kazincbarcika,London,88
BORSOD–ABAÚJ–ZEMPLÉN,04,Kazincbarcika,Manchester,6
BORSOD–ABAÚJ–ZEMPLÉN,04,Kazincbarcika,Berlin,17
BORSOD–ABAÚJ–ZEMPLÉN,04,Kazincbarcika,Düsseldorf,15
BORSOD–ABAÚJ–ZEMPLÉN,04,Kazincbarcika,München,49
BORSOD–ABAÚJ–ZEMPLÉN,04,Kazincbarcika,Stuttgart,32
BORSOD–ABAÚJ–ZEMPLÉN,04,Kazincbarcika,Osló,2
BORSOD–ABAÚJ–ZEMPLÉN,04,Kazincbarcika,Milánó,3
BORSOD–ABAÚJ–ZEMPLÉN,04,Kazincbarcika,Róma,1
BORSOD–ABAÚJ–ZEMPLÉN,04,Kazincbarcika,Moszkva,1
BORSOD–ABAÚJ–ZEMPLÉN,04,Kazincbarcika,Csíkszereda,7
BORSOD–ABAÚJ–ZEMPLÉN,04,Kazincbarcika,Barcelona,1
BORSOD–ABAÚJ–ZEMPLÉN,04,Kazincbarcika,Madrid,3
BORSOD–ABAÚJ–ZEMPLÉN,04,Kazincbarcika,Bern,19
BORSOD–ABAÚJ–ZEMPLÉN,04,Kazincbarcika,Stockholm,4
BORSOD–ABAÚJ–ZEMPLÉN,04,Kazincbarcika,Szingapúr,1
BORSOD–ABAÚJ–ZEMPLÉN,04,Kazincbarcika,Kassa,1
BORSOD–ABAÚJ–ZEMPLÉN,04,Kazincbarcika,Pozsony,1
BORSOD–ABAÚJ–ZEMPLÉN,04,Kazincbarcika,Ljubljana,3
BORSOD–ABAÚJ–ZEMPLÉN,04,Kazincbarcika,Tunisz,2
BORSOD–ABAÚJ–ZEMPLÉN,04,Kazincbarcika,Beregszász,8
BORSOD–ABAÚJ–ZEMPLÉN,05,Sátoraljaújhely,New York,5
BORSOD–ABAÚJ–ZEMPLÉN,05,Sátoraljaújhely,Washington,1
BORSOD–ABAÚJ–ZEMPLÉN,05,Sátoraljaújhely,Buenos Aires,1
BORSOD–ABAÚJ–ZEMPLÉN,05,Sátoraljaújhely,Melbourne,1
BORSOD–ABAÚJ–ZEMPLÉN,05,Sátoraljaújhely,Bécs,8
BORSOD–ABAÚJ–ZEMPLÉN,05,Sátoraljaújhely,Minszk,1
BORSOD–ABAÚJ–ZEMPLÉN,05,Sátoraljaújhely,Brüsszel,6
BORSOD–ABAÚJ–ZEMPLÉN,05,Sátoraljaújhely,Prága,2
BORSOD–ABAÚJ–ZEMPLÉN,05,Sátoraljaújhely,Koppenhága,2
BORSOD–ABAÚJ–ZEMPLÉN,05,Sátoraljaújhely,Pretoria,1
BORSOD–ABAÚJ–ZEMPLÉN,05,Sátoraljaújhely,Helsinki,2
BORSOD–ABAÚJ–ZEMPLÉN,05,Sátoraljaújhely,Párizs,2
BORSOD–ABAÚJ–ZEMPLÉN,05,Sátoraljaújhely,Manila,1
BORSOD–ABAÚJ–ZEMPLÉN,05,Sátoraljaújhely,Tbiliszi,1
BORSOD–ABAÚJ–ZEMPLÉN,05,Sátoraljaújhely,Hága,10
BORSOD–ABAÚJ–ZEMPLÉN,05,Sátoraljaújhely,Erbil,2
BORSOD–ABAÚJ–ZEMPLÉN,05,Sátoraljaújhely,Dublin,11
BORSOD–ABAÚJ–ZEMPLÉN,05,Sátoraljaújhely,Tel-Aviv,1
BORSOD–ABAÚJ–ZEMPLÉN,05,Sátoraljaújhely,Tokió,1
BORSOD–ABAÚJ–ZEMPLÉN,05,Sátoraljaújhely,Toronto,1
BORSOD–ABAÚJ–ZEMPLÉN,05,Sátoraljaújhely,Sanghaj,1
BORSOD–ABAÚJ–ZEMPLÉN,05,Sátoraljaújhely,Krakkó,1
BORSOD–ABAÚJ–ZEMPLÉN,05,Sátoraljaújhely,Mexikóváros,1
BORSOD–ABAÚJ–ZEMPLÉN,05,Sátoraljaújhely,Edinburgh,6
BORSOD–ABAÚJ–ZEMPLÉN,05,Sátoraljaújhely,London,66
BORSOD–ABAÚJ–ZEMPLÉN,05,Sátoraljaújhely,Manchester,10
BORSOD–ABAÚJ–ZEMPLÉN,05,Sátoraljaújhely,Berlin,9
BORSOD–ABAÚJ–ZEMPLÉN,05,Sátoraljaújhely,Düsseldorf,20
BORSOD–ABAÚJ–ZEMPLÉN,05,Sátoraljaújhely,München,21
BORSOD–ABAÚJ–ZEMPLÉN,05,Sátoraljaújhely,Stuttgart,18
BORSOD–ABAÚJ–ZEMPLÉN,05,Sátoraljaújhely,Osló,3
BORSOD–ABAÚJ–ZEMPLÉN,05,Sátoraljaújhely,Milánó,2
BORSOD–ABAÚJ–ZEMPLÉN,05,Sátoraljaújhely,Róma,2
BORSOD–ABAÚJ–ZEMPLÉN,05,Sátoraljaújhely,Csíkszereda,7
BORSOD–ABAÚJ–ZEMPLÉN,05,Sátoraljaújhely,Barcelona,1
BORSOD–ABAÚJ–ZEMPLÉN,05,Sátoraljaújhely,Madrid,2
BORSOD–ABAÚJ–ZEMPLÉN,05,Sátoraljaújhely,Bern,8
BORSOD–ABAÚJ–ZEMPLÉN,05,Sátoraljaújhely,Stockholm,6
BORSOD–ABAÚJ–ZEMPLÉN,05,Sátoraljaújhely,Belgrád,2
BORSOD–ABAÚJ–ZEMPLÉN,05,Sátoraljaújhely,Szingapúr,2
BORSOD–ABAÚJ–ZEMPLÉN,05,Sátoraljaújhely,Ljubljana,1
BORSOD–ABAÚJ–ZEMPLÉN,05,Sátoraljaújhely,Beregszász,17
BORSOD–ABAÚJ–ZEMPLÉN,05,Sátoraljaújhely,Ungvár,19
BORSOD–ABAÚJ–ZEMPLÉN,06,Tiszaújváros,Chicago,1
BORSOD–ABAÚJ–ZEMPLÉN,06,Tiszaújváros,Los Angeles,2
BORSOD–ABAÚJ–ZEMPLÉN,06,Tiszaújváros,New York,9
BORSOD–ABAÚJ–ZEMPLÉN,06,Tiszaújváros,Washington,4
BORSOD–ABAÚJ–ZEMPLÉN,06,Tiszaújváros,Sydney,1
BORSOD–ABAÚJ–ZEMPLÉN,06,Tiszaújváros,Bécs,13
BORSOD–ABAÚJ–ZEMPLÉN,06,Tiszaújváros,Baku,1
BORSOD–ABAÚJ–ZEMPLÉN,06,Tiszaújváros,Brüsszel,6
BORSOD–ABAÚJ–ZEMPLÉN,06,Tiszaújváros,Szarajevó,1
BORSOD–ABAÚJ–ZEMPLÉN,06,Tiszaújváros,Koppenhága,12
BORSOD–ABAÚJ–ZEMPLÉN,06,Tiszaújváros,Abu Dhabi,1
BORSOD–ABAÚJ–ZEMPLÉN,06,Tiszaújváros,Helsinki,4
BORSOD–ABAÚJ–ZEMPLÉN,06,Tiszaújváros,Párizs,9
BORSOD–ABAÚJ–ZEMPLÉN,06,Tiszaújváros,Hága,21
BORSOD–ABAÚJ–ZEMPLÉN,06,Tiszaújváros,Újdelhi,1
BORSOD–ABAÚJ–ZEMPLÉN,06,Tiszaújváros,Dublin,13
BORSOD–ABAÚJ–ZEMPLÉN,06,Tiszaújváros,Tokió,4
BORSOD–ABAÚJ–ZEMPLÉN,06,Tiszaújváros,Toronto,3
BORSOD–ABAÚJ–ZEMPLÉN,06,Tiszaújváros,Doha,1
BORSOD–ABAÚJ–ZEMPLÉN,06,Tiszaújváros,Nairobi,1
BORSOD–ABAÚJ–ZEMPLÉN,06,Tiszaújváros,Peking,1
BORSOD–ABAÚJ–ZEMPLÉN,06,Tiszaújváros,Szöul,2
BORSOD–ABAÚJ–ZEMPLÉN,06,Tiszaújváros,Pristina,2
BORSOD–ABAÚJ–ZEMPLÉN,06,Tiszaújváros,Krakkó,2
BORSOD–ABAÚJ–ZEMPLÉN,06,Tiszaújváros,Vilnius,1
BORSOD–ABAÚJ–ZEMPLÉN,06,Tiszaújváros,Mexikóváros,1
BORSOD–ABAÚJ–ZEMPLÉN,06,Tiszaújváros,Edinburgh,12
BORSOD–ABAÚJ–ZEMPLÉN,06,Tiszaújváros,London,85
BORSOD–ABAÚJ–ZEMPLÉN,06,Tiszaújváros,Manchester,14
BORSOD–ABAÚJ–ZEMPLÉN,06,Tiszaújváros,Berlin,14
BORSOD–ABAÚJ–ZEMPLÉN,06,Tiszaújváros,Düsseldorf,25
BORSOD–ABAÚJ–ZEMPLÉN,06,Tiszaújváros,München,50
BORSOD–ABAÚJ–ZEMPLÉN,06,Tiszaújváros,Stuttgart,25
BORSOD–ABAÚJ–ZEMPLÉN,06,Tiszaújváros,Osló,1
BORSOD–ABAÚJ–ZEMPLÉN,06,Tiszaújváros,Milánó,4
BORSOD–ABAÚJ–ZEMPLÉN,06,Tiszaújváros,Róma,3
BORSOD–ABAÚJ–ZEMPLÉN,06,Tiszaújváros,Lisszabon,6
BORSOD–ABAÚJ–ZEMPLÉN,06,Tiszaújváros,Csíkszereda,2
BORSOD–ABAÚJ–ZEMPLÉN,06,Tiszaújváros,Kolozsvár,1
BORSOD–ABAÚJ–ZEMPLÉN,06,Tiszaújváros,Barcelona,5
BORSOD–ABAÚJ–ZEMPLÉN,06,Tiszaújváros,Madrid,5
BORSOD–ABAÚJ–ZEMPLÉN,06,Tiszaújváros,Bern,16
BORSOD–ABAÚJ–ZEMPLÉN,06,Tiszaújváros,Stockholm,5
BORSOD–ABAÚJ–ZEMPLÉN,06,Tiszaújváros,Pozsony,1
BORSOD–ABAÚJ–ZEMPLÉN,06,Tiszaújváros,Isztambul,2
BORSOD–ABAÚJ–ZEMPLÉN,06,Tiszaújváros,Beregszász,15
BORSOD–ABAÚJ–ZEMPLÉN,06,Tiszaújváros,Ungvár,5
BORSOD–ABAÚJ–ZEMPLÉN,07,Mezőkövesd,Los Angeles,3
BORSOD–ABAÚJ–ZEMPLÉN,07,Mezőkövesd,New York,15
BORSOD–ABAÚJ–ZEMPLÉN,07,Mezőkövesd,Washington,1
BORSOD–ABAÚJ–ZEMPLÉN,07,Mezőkövesd,Buenos Aires,2
BORSOD–ABAÚJ–ZEMPLÉN,07,Mezőkövesd,Bécs,4
BORSOD–ABAÚJ–ZEMPLÉN,07,Mezőkövesd,Brüsszel,12
BORSOD–ABAÚJ–ZEMPLÉN,07,Mezőkövesd,Prága,2
BORSOD–ABAÚJ–ZEMPLÉN,07,Mezőkövesd,Koppenhága,7
BORSOD–ABAÚJ–ZEMPLÉN,07,Mezőkövesd,Abu Dhabi,2
BORSOD–ABAÚJ–ZEMPLÉN,07,Mezőkövesd,Helsinki,1
BORSOD–ABAÚJ–ZEMPLÉN,07,Mezőkövesd,Párizs,6
BORSOD–ABAÚJ–ZEMPLÉN,07,Mezőkövesd,Tbiliszi,1
BORSOD–ABAÚJ–ZEMPLÉN,07,Mezőkövesd,Hága,20
BORSOD–ABAÚJ–ZEMPLÉN,07,Mezőkövesd,Mumbai,1
BORSOD–ABAÚJ–ZEMPLÉN,07,Mezőkövesd,Dublin,9
BORSOD–ABAÚJ–ZEMPLÉN,07,Mezőkövesd,Amman,1
BORSOD–ABAÚJ–ZEMPLÉN,07,Mezőkövesd,Toronto,1
BORSOD–ABAÚJ–ZEMPLÉN,07,Mezőkövesd,Peking,1
BORSOD–ABAÚJ–ZEMPLÉN,07,Mezőkövesd,Krakkó,5
BORSOD–ABAÚJ–ZEMPLÉN,07,Mezőkövesd,Varsó,2
BORSOD–ABAÚJ–ZEMPLÉN,07,Mezőkövesd,Mexikóváros,1
BORSOD–ABAÚJ–ZEMPLÉN,07,Mezőkövesd,Edinburgh,12
BORSOD–ABAÚJ–ZEMPLÉN,07,Mezőkövesd,London,70
BORSOD–ABAÚJ–ZEMPLÉN,07,Mezőkövesd,Manchester,14
BORSOD–ABAÚJ–ZEMPLÉN,07,Mezőkövesd,Berlin,19
BORSOD–ABAÚJ–ZEMPLÉN,07,Mezőkövesd,Düsseldorf,8
BORSOD–ABAÚJ–ZEMPLÉN,07,Mezőkövesd,München,33
BORSOD–ABAÚJ–ZEMPLÉN,07,Mezőkövesd,Stuttgart,30
BORSOD–ABAÚJ–ZEMPLÉN,07,Mezőkövesd,Osló,2
BORSOD–ABAÚJ–ZEMPLÉN,07,Mezőkövesd,Milánó,4
BORSOD–ABAÚJ–ZEMPLÉN,07,Mezőkövesd,Róma,1
BORSOD–ABAÚJ–ZEMPLÉN,07,Mezőkövesd,Lisszabon,1
BORSOD–ABAÚJ–ZEMPLÉN,07,Mezőkövesd,Csíkszereda,2
BORSOD–ABAÚJ–ZEMPLÉN,07,Mezőkövesd,Kolozsvár,3
BORSOD–ABAÚJ–ZEMPLÉN,07,Mezőkövesd,Barcelona,1
BORSOD–ABAÚJ–ZEMPLÉN,07,Mezőkövesd,Madrid,1
BORSOD–ABAÚJ–ZEMPLÉN,07,Mezőkövesd,Bern,11
BORSOD–ABAÚJ–ZEMPLÉN,07,Mezőkövesd,Stockholm,2
BORSOD–ABAÚJ–ZEMPLÉN,07,Mezőkövesd,Belgrád,1
BORSOD–ABAÚJ–ZEMPLÉN,07,Mezőkövesd,Szabadka,1
BORSOD–ABAÚJ–ZEMPLÉN,07,Mezőkövesd,Pozsony,2
BORSOD–ABAÚJ–ZEMPLÉN,07,Mezőkövesd,Isztambul,1
BORSOD–ABAÚJ–ZEMPLÉN,07,Mezőkövesd,Tunisz,2
BORSOD–ABAÚJ–ZEMPLÉN,07,Mezőkövesd,Wellington,1
BORSOD–ABAÚJ–ZEMPLÉN,07,Mezőkövesd,Beregszász,12
BORSOD–ABAÚJ–ZEMPLÉN,07,Mezőkövesd,Ungvár,6
CSONGRÁD,01,Szeged,Chicago,1
CSONGRÁD,01,Szeged,Los Angeles,4
CSONGRÁD,01,Szeged,New York,19
CSONGRÁD,01,Szeged,San Francisco,7
CSONGRÁD,01,Szeged,Washington,1
CSONGRÁD,01,Szeged,Sydney,1
CSONGRÁD,01,Szeged,Bécs,19
CSONGRÁD,01,Szeged,Brüsszel,35
CSONGRÁD,01,Szeged,Szarajevó,1
CSONGRÁD,01,Szeged,Prága,9
CSONGRÁD,01,Szeged,Koppenhága,16
CSONGRÁD,01,Szeged,Pretoria,2
CSONGRÁD,01,Szeged,Abu Dhabi,3
CSONGRÁD,01,Szeged,Helsinki,7
CSONGRÁD,01,Szeged,Párizs,13
CSONGRÁD,01,Szeged,Hága,37
CSONGRÁD,01,Szeged,Eszék,1
CSONGRÁD,01,Szeged,Zágráb,3
CSONGRÁD,01,Szeged,Újdelhi,2
CSONGRÁD,01,Szeged,Dublin,40
CSONGRÁD,01,Szeged,Tel-Aviv,1
CSONGRÁD,01,Szeged,Tokió,3
CSONGRÁD,01,Szeged,Ottawa,1
CSONGRÁD,01,Szeged,Toronto,2
CSONGRÁD,01,Szeged,Kuvait,1
CSONGRÁD,01,Szeged,Krakkó,3
CSONGRÁD,01,Szeged,Riga,1
CSONGRÁD,01,Szeged,Tripoli,2
CSONGRÁD,01,Szeged,Vilnius,1
CSONGRÁD,01,Szeged,Kuala Lumpur,1
CSONGRÁD,01,Szeged,Edinburgh,20
CSONGRÁD,01,Szeged,London,198
CSONGRÁD,01,Szeged,Manchester,39
CSONGRÁD,01,Szeged,Berlin,15
CSONGRÁD,01,Szeged,Düsseldorf,16
CSONGRÁD,01,Szeged,München,67
CSONGRÁD,01,Szeged,Stuttgart,41
CSONGRÁD,01,Szeged,Osló,9
CSONGRÁD,01,Szeged,Milánó,10
CSONGRÁD,01,Szeged,Róma,11
CSONGRÁD,01,Szeged,Szentpétervár,1
CSONGRÁD,01,Szeged,Lisszabon,2
CSONGRÁD,01,Szeged,Csíkszereda,13
CSONGRÁD,01,Szeged,Kolozsvár,10
CSONGRÁD,01,Szeged,Barcelona,7
CSONGRÁD,01,Szeged,Madrid,8
CSONGRÁD,01,Szeged,Bern,23
CSONGRÁD,01,Szeged,Stockholm,9
CSONGRÁD,01,Szeged,Rijád,1
CSONGRÁD,01,Szeged,Belgrád,1
CSONGRÁD,01,Szeged,Szabadka,115
CSONGRÁD,01,Szeged,Szingapúr,2
CSONGRÁD,01,Szeged,Pozsony,1
CSONGRÁD,01,Szeged,Ljubljana,1
CSONGRÁD,01,Szeged,Bangkok,3
CSONGRÁD,01,Szeged,Isztambul,1
CSONGRÁD,01,Szeged,Beregszász,6
CSONGRÁD,01,Szeged,Kijev,2
CSONGRÁD,01,Szeged,Hanoi,4
CSONGRÁD,01,Szeged,Ho Chi Minh Város,1
CSONGRÁD,02,Szeged,Chicago,3
CSONGRÁD,02,Szeged,Los Angeles,2
CSONGRÁD,02,Szeged,New York,12
CSONGRÁD,02,Szeged,San Francisco,6
CSONGRÁD,02,Szeged,Washington,5
CSONGRÁD,02,Szeged,Melbourne,1
CSONGRÁD,02,Szeged,Sydney,4
CSONGRÁD,02,Szeged,Bécs,34
CSONGRÁD,02,Szeged,Brüsszel,20
CSONGRÁD,02,Szeged,Sao Paulo,1
CSONGRÁD,02,Szeged,Szófia,1
CSONGRÁD,02,Szeged,Prága,2
CSONGRÁD,02,Szeged,Koppenhága,23
CSONGRÁD,02,Szeged,Pretoria,1
CSONGRÁD,02,Szeged,Abu Dhabi,3
CSONGRÁD,02,Szeged,Helsinki,6
CSONGRÁD,02,Szeged,Párizs,17
CSONGRÁD,02,Szeged,Manila,1
CSONGRÁD,02,Szeged,Hága,40
CSONGRÁD,02,Szeged,Zágráb,1
CSONGRÁD,02,Szeged,Dublin,21
CSONGRÁD,02,Szeged,Tel-Aviv,3
CSONGRÁD,02,Szeged,Tokió,4
CSONGRÁD,02,Szeged,Ottawa,4
CSONGRÁD,02,Szeged,Toronto,7
CSONGRÁD,02,Szeged,Asztana,1
CSONGRÁD,02,Szeged,Sanghaj,3
CSONGRÁD,02,Szeged,Bogota,1
CSONGRÁD,02,Szeged,Szöul,2
CSONGRÁD,02,Szeged,Kuvait,1
CSONGRÁD,02,Szeged,Krakkó,3
CSONGRÁD,02,Szeged,Varsó,3
CSONGRÁD,02,Szeged,Bejrút,1
CSONGRÁD,02,Szeged,Vilnius,1
CSONGRÁD,02,Szeged,Szkopje,2
CSONGRÁD,02,Szeged,Edinburgh,11
CSONGRÁD,02,Szeged,London,163
CSONGRÁD,02,Szeged,Manchester,32
CSONGRÁD,02,Szeged,Berlin,28
CSONGRÁD,02,Szeged,Düsseldorf,29
CSONGRÁD,02,Szeged,München,62
CSONGRÁD,02,Szeged,Stuttgart,53
CSONGRÁD,02,Szeged,Osló,6
CSONGRÁD,02,Szeged,Milánó,6
CSONGRÁD,02,Szeged,Róma,7
CSONGRÁD,02,Szeged,Moszkva,1
CSONGRÁD,02,Szeged,Lisszabon,2
CSONGRÁD,02,Szeged,Bukarest,1
CSONGRÁD,02,Szeged,Csíkszereda,19
CSONGRÁD,02,Szeged,Kolozsvár,2
CSONGRÁD,02,Szeged,Barcelona,8
CSONGRÁD,02,Szeged,Madrid,10
CSONGRÁD,02,Szeged,Bern,23
CSONGRÁD,02,Szeged,Stockholm,17
CSONGRÁD,02,Szeged,Belgrád,1
CSONGRÁD,02,Szeged,Szabadka,111
CSONGRÁD,02,Szeged,Szingapúr,1
CSONGRÁD,02,Szeged,Ljubljana,3
CSONGRÁD,02,Szeged,Ankara,1
CSONGRÁD,02,Szeged,Isztambul,5
CSONGRÁD,02,Szeged,Beregszász,5
CSONGRÁD,02,Szeged,Kijev,1
CSONGRÁD,02,Szeged,Ungvár,1
CSONGRÁD,02,Szeged,Hanoi,1
CSONGRÁD,02,Szeged,Ho Chi Minh Város,1
CSONGRÁD,03,Szentes,Chicago,2
CSONGRÁD,03,Szentes,New York,7
CSONGRÁD,03,Szentes,Bécs,12
CSONGRÁD,03,Szentes,Brüsszel,7
CSONGRÁD,03,Szentes,Szarajevó,14
CSONGRÁD,03,Szentes,Koppenhága,6
CSONGRÁD,03,Szentes,Pretoria,2
CSONGRÁD,03,Szentes,Abu Dhabi,1
CSONGRÁD,03,Szentes,Helsinki,7
CSONGRÁD,03,Szentes,Párizs,4
CSONGRÁD,03,Szentes,Hága,26
CSONGRÁD,03,Szentes,Dublin,20
CSONGRÁD,03,Szentes,Tokió,1
CSONGRÁD,03,Szentes,Toronto,3
CSONGRÁD,03,Szentes,Kuvait,1
CSONGRÁD,03,Szentes,Krakkó,2
CSONGRÁD,03,Szentes,Varsó,1
CSONGRÁD,03,Szentes,Edinburgh,19
CSONGRÁD,03,Szentes,London,99
CSONGRÁD,03,Szentes,Manchester,24
CSONGRÁD,03,Szentes,Berlin,13
CSONGRÁD,03,Szentes,Düsseldorf,15
CSONGRÁD,03,Szentes,München,45
CSONGRÁD,03,Szentes,Stuttgart,34
CSONGRÁD,03,Szentes,Osló,4
CSONGRÁD,03,Szentes,Milánó,4
CSONGRÁD,03,Szentes,Róma,3
CSONGRÁD,03,Szentes,Moszkva,1
CSONGRÁD,03,Szentes,Lisszabon,2
CSONGRÁD,03,Szentes,Csíkszereda,11
CSONGRÁD,03,Szentes,Barcelona,3
CSONGRÁD,03,Szentes,Madrid,4
CSONGRÁD,03,Szentes,Bern,11
CSONGRÁD,03,Szentes,Stockholm,3
CSONGRÁD,03,Szentes,Szabadka,9
CSONGRÁD,03,Szentes,Szingapúr,1
CSONGRÁD,03,Szentes,Lendva,1
CSONGRÁD,03,Szentes,Bangkok,1
CSONGRÁD,03,Szentes,Wellington,1
CSONGRÁD,03,Szentes,Beregszász,6
CSONGRÁD,03,Szentes,Hanoi,1
CSONGRÁD,04,Hódmezővásárhely,Los Angeles,2
CSONGRÁD,04,Hódmezővásárhely,New York,1
CSONGRÁD,04,Hódmezővásárhely,San Francisco,3
CSONGRÁD,04,Hódmezővásárhely,Sydney,1
CSONGRÁD,04,Hódmezővásárhely,Bécs,23
CSONGRÁD,04,Hódmezővásárhely,Brüsszel,7
CSONGRÁD,04,Hódmezővásárhely,Szarajevó,4
CSONGRÁD,04,Hódmezővásárhely,Szófia,1
CSONGRÁD,04,Hódmezővásárhely,Prága,5
CSONGRÁD,04,Hódmezővásárhely,Koppenhága,8
CSONGRÁD,04,Hódmezővásárhely,Helsinki,4
CSONGRÁD,04,Hódmezővásárhely,Párizs,9
CSONGRÁD,04,Hódmezővásárhely,Athén,1
CSONGRÁD,04,Hódmezővásárhely,Hága,13
CSONGRÁD,04,Hódmezővásárhely,Zágráb,3
CSONGRÁD,04,Hódmezővásárhely,Mumbai,1
CSONGRÁD,04,Hódmezővásárhely,Dublin,11
CSONGRÁD,04,Hódmezővásárhely,Tel-Aviv,2
CSONGRÁD,04,Hódmezővásárhely,Tokió,2
CSONGRÁD,04,Hódmezővásárhely,Toronto,1
CSONGRÁD,04,Hódmezővásárhely,Doha,1
CSONGRÁD,04,Hódmezővásárhely,Peking,1
CSONGRÁD,04,Hódmezővásárhely,Krakkó,2
CSONGRÁD,04,Hódmezővásárhely,Varsó,1
CSONGRÁD,04,Hódmezővásárhely,Mexikóváros,1
CSONGRÁD,04,Hódmezővásárhely,Podgorica,2
CSONGRÁD,04,Hódmezővásárhely,Edinburgh,7
CSONGRÁD,04,Hódmezővásárhely,London,107
CSONGRÁD,04,Hódmezővásárhely,Manchester,25
CSONGRÁD,04,Hódmezővásárhely,Berlin,12
CSONGRÁD,04,Hódmezővásárhely,Düsseldorf,10
CSONGRÁD,04,Hódmezővásárhely,München,35
CSONGRÁD,04,Hódmezővásárhely,Stuttgart,26
CSONGRÁD,04,Hódmezővásárhely,Osló,2
CSONGRÁD,04,Hódmezővásárhely,Milánó,1
CSONGRÁD,04,Hódmezővásárhely,Róma,4
CSONGRÁD,04,Hódmezővásárhely,Moszkva,1
CSONGRÁD,04,Hódmezővásárhely,Csíkszereda,10
CSONGRÁD,04,Hódmezővásárhely,Kolozsvár,2
CSONGRÁD,04,Hódmezővásárhely,Barcelona,11
CSONGRÁD,04,Hódmezővásárhely,Madrid,5
CSONGRÁD,04,Hódmezővásárhely,Bern,26
CSONGRÁD,04,Hódmezővásárhely,Stockholm,3
CSONGRÁD,04,Hódmezővásárhely,Szabadka,12
CSONGRÁD,04,Hódmezővásárhely,Szingapúr,1
CSONGRÁD,04,Hódmezővásárhely,Pozsony,1
CSONGRÁD,04,Hódmezővásárhely,Bangkok,1
CSONGRÁD,04,Hódmezővásárhely,Ankara,2
CSONGRÁD,04,Hódmezővásárhely,Isztambul,2
CSONGRÁD,04,Hódmezővásárhely,Beregszász,3
CSONGRÁD,04,Hódmezővásárhely,Ungvár,5
FEJÉR,01,Székesfehérvár,Chicago,3
FEJÉR,01,Székesfehérvár,Los Angeles,5
FEJÉR,01,Székesfehérvár,New York,8
FEJÉR,01,Székesfehérvár,San Francisco,1
FEJÉR,01,Székesfehérvár,Washington,2
FEJÉR,01,Székesfehérvár,Canberra,1
FEJÉR,01,Székesfehérvár,Melbourne,2
FEJÉR,01,Székesfehérvár,Sydney,2
FEJÉR,01,Székesfehérvár,Bécs,26
FEJÉR,01,Székesfehérvár,Brüsszel,29
FEJÉR,01,Székesfehérvár,Szarajevó,17
FEJÉR,01,Székesfehérvár,Prága,7
FEJÉR,01,Székesfehérvár,Koppenhága,10
FEJÉR,01,Székesfehérvár,Pretoria,1
FEJÉR,01,Székesfehérvár,Abu Dhabi,4
FEJÉR,01,Székesfehérvár,Helsinki,7
FEJÉR,01,Székesfehérvár,Párizs,18
FEJÉR,01,Székesfehérvár,Athén,3
FEJÉR,01,Székesfehérvár,Hága,23
FEJÉR,01,Székesfehérvár,Zágráb,3
FEJÉR,01,Székesfehérvár,Újdelhi,1
FEJÉR,01,Székesfehérvár,Erbil,1
FEJÉR,01,Székesfehérvár,Dublin,11
FEJÉR,01,Székesfehérvár,Tel-Aviv,1
FEJÉR,01,Székesfehérvár,Tokió,5
FEJÉR,01,Székesfehérvár,Amman,1
FEJÉR,01,Székesfehérvár,Ottawa,1
FEJÉR,01,Székesfehérvár,Toronto,1
FEJÉR,01,Székesfehérvár,Doha,1
FEJÉR,01,Székesfehérvár,Csungking,1
FEJÉR,01,Székesfehérvár,Peking,2
FEJÉR,01,Székesfehérvár,Szöul,2
FEJÉR,01,Székesfehérvár,Pristina,3
FEJÉR,01,Székesfehérvár,Krakkó,9
FEJÉR,01,Székesfehérvár,Varsó,6
FEJÉR,01,Székesfehérvár,Riga,3
FEJÉR,01,Székesfehérvár,Rabat,2
FEJÉR,01,Székesfehérvár,Edinburgh,7
FEJÉR,01,Székesfehérvár,London,114
FEJÉR,01,Székesfehérvár,Manchester,11
FEJÉR,01,Székesfehérvár,Berlin,24
FEJÉR,01,Székesfehérvár,Düsseldorf,9
FEJÉR,01,Székesfehérvár,München,46
FEJÉR,01,Székesfehérvár,Stuttgart,21
FEJÉR,01,Székesfehérvár,Abuja,1
FEJÉR,01,Székesfehérvár,Osló,1
FEJÉR,01,Székesfehérvár,Milánó,8
FEJÉR,01,Székesfehérvár,Róma,10
FEJÉR,01,Székesfehérvár,Kazány,1
FEJÉR,01,Székesfehérvár,Szentpétervár,1
FEJÉR,01,Székesfehérvár,Lima,3
FEJÉR,01,Székesfehérvár,Lisszabon,3
FEJÉR,01,Székesfehérvár,Bukarest,2
FEJÉR,01,Székesfehérvár,Csíkszereda,16
FEJÉR,01,Székesfehérvár,Kolozsvár,2
FEJÉR,01,Székesfehérvár,Barcelona,7
FEJÉR,01,Székesfehérvár,Madrid,6
FEJÉR,01,Székesfehérvár,Bern,35
FEJÉR,01,Székesfehérvár,Stockholm,19
FEJÉR,01,Székesfehérvár,Rijád,1
FEJÉR,01,Székesfehérvár,Szabadka,5
FEJÉR,01,Székesfehérvár,Ljubljana,1
FEJÉR,01,Székesfehérvár,Bangkok,1
FEJÉR,01,Székesfehérvár,Ankara,1
FEJÉR,01,Székesfehérvár,Isztambul,3
FEJÉR,01,Székesfehérvár,Tunisz,1
FEJÉR,01,Székesfehérvár,Wellington,1
FEJÉR,01,Székesfehérvár,Beregszász,5
FEJÉR,01,Székesfehérvár,Ungvár,2
FEJÉR,01,Székesfehérvár,Taskent,2
FEJÉR,01,Székesfehérvár,Hanoi,2
FEJÉR,01,Székesfehérvár,Ho Chi Minh Város,1
FEJÉR,02,Székesfehérvár,Chicago,1
FEJÉR,02,Székesfehérvár,Los Angeles,1
FEJÉR,02,Székesfehérvár,New York,6
FEJÉR,02,Székesfehérvár,Washington,3
FEJÉR,02,Székesfehérvár,Melbourne,1
FEJÉR,02,Székesfehérvár,Sydney,1
FEJÉR,02,Székesfehérvár,Bécs,13
FEJÉR,02,Székesfehérvár,Brüsszel,11
FEJÉR,02,Székesfehérvár,Szarajevó,6
FEJÉR,02,Székesfehérvár,Prága,5
FEJÉR,02,Székesfehérvár,Koppenhága,8
FEJÉR,02,Székesfehérvár,Pretoria,1
FEJÉR,02,Székesfehérvár,Helsinki,6
FEJÉR,02,Székesfehérvár,Párizs,5
FEJÉR,02,Székesfehérvár,Hága,19
FEJÉR,02,Székesfehérvár,Dublin,7
FEJÉR,02,Székesfehérvár,Tel-Aviv,1
FEJÉR,02,Székesfehérvár,Tokió,2
FEJÉR,02,Székesfehérvár,Ottawa,1
FEJÉR,02,Székesfehérvár,Toronto,1
FEJÉR,02,Székesfehérvár,Doha,1
FEJÉR,02,Székesfehérvár,Csungking,1
FEJÉR,02,Székesfehérvár,Peking,1
FEJÉR,02,Székesfehérvár,Pristina,2
FEJÉR,02,Székesfehérvár,Krakkó,3
FEJÉR,02,Székesfehérvár,Varsó,2
FEJÉR,02,Székesfehérvár,Bejrút,1
FEJÉR,02,Székesfehérvár,Edinburgh,3
FEJÉR,02,Székesfehérvár,London,55
FEJÉR,02,Székesfehérvár,Manchester,10
FEJÉR,02,Székesfehérvár,Berlin,12
FEJÉR,02,Székesfehérvár,Düsseldorf,8
FEJÉR,02,Székesfehérvár,München,68
FEJÉR,02,Székesfehérvár,Stuttgart,20
FEJÉR,02,Székesfehérvár,Milánó,2
FEJÉR,02,Székesfehérvár,Róma,4
FEJÉR,02,Székesfehérvár,Lisszabon,2
FEJÉR,02,Székesfehérvár,Bukarest,1
FEJÉR,02,Székesfehérvár,Csíkszereda,12
FEJÉR,02,Székesfehérvár,Kolozsvár,3
FEJÉR,02,Székesfehérvár,Barcelona,3
FEJÉR,02,Székesfehérvár,Madrid,5
FEJÉR,02,Székesfehérvár,Bern,28
FEJÉR,02,Székesfehérvár,Stockholm,7
FEJÉR,02,Székesfehérvár,Szabadka,1
FEJÉR,02,Székesfehérvár,Szingapúr,1
FEJÉR,02,Székesfehérvár,Ljubljana,3
FEJÉR,02,Székesfehérvár,Beregszász,1
FEJÉR,02,Székesfehérvár,Ungvár,1
FEJÉR,03,Bicske,Chicago,2
FEJÉR,03,Bicske,Los Angeles,1
FEJÉR,03,Bicske,New York,9
FEJÉR,03,Bicske,San Francisco,3
FEJÉR,03,Bicske,Washington,3
FEJÉR,03,Bicske,Sydney,3
FEJÉR,03,Bicske,Bécs,14
FEJÉR,03,Bicske,Brüsszel,21
FEJÉR,03,Bicske,Szarajevó,6
FEJÉR,03,Bicske,Brazíliaváros,1
FEJÉR,03,Bicske,Szófia,1
FEJÉR,03,Bicske,Prága,7
FEJÉR,03,Bicske,Koppenhága,12
FEJÉR,03,Bicske,Abu Dhabi,2
FEJÉR,03,Bicske,Helsinki,2
FEJÉR,03,Bicske,Párizs,8
FEJÉR,03,Bicske,Athén,3
FEJÉR,03,Bicske,Hága,22
FEJÉR,03,Bicske,Zágráb,2
FEJÉR,03,Bicske,Jakarta,1
FEJÉR,03,Bicske,Dublin,5
FEJÉR,03,Bicske,Tokió,4
FEJÉR,03,Bicske,Amman,1
FEJÉR,03,Bicske,Ottawa,1
FEJÉR,03,Bicske,Toronto,6
FEJÉR,03,Bicske,Hongkong,1
FEJÉR,03,Bicske,Peking,3
FEJÉR,03,Bicske,Szöul,1
FEJÉR,03,Bicske,Pristina,2
FEJÉR,03,Bicske,Krakkó,6
FEJÉR,03,Bicske,Varsó,5
FEJÉR,03,Bicske,Riga,1
FEJÉR,03,Bicske,Bejrút,1
FEJÉR,03,Bicske,Kuala Lumpur,1
FEJÉR,03,Bicske,Edinburgh,8
FEJÉR,03,Bicske,London,72
FEJÉR,03,Bicske,Manchester,8
FEJÉR,03,Bicske,Berlin,25
FEJÉR,03,Bicske,Düsseldorf,6
FEJÉR,03,Bicske,München,67
FEJÉR,03,Bicske,Stuttgart,35
FEJÉR,03,Bicske,Osló,3
FEJÉR,03,Bicske,Milánó,3
FEJÉR,03,Bicske,Róma,9
FEJÉR,03,Bicske,Lisszabon,4
FEJÉR,03,Bicske,Bukarest,1
FEJÉR,03,Bicske,Csíkszereda,28
FEJÉR,03,Bicske,Kolozsvár,5
FEJÉR,03,Bicske,Barcelona,3
FEJÉR,03,Bicske,Bern,22
FEJÉR,03,Bicske,Stockholm,10
FEJÉR,03,Bicske,Belgrád,2
FEJÉR,03,Bicske,Szabadka,2
FEJÉR,03,Bicske,Kassa,1
FEJÉR,03,Bicske,Isztambul,2
FEJÉR,03,Bicske,Wellington,2
FEJÉR,03,Bicske,Beregszász,6
FEJÉR,03,Bicske,Kijev,1
FEJÉR,03,Bicske,Ungvár,4
FEJÉR,04,Dunaújváros,Chicago,2
FEJÉR,04,Dunaújváros,Los Angeles,1
FEJÉR,04,Dunaújváros,New York,7
FEJÉR,04,Dunaújváros,Washington,3
FEJÉR,04,Dunaújváros,Melbourne,1
FEJÉR,04,Dunaújváros,Sydney,1
FEJÉR,04,Dunaújváros,Bécs,21
FEJÉR,04,Dunaújváros,Brüsszel,11
FEJÉR,04,Dunaújváros,Szarajevó,1
FEJÉR,04,Dunaújváros,Szófia,1
FEJÉR,04,Dunaújváros,Prága,9
FEJÉR,04,Dunaújváros,Koppenhága,9
FEJÉR,04,Dunaújváros,Helsinki,3
FEJÉR,04,Dunaújváros,Párizs,6
FEJÉR,04,Dunaújváros,Hága,19
FEJÉR,04,Dunaújváros,Újdelhi,2
FEJÉR,04,Dunaújváros,Dublin,8
FEJÉR,04,Dunaújváros,Ottawa,1
FEJÉR,04,Dunaújváros,Toronto,1
FEJÉR,04,Dunaújváros,Doha,1
FEJÉR,04,Dunaújváros,Peking,1
FEJÉR,04,Dunaújváros,Pristina,1
FEJÉR,04,Dunaújváros,Kuvait,1
FEJÉR,04,Dunaújváros,Krakkó,1
FEJÉR,04,Dunaújváros,Varsó,3
FEJÉR,04,Dunaújváros,Szkopje,2
FEJÉR,04,Dunaújváros,Edinburgh,8
FEJÉR,04,Dunaújváros,London,92
FEJÉR,04,Dunaújváros,Manchester,19
FEJÉR,04,Dunaújváros,Berlin,11
FEJÉR,04,Dunaújváros,Düsseldorf,11
FEJÉR,04,Dunaújváros,München,46
FEJÉR,04,Dunaújváros,Stuttgart,49
FEJÉR,04,Dunaújváros,Osló,5
FEJÉR,04,Dunaújváros,Bukarest,1
FEJÉR,04,Dunaújváros,Csíkszereda,4
FEJÉR,04,Dunaújváros,Kolozsvár,2
FEJÉR,04,Dunaújváros,Barcelona,3
FEJÉR,04,Dunaújváros,Madrid,2
FEJÉR,04,Dunaújváros,Bern,17
FEJÉR,04,Dunaújváros,Stockholm,1
FEJÉR,04,Dunaújváros,Szabadka,2
FEJÉR,04,Dunaújváros,Szingapúr,1
FEJÉR,04,Dunaújváros,Ljubljana,1
FEJÉR,04,Dunaújváros,Bangkok,1
FEJÉR,04,Dunaújváros,Beregszász,11
FEJÉR,04,Dunaújváros,Kijev,1
FEJÉR,04,Dunaújváros,Ho Chi Minh Város,2
FEJÉR,05,Sárbogárd,Chicago,1
FEJÉR,05,Sárbogárd,New York,2
FEJÉR,05,Sárbogárd,San Francisco,1
FEJÉR,05,Sárbogárd,Melbourne,1
FEJÉR,05,Sárbogárd,Bécs,7
FEJÉR,05,Sárbogárd,Brüsszel,6
FEJÉR,05,Sárbogárd,Szarajevó,3
FEJÉR,05,Sárbogárd,Prága,2
FEJÉR,05,Sárbogárd,Koppenhága,5
FEJÉR,05,Sárbogárd,Hága,12
FEJÉR,05,Sárbogárd,Dublin,7
FEJÉR,05,Sárbogárd,Toronto,4
FEJÉR,05,Sárbogárd,Csungking,1
FEJÉR,05,Sárbogárd,Pristina,6
FEJÉR,05,Sárbogárd,Edinburgh,6
FEJÉR,05,Sárbogárd,London,48
FEJÉR,05,Sárbogárd,Manchester,7
FEJÉR,05,Sárbogárd,Berlin,7
FEJÉR,05,Sárbogárd,Düsseldorf,12
FEJÉR,05,Sárbogárd,München,23
FEJÉR,05,Sárbogárd,Stuttgart,24
FEJÉR,05,Sárbogárd,Osló,1
FEJÉR,05,Sárbogárd,Milánó,1
FEJÉR,05,Sárbogárd,Róma,1
FEJÉR,05,Sárbogárd,Lima,1
FEJÉR,05,Sárbogárd,Lisszabon,1
FEJÉR,05,Sárbogárd,Csíkszereda,1
FEJÉR,05,Sárbogárd,Barcelona,5
FEJÉR,05,Sárbogárd,Bern,7
FEJÉR,05,Sárbogárd,Stockholm,4
FEJÉR,05,Sárbogárd,Szabadka,2
FEJÉR,05,Sárbogárd,Bangkok,1
FEJÉR,05,Sárbogárd,Beregszász,11
GYŐR–MOSON–SOPRON,01,Győr,Chicago,4
GYŐR–MOSON–SOPRON,01,Győr,Los Angeles,1
GYŐR–MOSON–SOPRON,01,Győr,New York,4
GYŐR–MOSON–SOPRON,01,Győr,Canberra,1
GYŐR–MOSON–SOPRON,01,Győr,Sydney,2
GYŐR–MOSON–SOPRON,01,Győr,Bécs,33
GYŐR–MOSON–SOPRON,01,Győr,Brüsszel,11
GYŐR–MOSON–SOPRON,01,Győr,Szarajevó,4
GYŐR–MOSON–SOPRON,01,Győr,Sao Paulo,1
GYŐR–MOSON–SOPRON,01,Győr,Prága,8
GYŐR–MOSON–SOPRON,01,Győr,Koppenhága,13
GYŐR–MOSON–SOPRON,01,Győr,Pretoria,2
GYŐR–MOSON–SOPRON,01,Győr,Abu Dhabi,2
GYŐR–MOSON–SOPRON,01,Győr,Helsinki,2
GYŐR–MOSON–SOPRON,01,Győr,Párizs,8
GYŐR–MOSON–SOPRON,01,Győr,Hága,17
GYŐR–MOSON–SOPRON,01,Győr,Zágráb,2
GYŐR–MOSON–SOPRON,01,Győr,Újdelhi,1
GYŐR–MOSON–SOPRON,01,Győr,Dublin,6
GYŐR–MOSON–SOPRON,01,Győr,Tel-Aviv,1
GYŐR–MOSON–SOPRON,01,Győr,Tokió,1
GYŐR–MOSON–SOPRON,01,Győr,Ottawa,1
GYŐR–MOSON–SOPRON,01,Győr,Toronto,4
GYŐR–MOSON–SOPRON,01,Győr,Doha,3
GYŐR–MOSON–SOPRON,01,Győr,Hongkong,3
GYŐR–MOSON–SOPRON,01,Győr,Peking,3
GYŐR–MOSON–SOPRON,01,Győr,Sanghaj,1
GYŐR–MOSON–SOPRON,01,Győr,Szöul,2
GYŐR–MOSON–SOPRON,01,Győr,Krakkó,4
GYŐR–MOSON–SOPRON,01,Győr,Varsó,2
GYŐR–MOSON–SOPRON,01,Győr,Vilnius,1
GYŐR–MOSON–SOPRON,01,Győr,Szkopje,2
GYŐR–MOSON–SOPRON,01,Győr,Mexikóváros,1
GYŐR–MOSON–SOPRON,01,Győr,Edinburgh,13
GYŐR–MOSON–SOPRON,01,Győr,London,85
GYŐR–MOSON–SOPRON,01,Győr,Manchester,11
GYŐR–MOSON–SOPRON,01,Győr,Berlin,15
GYŐR–MOSON–SOPRON,01,Győr,Düsseldorf,11
GYŐR–MOSON–SOPRON,01,Győr,München,56
GYŐR–MOSON–SOPRON,01,Győr,Stuttgart,35
GYŐR–MOSON–SOPRON,01,Győr,Osló,3
GYŐR–MOSON–SOPRON,01,Győr,Milánó,6
GYŐR–MOSON–SOPRON,01,Győr,Róma,15
GYŐR–MOSON–SOPRON,01,Győr,Moszkva,4
GYŐR–MOSON–SOPRON,01,Győr,Szentpétervár,4
GYŐR–MOSON–SOPRON,01,Győr,Iszlámábád,2
GYŐR–MOSON–SOPRON,01,Győr,Lima,1
GYŐR–MOSON–SOPRON,01,Győr,Lisszabon,10
GYŐR–MOSON–SOPRON,01,Győr,Bukarest,1
GYŐR–MOSON–SOPRON,01,Győr,Csíkszereda,7
GYŐR–MOSON–SOPRON,01,Győr,Kolozsvár,1
GYŐR–MOSON–SOPRON,01,Győr,Barcelona,7
GYŐR–MOSON–SOPRON,01,Győr,Madrid,3
GYŐR–MOSON–SOPRON,01,Győr,Bern,21
GYŐR–MOSON–SOPRON,01,Győr,Stockholm,8
GYŐR–MOSON–SOPRON,01,Győr,Pozsony,1
GYŐR–MOSON–SOPRON,01,Győr,Ankara,1
GYŐR–MOSON–SOPRON,01,Győr,Isztambul,1
GYŐR–MOSON–SOPRON,01,Győr,Wellington,1
GYŐR–MOSON–SOPRON,01,Győr,Beregszász,8
GYŐR–MOSON–SOPRON,01,Győr,Kijev,1
GYŐR–MOSON–SOPRON,01,Győr,Ungvár,1
GYŐR–MOSON–SOPRON,01,Győr,Hanoi,1
GYŐR–MOSON–SOPRON,01,Győr,Ho Chi Minh Város,2
GYŐR–MOSON–SOPRON,02,Győr,Algír,1
GYŐR–MOSON–SOPRON,02,Győr,Chicago,1
GYŐR–MOSON–SOPRON,02,Győr,Los Angeles,2
GYŐR–MOSON–SOPRON,02,Győr,New York,3
GYŐR–MOSON–SOPRON,02,Győr,San Francisco,1
GYŐR–MOSON–SOPRON,02,Győr,Washington,3
GYŐR–MOSON–SOPRON,02,Győr,Melbourne,2
GYŐR–MOSON–SOPRON,02,Győr,Sydney,1
GYŐR–MOSON–SOPRON,02,Győr,Bécs,18
GYŐR–MOSON–SOPRON,02,Győr,Baku,1
GYŐR–MOSON–SOPRON,02,Győr,Brüsszel,16
GYŐR–MOSON–SOPRON,02,Győr,Szarajevó,3
GYŐR–MOSON–SOPRON,02,Győr,Sao Paulo,1
GYŐR–MOSON–SOPRON,02,Győr,Szófia,1
GYŐR–MOSON–SOPRON,02,Győr,Prága,3
GYŐR–MOSON–SOPRON,02,Győr,Koppenhága,11
GYŐR–MOSON–SOPRON,02,Győr,Abu Dhabi,3
GYŐR–MOSON–SOPRON,02,Győr,Helsinki,3
GYŐR–MOSON–SOPRON,02,Győr,Párizs,12
GYŐR–MOSON–SOPRON,02,Győr,Athén,2
GYŐR–MOSON–SOPRON,02,Győr,Hága,17
GYŐR–MOSON–SOPRON,02,Győr,Zágráb,1
GYŐR–MOSON–SOPRON,02,Győr,Mumbai,1
GYŐR–MOSON–SOPRON,02,Győr,Újdelhi,1
GYŐR–MOSON–SOPRON,02,Győr,Dublin,4
GYŐR–MOSON–SOPRON,02,Győr,Tel-Aviv,1
GYŐR–MOSON–SOPRON,02,Győr,Tokió,1
GYŐR–MOSON–SOPRON,02,Győr,Ottawa,2
GYŐR–MOSON–SOPRON,02,Győr,Toronto,4
GYŐR–MOSON–SOPRON,02,Győr,Doha,1
GYŐR–MOSON–SOPRON,02,Győr,Krakkó,3
GYŐR–MOSON–SOPRON,02,Győr,Varsó,1
GYŐR–MOSON–SOPRON,02,Győr,Kuala Lumpur,1
GYŐR–MOSON–SOPRON,02,Győr,Mexikóváros,1
GYŐR–MOSON–SOPRON,02,Győr,Edinburgh,6
GYŐR–MOSON–SOPRON,02,Győr,London,53
GYŐR–MOSON–SOPRON,02,Győr,Manchester,8
GYŐR–MOSON–SOPRON,02,Győr,Berlin,15
GYŐR–MOSON–SOPRON,02,Győr,Düsseldorf,12
GYŐR–MOSON–SOPRON,02,Győr,München,48
GYŐR–MOSON–SOPRON,02,Győr,Stuttgart,27
GYŐR–MOSON–SOPRON,02,Győr,Osló,4
GYŐR–MOSON–SOPRON,02,Győr,Milánó,9
GYŐR–MOSON–SOPRON,02,Győr,Róma,8
GYŐR–MOSON–SOPRON,02,Győr,Szentpétervár,2
GYŐR–MOSON–SOPRON,02,Győr,Lisszabon,3
GYŐR–MOSON–SOPRON,02,Győr,Csíkszereda,6
GYŐR–MOSON–SOPRON,02,Győr,Kolozsvár,4
GYŐR–MOSON–SOPRON,02,Győr,Barcelona,4
GYŐR–MOSON–SOPRON,02,Győr,Bern,28
GYŐR–MOSON–SOPRON,02,Győr,Stockholm,8
GYŐR–MOSON–SOPRON,02,Győr,Szabadka,5
GYŐR–MOSON–SOPRON,02,Győr,Szingapúr,1
GYŐR–MOSON–SOPRON,02,Győr,Pozsony,1
GYŐR–MOSON–SOPRON,02,Győr,Bangkok,1
GYŐR–MOSON–SOPRON,02,Győr,Beregszász,1
GYŐR–MOSON–SOPRON,02,Győr,Ungvár,2
GYŐR–MOSON–SOPRON,03,Csorna,Los Angeles,1
GYŐR–MOSON–SOPRON,03,Csorna,New York,4
GYŐR–MOSON–SOPRON,03,Csorna,San Francisco,3
GYŐR–MOSON–SOPRON,03,Csorna,Melbourne,1
GYŐR–MOSON–SOPRON,03,Csorna,Bécs,12
GYŐR–MOSON–SOPRON,03,Csorna,Brüsszel,3
GYŐR–MOSON–SOPRON,03,Csorna,Szarajevó,1
GYŐR–MOSON–SOPRON,03,Csorna,Szófia,1
GYŐR–MOSON–SOPRON,03,Csorna,Prága,3
GYŐR–MOSON–SOPRON,03,Csorna,Koppenhága,2
GYŐR–MOSON–SOPRON,03,Csorna,Abu Dhabi,1
GYŐR–MOSON–SOPRON,03,Csorna,Helsinki,1
GYŐR–MOSON–SOPRON,03,Csorna,Párizs,2
GYŐR–MOSON–SOPRON,03,Csorna,Hága,9
GYŐR–MOSON–SOPRON,03,Csorna,Eszék,1
GYŐR–MOSON–SOPRON,03,Csorna,Dublin,7
GYŐR–MOSON–SOPRON,03,Csorna,Tokió,1
GYŐR–MOSON–SOPRON,03,Csorna,Pristina,1
GYŐR–MOSON–SOPRON,03,Csorna,Krakkó,1
GYŐR–MOSON–SOPRON,03,Csorna,Vilnius,1
GYŐR–MOSON–SOPRON,03,Csorna,Edinburgh,2
GYŐR–MOSON–SOPRON,03,Csorna,London,31
GYŐR–MOSON–SOPRON,03,Csorna,Manchester,5
GYŐR–MOSON–SOPRON,03,Csorna,Berlin,13
GYŐR–MOSON–SOPRON,03,Csorna,Düsseldorf,5
GYŐR–MOSON–SOPRON,03,Csorna,München,30
GYŐR–MOSON–SOPRON,03,Csorna,Stuttgart,16
GYŐR–MOSON–SOPRON,03,Csorna,Milánó,1
GYŐR–MOSON–SOPRON,03,Csorna,Róma,8
GYŐR–MOSON–SOPRON,03,Csorna,Szentpétervár,1
GYŐR–MOSON–SOPRON,03,Csorna,Lima,1
GYŐR–MOSON–SOPRON,03,Csorna,Lisszabon,3
GYŐR–MOSON–SOPRON,03,Csorna,Csíkszereda,4
GYŐR–MOSON–SOPRON,03,Csorna,Kolozsvár,2
GYŐR–MOSON–SOPRON,03,Csorna,Barcelona,5
GYŐR–MOSON–SOPRON,03,Csorna,Madrid,2
GYŐR–MOSON–SOPRON,03,Csorna,Bern,7
GYŐR–MOSON–SOPRON,03,Csorna,Stockholm,2
GYŐR–MOSON–SOPRON,03,Csorna,Wellington,1
GYŐR–MOSON–SOPRON,03,Csorna,Beregszász,4
GYŐR–MOSON–SOPRON,03,Csorna,Ungvár,2
GYŐR–MOSON–SOPRON,04,Sopron,Los Angeles,1
GYŐR–MOSON–SOPRON,04,Sopron,New York,5
GYŐR–MOSON–SOPRON,04,Sopron,Melbourne,3
GYŐR–MOSON–SOPRON,04,Sopron,Sydney,2
GYŐR–MOSON–SOPRON,04,Sopron,Bécs,49
GYŐR–MOSON–SOPRON,04,Sopron,Brüsszel,10
GYŐR–MOSON–SOPRON,04,Sopron,Szarajevó,1
GYŐR–MOSON–SOPRON,04,Sopron,Santiago de Chile,1
GYŐR–MOSON–SOPRON,04,Sopron,Prága,9
GYŐR–MOSON–SOPRON,04,Sopron,Koppenhága,9
GYŐR–MOSON–SOPRON,04,Sopron,Pretoria,1
GYŐR–MOSON–SOPRON,04,Sopron,Abu Dhabi,2
GYŐR–MOSON–SOPRON,04,Sopron,Kairó,1
GYŐR–MOSON–SOPRON,04,Sopron,Helsinki,3
GYŐR–MOSON–SOPRON,04,Sopron,Párizs,7
GYŐR–MOSON–SOPRON,04,Sopron,Tbiliszi,1
GYŐR–MOSON–SOPRON,04,Sopron,Athén,1
GYŐR–MOSON–SOPRON,04,Sopron,Hága,6
GYŐR–MOSON–SOPRON,04,Sopron,Zágráb,2
GYŐR–MOSON–SOPRON,04,Sopron,Dublin,2
GYŐR–MOSON–SOPRON,04,Sopron,Tokió,3
GYŐR–MOSON–SOPRON,04,Sopron,Toronto,1
GYŐR–MOSON–SOPRON,04,Sopron,Hongkong,1
GYŐR–MOSON–SOPRON,04,Sopron,Pristina,1
GYŐR–MOSON–SOPRON,04,Sopron,Krakkó,3
GYŐR–MOSON–SOPRON,04,Sopron,Varsó,1
GYŐR–MOSON–SOPRON,04,Sopron,Szkopje,3
GYŐR–MOSON–SOPRON,04,Sopron,Edinburgh,3
GYŐR–MOSON–SOPRON,04,Sopron,London,41
GYŐR–MOSON–SOPRON,04,Sopron,Manchester,4
GYŐR–MOSON–SOPRON,04,Sopron,Berlin,16
GYŐR–MOSON–SOPRON,04,Sopron,Düsseldorf,10
GYŐR–MOSON–SOPRON,04,Sopron,München,39
GYŐR–MOSON–SOPRON,04,Sopron,Stuttgart,22
GYŐR–MOSON–SOPRON,04,Sopron,Osló,1
GYŐR–MOSON–SOPRON,04,Sopron,Milánó,5
GYŐR–MOSON–SOPRON,04,Sopron,Róma,12
GYŐR–MOSON–SOPRON,04,Sopron,Szentpétervár,1
GYŐR–MOSON–SOPRON,04,Sopron,Lisszabon,4
GYŐR–MOSON–SOPRON,04,Sopron,Bukarest,9
GYŐR–MOSON–SOPRON,04,Sopron,Csíkszereda,20
GYŐR–MOSON–SOPRON,04,Sopron,Kolozsvár,4
GYŐR–MOSON–SOPRON,04,Sopron,Barcelona,13
GYŐR–MOSON–SOPRON,04,Sopron,Madrid,4
GYŐR–MOSON–SOPRON,04,Sopron,Bern,18
GYŐR–MOSON–SOPRON,04,Sopron,Stockholm,1
GYŐR–MOSON–SOPRON,04,Sopron,Szabadka,5
GYŐR–MOSON–SOPRON,04,Sopron,Szingapúr,2
GYŐR–MOSON–SOPRON,04,Sopron,Ljubljana,1
GYŐR–MOSON–SOPRON,04,Sopron,Tunisz,1
GYŐR–MOSON–SOPRON,04,Sopron,Beregszász,5
GYŐR–MOSON–SOPRON,04,Sopron,Ungvár,1
GYŐR–MOSON–SOPRON,05,Mosonmagyaróvár,Tirana,1
GYŐR–MOSON–SOPRON,05,Mosonmagyaróvár,Chicago,1
GYŐR–MOSON–SOPRON,05,Mosonmagyaróvár,Los Angeles,2
GYŐR–MOSON–SOPRON,05,Mosonmagyaróvár,New York,2
GYŐR–MOSON–SOPRON,05,Mosonmagyaróvár,Washington,1
GYŐR–MOSON–SOPRON,05,Mosonmagyaróvár,Bécs,21
GYŐR–MOSON–SOPRON,05,Mosonmagyaróvár,Brüsszel,11
GYŐR–MOSON–SOPRON,05,Mosonmagyaróvár,Koppenhága,4
GYŐR–MOSON–SOPRON,05,Mosonmagyaróvár,Abu Dhabi,2
GYŐR–MOSON–SOPRON,05,Mosonmagyaróvár,Helsinki,5
GYŐR–MOSON–SOPRON,05,Mosonmagyaróvár,Párizs,3
GYŐR–MOSON–SOPRON,05,Mosonmagyaróvár,Tbiliszi,1
GYŐR–MOSON–SOPRON,05,Mosonmagyaróvár,Hága,5
GYŐR–MOSON–SOPRON,05,Mosonmagyaróvár,Újdelhi,1
GYŐR–MOSON–SOPRON,05,Mosonmagyaróvár,Dublin,6
GYŐR–MOSON–SOPRON,05,Mosonmagyaróvár,Tel-Aviv,2
GYŐR–MOSON–SOPRON,05,Mosonmagyaróvár,Toronto,1
GYŐR–MOSON–SOPRON,05,Mosonmagyaróvár,Sanghaj,2
GYŐR–MOSON–SOPRON,05,Mosonmagyaróvár,Krakkó,1
GYŐR–MOSON–SOPRON,05,Mosonmagyaróvár,Varsó,4
GYŐR–MOSON–SOPRON,05,Mosonmagyaróvár,Riga,1
GYŐR–MOSON–SOPRON,05,Mosonmagyaróvár,Vilnius,1
GYŐR–MOSON–SOPRON,05,Mosonmagyaróvár,Mexikóváros,1
GYŐR–MOSON–SOPRON,05,Mosonmagyaróvár,Edinburgh,5
GYŐR–MOSON–SOPRON,05,Mosonmagyaróvár,London,28
GYŐR–MOSON–SOPRON,05,Mosonmagyaróvár,Manchester,3
GYŐR–MOSON–SOPRON,05,Mosonmagyaróvár,Berlin,14
GYŐR–MOSON–SOPRON,05,Mosonmagyaróvár,Düsseldorf,10
GYŐR–MOSON–SOPRON,05,Mosonmagyaróvár,München,26
GYŐR–MOSON–SOPRON,05,Mosonmagyaróvár,Stuttgart,16
GYŐR–MOSON–SOPRON,05,Mosonmagyaróvár,Osló,1
GYŐR–MOSON–SOPRON,05,Mosonmagyaróvár,Milánó,5
GYŐR–MOSON–SOPRON,05,Mosonmagyaróvár,Róma,4
GYŐR–MOSON–SOPRON,05,Mosonmagyaróvár,Szentpétervár,1
GYŐR–MOSON–SOPRON,05,Mosonmagyaróvár,Lisszabon,3
GYŐR–MOSON–SOPRON,05,Mosonmagyaróvár,Csíkszereda,21
GYŐR–MOSON–SOPRON,05,Mosonmagyaróvár,Kolozsvár,2
GYŐR–MOSON–SOPRON,05,Mosonmagyaróvár,Barcelona,10
GYŐR–MOSON–SOPRON,05,Mosonmagyaróvár,Madrid,2
GYŐR–MOSON–SOPRON,05,Mosonmagyaróvár,Bern,14
GYŐR–MOSON–SOPRON,05,Mosonmagyaróvár,Stockholm,2
GYŐR–MOSON–SOPRON,05,Mosonmagyaróvár,Szabadka,1
GYŐR–MOSON–SOPRON,05,Mosonmagyaróvár,Szingapúr,2
GYŐR–MOSON–SOPRON,05,Mosonmagyaróvár,Kassa,2
GYŐR–MOSON–SOPRON,05,Mosonmagyaróvár,Pozsony,2
GYŐR–MOSON–SOPRON,05,Mosonmagyaróvár,Bangkok,1
GYŐR–MOSON–SOPRON,05,Mosonmagyaróvár,Beregszász,9
HAJDÚ–BIHAR,01,Debrecen,Chicago,5
HAJDÚ–BIHAR,01,Debrecen,Los Angeles,4
HAJDÚ–BIHAR,01,Debrecen,New York,8
HAJDÚ–BIHAR,01,Debrecen,San Francisco,3
HAJDÚ–BIHAR,01,Debrecen,Washington,3
HAJDÚ–BIHAR,01,Debrecen,Buenos Aires,1
HAJDÚ–BIHAR,01,Debrecen,Melbourne,2
HAJDÚ–BIHAR,01,Debrecen,Sydney,2
HAJDÚ–BIHAR,01,Debrecen,Bécs,17
HAJDÚ–BIHAR,01,Debrecen,Brüsszel,22
HAJDÚ–BIHAR,01,Debrecen,Szarajevó,1
HAJDÚ–BIHAR,01,Debrecen,Brazíliaváros,2
HAJDÚ–BIHAR,01,Debrecen,Prága,9
HAJDÚ–BIHAR,01,Debrecen,Koppenhága,23
HAJDÚ–BIHAR,01,Debrecen,Abu Dhabi,6
HAJDÚ–BIHAR,01,Debrecen,Helsinki,7
HAJDÚ–BIHAR,01,Debrecen,Párizs,15
HAJDÚ–BIHAR,01,Debrecen,Athén,1
HAJDÚ–BIHAR,01,Debrecen,Hága,29
HAJDÚ–BIHAR,01,Debrecen,Zágráb,1
HAJDÚ–BIHAR,01,Debrecen,Újdelhi,1
HAJDÚ–BIHAR,01,Debrecen,Erbil,2
HAJDÚ–BIHAR,01,Debrecen,Teherán,1
HAJDÚ–BIHAR,01,Debrecen,Dublin,20
HAJDÚ–BIHAR,01,Debrecen,Tel-Aviv,2
HAJDÚ–BIHAR,01,Debrecen,Tokió,1
HAJDÚ–BIHAR,01,Debrecen,Ottawa,1
HAJDÚ–BIHAR,01,Debrecen,Toronto,7
HAJDÚ–BIHAR,01,Debrecen,Doha,1
HAJDÚ–BIHAR,01,Debrecen,Peking,1
HAJDÚ–BIHAR,01,Debrecen,Sanghaj,2
HAJDÚ–BIHAR,01,Debrecen,Pristina,1
HAJDÚ–BIHAR,01,Debrecen,Krakkó,8
HAJDÚ–BIHAR,01,Debrecen,Varsó,1
HAJDÚ–BIHAR,01,Debrecen,Bejrút,1
HAJDÚ–BIHAR,01,Debrecen,Vilnius,1
HAJDÚ–BIHAR,01,Debrecen,Podgorica,3
HAJDÚ–BIHAR,01,Debrecen,Edinburgh,16
HAJDÚ–BIHAR,01,Debrecen,London,134
HAJDÚ–BIHAR,01,Debrecen,Manchester,26
HAJDÚ–BIHAR,01,Debrecen,Berlin,18
HAJDÚ–BIHAR,01,Debrecen,Düsseldorf,27
HAJDÚ–BIHAR,01,Debrecen,München,40
HAJDÚ–BIHAR,01,Debrecen,Stuttgart,31
HAJDÚ–BIHAR,01,Debrecen,Osló,3
HAJDÚ–BIHAR,01,Debrecen,Milánó,7
HAJDÚ–BIHAR,01,Debrecen,Róma,5
HAJDÚ–BIHAR,01,Debrecen,Moszkva,1
HAJDÚ–BIHAR,01,Debrecen,Szentpétervár,1
HAJDÚ–BIHAR,01,Debrecen,Csíkszereda,12
HAJDÚ–BIHAR,01,Debrecen,Kolozsvár,11
HAJDÚ–BIHAR,01,Debrecen,Barcelona,10
HAJDÚ–BIHAR,01,Debrecen,Madrid,3
HAJDÚ–BIHAR,01,Debrecen,Bern,16
HAJDÚ–BIHAR,01,Debrecen,Stockholm,11
HAJDÚ–BIHAR,01,Debrecen,Szingapúr,1
HAJDÚ–BIHAR,01,Debrecen,Kassa,1
HAJDÚ–BIHAR,01,Debrecen,Ljubljana,2
HAJDÚ–BIHAR,01,Debrecen,Beregszász,33
HAJDÚ–BIHAR,01,Debrecen,Kijev,2
HAJDÚ–BIHAR,01,Debrecen,Ungvár,14
HAJDÚ–BIHAR,01,Debrecen,Hanoi,1
HAJDÚ–BIHAR,02,Debrecen,Chicago,5
HAJDÚ–BIHAR,02,Debrecen,Los Angeles,5
HAJDÚ–BIHAR,02,Debrecen,New York,4
HAJDÚ–BIHAR,02,Debrecen,Washington,4
HAJDÚ–BIHAR,02,Debrecen,Melbourne,1
HAJDÚ–BIHAR,02,Debrecen,Sydney,2
HAJDÚ–BIHAR,02,Debrecen,Bécs,15
HAJDÚ–BIHAR,02,Debrecen,Brüsszel,15
HAJDÚ–BIHAR,02,Debrecen,Sao Paulo,1
HAJDÚ–BIHAR,02,Debrecen,Prága,4
HAJDÚ–BIHAR,02,Debrecen,Koppenhága,20
HAJDÚ–BIHAR,02,Debrecen,Abu Dhabi,1
HAJDÚ–BIHAR,02,Debrecen,Helsinki,4
HAJDÚ–BIHAR,02,Debrecen,Párizs,9
HAJDÚ–BIHAR,02,Debrecen,Athén,1
HAJDÚ–BIHAR,02,Debrecen,Hága,11
HAJDÚ–BIHAR,02,Debrecen,Újdelhi,1
HAJDÚ–BIHAR,02,Debrecen,Erbil,1
HAJDÚ–BIHAR,02,Debrecen,Dublin,8
HAJDÚ–BIHAR,02,Debrecen,Tel-Aviv,1
HAJDÚ–BIHAR,02,Debrecen,Tokió,3
HAJDÚ–BIHAR,02,Debrecen,Toronto,6
HAJDÚ–BIHAR,02,Debrecen,Sanghaj,2
HAJDÚ–BIHAR,02,Debrecen,Bogota,1
HAJDÚ–BIHAR,02,Debrecen,Pristina,2
HAJDÚ–BIHAR,02,Debrecen,Krakkó,7
HAJDÚ–BIHAR,02,Debrecen,Varsó,2
HAJDÚ–BIHAR,02,Debrecen,Riga,1
HAJDÚ–BIHAR,02,Debrecen,Podgorica,1
HAJDÚ–BIHAR,02,Debrecen,Edinburgh,11
HAJDÚ–BIHAR,02,Debrecen,London,136
HAJDÚ–BIHAR,02,Debrecen,Manchester,17
HAJDÚ–BIHAR,02,Debrecen,Berlin,14
HAJDÚ–BIHAR,02,Debrecen,Düsseldorf,17
HAJDÚ–BIHAR,02,Debrecen,München,36
HAJDÚ–BIHAR,02,Debrecen,Stuttgart,44
HAJDÚ–BIHAR,02,Debrecen,Abuja,1
HAJDÚ–BIHAR,02,Debrecen,Osló,4
HAJDÚ–BIHAR,02,Debrecen,Milánó,8
HAJDÚ–BIHAR,02,Debrecen,Róma,6
HAJDÚ–BIHAR,02,Debrecen,Jekatyerinburg,1
HAJDÚ–BIHAR,02,Debrecen,Moszkva,3
HAJDÚ–BIHAR,02,Debrecen,Szentpétervár,1
HAJDÚ–BIHAR,02,Debrecen,Bukarest,3
HAJDÚ–BIHAR,02,Debrecen,Csíkszereda,16
HAJDÚ–BIHAR,02,Debrecen,Kolozsvár,4
HAJDÚ–BIHAR,02,Debrecen,Barcelona,12
HAJDÚ–BIHAR,02,Debrecen,Madrid,3
HAJDÚ–BIHAR,02,Debrecen,Bern,19
HAJDÚ–BIHAR,02,Debrecen,Stockholm,5
HAJDÚ–BIHAR,02,Debrecen,Szingapúr,1
HAJDÚ–BIHAR,02,Debrecen,Ljubljana,1
HAJDÚ–BIHAR,02,Debrecen,Bangkok,2
HAJDÚ–BIHAR,02,Debrecen,Isztambul,2
HAJDÚ–BIHAR,02,Debrecen,Wellington,2
HAJDÚ–BIHAR,02,Debrecen,Beregszász,38
HAJDÚ–BIHAR,02,Debrecen,Ungvár,6
HAJDÚ–BIHAR,03,Debrecen,Tirana,2
HAJDÚ–BIHAR,03,Debrecen,New York,1
HAJDÚ–BIHAR,03,Debrecen,Washington,1
HAJDÚ–BIHAR,03,Debrecen,Bécs,11
HAJDÚ–BIHAR,03,Debrecen,Brüsszel,6
HAJDÚ–BIHAR,03,Debrecen,Szófia,1
HAJDÚ–BIHAR,03,Debrecen,Prága,5
HAJDÚ–BIHAR,03,Debrecen,Koppenhága,11
HAJDÚ–BIHAR,03,Debrecen,Abu Dhabi,2
HAJDÚ–BIHAR,03,Debrecen,Helsinki,5
HAJDÚ–BIHAR,03,Debrecen,Párizs,8
HAJDÚ–BIHAR,03,Debrecen,Hága,12
HAJDÚ–BIHAR,03,Debrecen,Dublin,8
HAJDÚ–BIHAR,03,Debrecen,Toronto,2
HAJDÚ–BIHAR,03,Debrecen,Doha,1
HAJDÚ–BIHAR,03,Debrecen,Pristina,3
HAJDÚ–BIHAR,03,Debrecen,Krakkó,10
HAJDÚ–BIHAR,03,Debrecen,Varsó,2
HAJDÚ–BIHAR,03,Debrecen,Riga,1
HAJDÚ–BIHAR,03,Debrecen,Vilnius,1
HAJDÚ–BIHAR,03,Debrecen,Kuala Lumpur,3
HAJDÚ–BIHAR,03,Debrecen,Mexikóváros,1
HAJDÚ–BIHAR,03,Debrecen,Edinburgh,10
HAJDÚ–BIHAR,03,Debrecen,London,71
HAJDÚ–BIHAR,03,Debrecen,Manchester,14
HAJDÚ–BIHAR,03,Debrecen,Berlin,9
HAJDÚ–BIHAR,03,Debrecen,Düsseldorf,12
HAJDÚ–BIHAR,03,Debrecen,München,35
HAJDÚ–BIHAR,03,Debrecen,Stuttgart,19
HAJDÚ–BIHAR,03,Debrecen,Osló,2
HAJDÚ–BIHAR,03,Debrecen,Milánó,4
HAJDÚ–BIHAR,03,Debrecen,Róma,2
HAJDÚ–BIHAR,03,Debrecen,Moszkva,2
HAJDÚ–BIHAR,03,Debrecen,Szentpétervár,1
HAJDÚ–BIHAR,03,Debrecen,Lisszabon,1
HAJDÚ–BIHAR,03,Debrecen,Bukarest,1
HAJDÚ–BIHAR,03,Debrecen,Csíkszereda,6
HAJDÚ–BIHAR,03,Debrecen,Kolozsvár,10
HAJDÚ–BIHAR,03,Debrecen,Barcelona,3
HAJDÚ–BIHAR,03,Debrecen,Bern,4
HAJDÚ–BIHAR,03,Debrecen,Stockholm,5
HAJDÚ–BIHAR,03,Debrecen,Belgrád,1
HAJDÚ–BIHAR,03,Debrecen,Szingapúr,1
HAJDÚ–BIHAR,03,Debrecen,Wellington,1
HAJDÚ–BIHAR,03,Debrecen,Beregszász,34
HAJDÚ–BIHAR,03,Debrecen,Kijev,1
HAJDÚ–BIHAR,03,Debrecen,Ungvár,9
HAJDÚ–BIHAR,04,Berettyóújfalu,New York,2
HAJDÚ–BIHAR,04,Berettyóújfalu,Washington,1
HAJDÚ–BIHAR,04,Berettyóújfalu,Sydney,1
HAJDÚ–BIHAR,04,Berettyóújfalu,Bécs,1
HAJDÚ–BIHAR,04,Berettyóújfalu,Brüsszel,6
HAJDÚ–BIHAR,04,Berettyóújfalu,Prága,1
HAJDÚ–BIHAR,04,Berettyóújfalu,Koppenhága,3
HAJDÚ–BIHAR,04,Berettyóújfalu,Abu Dhabi,1
HAJDÚ–BIHAR,04,Berettyóújfalu,Helsinki,2
HAJDÚ–BIHAR,04,Berettyóújfalu,Párizs,5
HAJDÚ–BIHAR,04,Berettyóújfalu,Hága,15
HAJDÚ–BIHAR,04,Berettyóújfalu,Erbil,1
HAJDÚ–BIHAR,04,Berettyóújfalu,Dublin,7
HAJDÚ–BIHAR,04,Berettyóújfalu,Hongkong,1
HAJDÚ–BIHAR,04,Berettyóújfalu,Sanghaj,1
HAJDÚ–BIHAR,04,Berettyóújfalu,Pristina,3
HAJDÚ–BIHAR,04,Berettyóújfalu,Krakkó,4
HAJDÚ–BIHAR,04,Berettyóújfalu,Kuala Lumpur,2
HAJDÚ–BIHAR,04,Berettyóújfalu,Edinburgh,6
HAJDÚ–BIHAR,04,Berettyóújfalu,London,56
HAJDÚ–BIHAR,04,Berettyóújfalu,Manchester,9
HAJDÚ–BIHAR,04,Berettyóújfalu,Berlin,7
HAJDÚ–BIHAR,04,Berettyóújfalu,Düsseldorf,7
HAJDÚ–BIHAR,04,Berettyóújfalu,München,16
HAJDÚ–BIHAR,04,Berettyóújfalu,Stuttgart,16
HAJDÚ–BIHAR,04,Berettyóújfalu,Osló,1
HAJDÚ–BIHAR,04,Berettyóújfalu,Róma,1
HAJDÚ–BIHAR,04,Berettyóújfalu,Csíkszereda,12
HAJDÚ–BIHAR,04,Berettyóújfalu,Kolozsvár,7
HAJDÚ–BIHAR,04,Berettyóújfalu,Barcelona,1
HAJDÚ–BIHAR,04,Berettyóújfalu,Madrid,1
HAJDÚ–BIHAR,04,Berettyóújfalu,Bern,7
HAJDÚ–BIHAR,04,Berettyóújfalu,Stockholm,2
HAJDÚ–BIHAR,04,Berettyóújfalu,Szingapúr,1
HAJDÚ–BIHAR,04,Berettyóújfalu,Beregszász,7
HAJDÚ–BIHAR,04,Berettyóújfalu,Kijev,1
HAJDÚ–BIHAR,04,Berettyóújfalu,Ungvár,6
HAJDÚ–BIHAR,05,Hajdúszoboszló,Chicago,2
HAJDÚ–BIHAR,05,Hajdúszoboszló,New York,2
HAJDÚ–BIHAR,05,Hajdúszoboszló,San Francisco,3
HAJDÚ–BIHAR,05,Hajdúszoboszló,Washington,1
HAJDÚ–BIHAR,05,Hajdúszoboszló,Sydney,1
HAJDÚ–BIHAR,05,Hajdúszoboszló,Bécs,6
HAJDÚ–BIHAR,05,Hajdúszoboszló,Brüsszel,13
HAJDÚ–BIHAR,05,Hajdúszoboszló,Sao Paulo,1
HAJDÚ–BIHAR,05,Hajdúszoboszló,Koppenhága,11
HAJDÚ–BIHAR,05,Hajdúszoboszló,Abu Dhabi,2
HAJDÚ–BIHAR,05,Hajdúszoboszló,Helsinki,3
HAJDÚ–BIHAR,05,Hajdúszoboszló,Párizs,5
HAJDÚ–BIHAR,05,Hajdúszoboszló,Hága,8
HAJDÚ–BIHAR,05,Hajdúszoboszló,Dublin,6
HAJDÚ–BIHAR,05,Hajdúszoboszló,Tel-Aviv,3
HAJDÚ–BIHAR,05,Hajdúszoboszló,Tokió,1
HAJDÚ–BIHAR,05,Hajdúszoboszló,Pristina,1
HAJDÚ–BIHAR,05,Hajdúszoboszló,Krakkó,2
HAJDÚ–BIHAR,05,Hajdúszoboszló,Varsó,3
HAJDÚ–BIHAR,05,Hajdúszoboszló,Kuala Lumpur,2
HAJDÚ–BIHAR,05,Hajdúszoboszló,Edinburgh,3
HAJDÚ–BIHAR,05,Hajdúszoboszló,London,61
HAJDÚ–BIHAR,05,Hajdúszoboszló,Manchester,10
HAJDÚ–BIHAR,05,Hajdúszoboszló,Berlin,7
HAJDÚ–BIHAR,05,Hajdúszoboszló,Düsseldorf,8
HAJDÚ–BIHAR,05,Hajdúszoboszló,München,20
HAJDÚ–BIHAR,05,Hajdúszoboszló,Stuttgart,23
HAJDÚ–BIHAR,05,Hajdúszoboszló,Milánó,5
HAJDÚ–BIHAR,05,Hajdúszoboszló,Róma,2
HAJDÚ–BIHAR,05,Hajdúszoboszló,Bukarest,2
HAJDÚ–BIHAR,05,Hajdúszoboszló,Csíkszereda,21
HAJDÚ–BIHAR,05,Hajdúszoboszló,Kolozsvár,11
HAJDÚ–BIHAR,05,Hajdúszoboszló,Barcelona,3
HAJDÚ–BIHAR,05,Hajdúszoboszló,Madrid,4
HAJDÚ–BIHAR,05,Hajdúszoboszló,Bern,8
HAJDÚ–BIHAR,05,Hajdúszoboszló,Stockholm,4
HAJDÚ–BIHAR,05,Hajdúszoboszló,Bangkok,3
HAJDÚ–BIHAR,05,Hajdúszoboszló,Isztambul,1
HAJDÚ–BIHAR,05,Hajdúszoboszló,Beregszász,11
HAJDÚ–BIHAR,05,Hajdúszoboszló,Ungvár,7
HAJDÚ–BIHAR,06,Hajdúböszörmény,Chicago,2
HAJDÚ–BIHAR,06,Hajdúböszörmény,New York,6
HAJDÚ–BIHAR,06,Hajdúböszörmény,Bécs,10
HAJDÚ–BIHAR,06,Hajdúböszörmény,Brüsszel,3
HAJDÚ–BIHAR,06,Hajdúböszörmény,Prága,1
HAJDÚ–BIHAR,06,Hajdúböszörmény,Koppenhága,5
HAJDÚ–BIHAR,06,Hajdúböszörmény,Helsinki,1
HAJDÚ–BIHAR,06,Hajdúböszörmény,Párizs,5
HAJDÚ–BIHAR,06,Hajdúböszörmény,Hága,15
HAJDÚ–BIHAR,06,Hajdúböszörmény,Dublin,5
HAJDÚ–BIHAR,06,Hajdúböszörmény,Tokió,1
HAJDÚ–BIHAR,06,Hajdúböszörmény,Ottawa,1
HAJDÚ–BIHAR,06,Hajdúböszörmény,Szöul,1
HAJDÚ–BIHAR,06,Hajdúböszörmény,Pristina,1
HAJDÚ–BIHAR,06,Hajdúböszörmény,Krakkó,3
HAJDÚ–BIHAR,06,Hajdúböszörmény,Varsó,1
HAJDÚ–BIHAR,06,Hajdúböszörmény,Kuala Lumpur,1
HAJDÚ–BIHAR,06,Hajdúböszörmény,Kisinyov,1
HAJDÚ–BIHAR,06,Hajdúböszörmény,Edinburgh,5
HAJDÚ–BIHAR,06,Hajdúböszörmény,London,59
HAJDÚ–BIHAR,06,Hajdúböszörmény,Manchester,11
HAJDÚ–BIHAR,06,Hajdúböszörmény,Berlin,9
HAJDÚ–BIHAR,06,Hajdúböszörmény,Düsseldorf,9
HAJDÚ–BIHAR,06,Hajdúböszörmény,München,26
HAJDÚ–BIHAR,06,Hajdúböszörmény,Stuttgart,19
HAJDÚ–BIHAR,06,Hajdúböszörmény,Róma,3
HAJDÚ–BIHAR,06,Hajdúböszörmény,Szentpétervár,1
HAJDÚ–BIHAR,06,Hajdúböszörmény,Lisszabon,4
HAJDÚ–BIHAR,06,Hajdúböszörmény,Csíkszereda,7
HAJDÚ–BIHAR,06,Hajdúböszörmény,Kolozsvár,2
HAJDÚ–BIHAR,06,Hajdúböszörmény,Madrid,1
HAJDÚ–BIHAR,06,Hajdúböszörmény,Bern,2
HAJDÚ–BIHAR,06,Hajdúböszörmény,Stockholm,1
HAJDÚ–BIHAR,06,Hajdúböszörmény,Pozsony,2
HAJDÚ–BIHAR,06,Hajdúböszörmény,Isztambul,1
HAJDÚ–BIHAR,06,Hajdúböszörmény,Beregszász,14
HAJDÚ–BIHAR,06,Hajdúböszörmény,Kijev,2
HAJDÚ–BIHAR,06,Hajdúböszörmény,Ungvár,6
HEVES,01,Eger,Tirana,1
HEVES,01,Eger,Chicago,2
HEVES,01,Eger,Los Angeles,5
HEVES,01,Eger,New York,11
HEVES,01,Eger,San Francisco,1
HEVES,01,Eger,Washington,3
HEVES,01,Eger,Melbourne,2
HEVES,01,Eger,Sydney,1
HEVES,01,Eger,Bécs,20
HEVES,01,Eger,Brüsszel,23
HEVES,01,Eger,Prága,4
HEVES,01,Eger,Koppenhága,19
HEVES,01,Eger,Abu Dhabi,1
HEVES,01,Eger,Kairó,4
HEVES,01,Eger,Helsinki,5
HEVES,01,Eger,Párizs,15
HEVES,01,Eger,Manila,1
HEVES,01,Eger,Tbiliszi,1
HEVES,01,Eger,Athén,1
HEVES,01,Eger,Hága,26
HEVES,01,Eger,Zágráb,1
HEVES,01,Eger,Teherán,1
HEVES,01,Eger,Dublin,14
HEVES,01,Eger,Tokió,1
HEVES,01,Eger,Amman,2
HEVES,01,Eger,Ottawa,2
HEVES,01,Eger,Toronto,3
HEVES,01,Eger,Almati,1
HEVES,01,Eger,Csungking,1
HEVES,01,Eger,Sanghaj,2
HEVES,01,Eger,Pristina,2
HEVES,01,Eger,Kuvait,2
HEVES,01,Eger,Krakkó,2
HEVES,01,Eger,Varsó,2
HEVES,01,Eger,Tripoli,1
HEVES,01,Eger,Vilnius,2
HEVES,01,Eger,Edinburgh,13
HEVES,01,Eger,London,106
HEVES,01,Eger,Manchester,12
HEVES,01,Eger,Berlin,22
HEVES,01,Eger,Düsseldorf,24
HEVES,01,Eger,München,47
HEVES,01,Eger,Stuttgart,36
HEVES,01,Eger,Osló,3
HEVES,01,Eger,Milánó,11
HEVES,01,Eger,Róma,2
HEVES,01,Eger,Szentpétervár,1
HEVES,01,Eger,Lisszabon,4
HEVES,01,Eger,Csíkszereda,10
HEVES,01,Eger,Kolozsvár,6
HEVES,01,Eger,Barcelona,8
HEVES,01,Eger,Madrid,3
HEVES,01,Eger,Bern,22
HEVES,01,Eger,Stockholm,10
HEVES,01,Eger,Belgrád,2
HEVES,01,Eger,Szabadka,3
HEVES,01,Eger,Szingapúr,3
HEVES,01,Eger,Pozsony,1
HEVES,01,Eger,Ljubljana,1
HEVES,01,Eger,Isztambul,2
HEVES,01,Eger,Tunisz,1
HEVES,01,Eger,Wellington,1
HEVES,01,Eger,Beregszász,17
HEVES,01,Eger,Kijev,2
HEVES,01,Eger,Ungvár,9
HEVES,01,Eger,Hanoi,1
HEVES,02,Gyöngyös,Chicago,2
HEVES,02,Gyöngyös,Los Angeles,1
HEVES,02,Gyöngyös,New York,9
HEVES,02,Gyöngyös,San Francisco,3
HEVES,02,Gyöngyös,Washington,4
HEVES,02,Gyöngyös,Melbourne,1
HEVES,02,Gyöngyös,Sydney,1
HEVES,02,Gyöngyös,Bécs,14
HEVES,02,Gyöngyös,Brüsszel,16
HEVES,02,Gyöngyös,Szarajevó,1
HEVES,02,Gyöngyös,Prága,6
HEVES,02,Gyöngyös,Koppenhága,3
HEVES,02,Gyöngyös,Abu Dhabi,3
HEVES,02,Gyöngyös,Párizs,4
HEVES,02,Gyöngyös,Athén,1
HEVES,02,Gyöngyös,Hága,22
HEVES,02,Gyöngyös,Erbil,1
HEVES,02,Gyöngyös,Dublin,10
HEVES,02,Gyöngyös,Tokió,6
HEVES,02,Gyöngyös,Toronto,3
HEVES,02,Gyöngyös,Hongkong,1
HEVES,02,Gyöngyös,Szöul,1
HEVES,02,Gyöngyös,Pristina,2
HEVES,02,Gyöngyös,Kuvait,1
HEVES,02,Gyöngyös,Krakkó,1
HEVES,02,Gyöngyös,Rabat,1
HEVES,02,Gyöngyös,Edinburgh,9
HEVES,02,Gyöngyös,London,79
HEVES,02,Gyöngyös,Manchester,17
HEVES,02,Gyöngyös,Berlin,13
HEVES,02,Gyöngyös,Düsseldorf,16
HEVES,02,Gyöngyös,München,50
HEVES,02,Gyöngyös,Stuttgart,21
HEVES,02,Gyöngyös,Abuja,1
HEVES,02,Gyöngyös,Osló,2
HEVES,02,Gyöngyös,Milánó,1
HEVES,02,Gyöngyös,Róma,3
HEVES,02,Gyöngyös,Moszkva,1
HEVES,02,Gyöngyös,Szentpétervár,1
HEVES,02,Gyöngyös,Lisszabon,1
HEVES,02,Gyöngyös,Csíkszereda,3
HEVES,02,Gyöngyös,Kolozsvár,5
HEVES,02,Gyöngyös,Barcelona,2
HEVES,02,Gyöngyös,Madrid,2
HEVES,02,Gyöngyös,Bern,19
HEVES,02,Gyöngyös,Stockholm,8
HEVES,02,Gyöngyös,Szabadka,8
HEVES,02,Gyöngyös,Pozsony,1
HEVES,02,Gyöngyös,Bangkok,1
HEVES,02,Gyöngyös,Isztambul,1
HEVES,02,Gyöngyös,Wellington,1
HEVES,02,Gyöngyös,Beregszász,5
HEVES,02,Gyöngyös,Ungvár,2
HEVES,02,Gyöngyös,Taskent,1
HEVES,03,Hatvan,Algír,1
HEVES,03,Hatvan,Chicago,5
HEVES,03,Hatvan,Los Angeles,1
HEVES,03,Hatvan,New York,3
HEVES,03,Hatvan,San Francisco,1
HEVES,03,Hatvan,Washington,1
HEVES,03,Hatvan,Melbourne,1
HEVES,03,Hatvan,Bécs,5
HEVES,03,Hatvan,Brüsszel,9
HEVES,03,Hatvan,Koppenhága,3
HEVES,03,Hatvan,Abu Dhabi,2
HEVES,03,Hatvan,Helsinki,2
HEVES,03,Hatvan,Párizs,5
HEVES,03,Hatvan,Hága,11
HEVES,03,Hatvan,Zágráb,1
HEVES,03,Hatvan,Dublin,9
HEVES,03,Hatvan,Sanghaj,1
HEVES,03,Hatvan,Kuvait,2
HEVES,03,Hatvan,Krakkó,2
HEVES,03,Hatvan,Varsó,1
HEVES,03,Hatvan,Vilnius,1
HEVES,03,Hatvan,Rabat,1
HEVES,03,Hatvan,Edinburgh,2
HEVES,03,Hatvan,London,60
HEVES,03,Hatvan,Manchester,14
HEVES,03,Hatvan,Berlin,11
HEVES,03,Hatvan,Düsseldorf,10
HEVES,03,Hatvan,München,26
HEVES,03,Hatvan,Stuttgart,29
HEVES,03,Hatvan,Osló,2
HEVES,03,Hatvan,Milánó,1
HEVES,03,Hatvan,Róma,3
HEVES,03,Hatvan,Lisszabon,4
HEVES,03,Hatvan,Csíkszereda,2
HEVES,03,Hatvan,Kolozsvár,2
HEVES,03,Hatvan,Barcelona,2
HEVES,03,Hatvan,Madrid,2
HEVES,03,Hatvan,Bern,8
HEVES,03,Hatvan,Stockholm,5
HEVES,03,Hatvan,Rijád,1
HEVES,03,Hatvan,Szabadka,1
HEVES,03,Hatvan,Pozsony,1
HEVES,03,Hatvan,Ljubljana,2
HEVES,03,Hatvan,Bangkok,1
HEVES,03,Hatvan,Beregszász,10
HEVES,03,Hatvan,Ungvár,1
JÁSZ–NAGYKUN–SZOLNOK,01,Szolnok,Tirana,1
JÁSZ–NAGYKUN–SZOLNOK,01,Szolnok,Chicago,1
JÁSZ–NAGYKUN–SZOLNOK,01,Szolnok,Los Angeles,3
JÁSZ–NAGYKUN–SZOLNOK,01,Szolnok,New York,8
JÁSZ–NAGYKUN–SZOLNOK,01,Szolnok,San Francisco,2
JÁSZ–NAGYKUN–SZOLNOK,01,Szolnok,Washington,2
JÁSZ–NAGYKUN–SZOLNOK,01,Szolnok,Sydney,3
JÁSZ–NAGYKUN–SZOLNOK,01,Szolnok,Bécs,13
JÁSZ–NAGYKUN–SZOLNOK,01,Szolnok,Brüsszel,29
JÁSZ–NAGYKUN–SZOLNOK,01,Szolnok,Szarajevó,2
JÁSZ–NAGYKUN–SZOLNOK,01,Szolnok,Prága,3
JÁSZ–NAGYKUN–SZOLNOK,01,Szolnok,Koppenhága,13
JÁSZ–NAGYKUN–SZOLNOK,01,Szolnok,Quito,1
JÁSZ–NAGYKUN–SZOLNOK,01,Szolnok,Abu Dhabi,3
JÁSZ–NAGYKUN–SZOLNOK,01,Szolnok,Helsinki,2
JÁSZ–NAGYKUN–SZOLNOK,01,Szolnok,Párizs,7
JÁSZ–NAGYKUN–SZOLNOK,01,Szolnok,Athén,2
JÁSZ–NAGYKUN–SZOLNOK,01,Szolnok,Hága,23
JÁSZ–NAGYKUN–SZOLNOK,01,Szolnok,Mumbai,1
JÁSZ–NAGYKUN–SZOLNOK,01,Szolnok,Erbil,20
JÁSZ–NAGYKUN–SZOLNOK,01,Szolnok,Dublin,8
JÁSZ–NAGYKUN–SZOLNOK,01,Szolnok,Tokió,5
JÁSZ–NAGYKUN–SZOLNOK,01,Szolnok,Toronto,1
JÁSZ–NAGYKUN–SZOLNOK,01,Szolnok,Sanghaj,2
JÁSZ–NAGYKUN–SZOLNOK,01,Szolnok,Bogota,1
JÁSZ–NAGYKUN–SZOLNOK,01,Szolnok,Szöul,1
JÁSZ–NAGYKUN–SZOLNOK,01,Szolnok,Pristina,12
JÁSZ–NAGYKUN–SZOLNOK,01,Szolnok,Kuvait,2
JÁSZ–NAGYKUN–SZOLNOK,01,Szolnok,Krakkó,2
JÁSZ–NAGYKUN–SZOLNOK,01,Szolnok,Varsó,5
JÁSZ–NAGYKUN–SZOLNOK,01,Szolnok,Edinburgh,9
JÁSZ–NAGYKUN–SZOLNOK,01,Szolnok,London,112
JÁSZ–NAGYKUN–SZOLNOK,01,Szolnok,Manchester,12
JÁSZ–NAGYKUN–SZOLNOK,01,Szolnok,Berlin,25
JÁSZ–NAGYKUN–SZOLNOK,01,Szolnok,Düsseldorf,26
JÁSZ–NAGYKUN–SZOLNOK,01,Szolnok,München,47
JÁSZ–NAGYKUN–SZOLNOK,01,Szolnok,Stuttgart,44
JÁSZ–NAGYKUN–SZOLNOK,01,Szolnok,Osló,6
JÁSZ–NAGYKUN–SZOLNOK,01,Szolnok,Milánó,2
JÁSZ–NAGYKUN–SZOLNOK,01,Szolnok,Róma,3
JÁSZ–NAGYKUN–SZOLNOK,01,Szolnok,Moszkva,6
JÁSZ–NAGYKUN–SZOLNOK,01,Szolnok,Szentpétervár,1
JÁSZ–NAGYKUN–SZOLNOK,01,Szolnok,Iszlámábád,1
JÁSZ–NAGYKUN–SZOLNOK,01,Szolnok,Lisszabon,3
JÁSZ–NAGYKUN–SZOLNOK,01,Szolnok,Csíkszereda,4
JÁSZ–NAGYKUN–SZOLNOK,01,Szolnok,Kolozsvár,3
JÁSZ–NAGYKUN–SZOLNOK,01,Szolnok,Barcelona,8
JÁSZ–NAGYKUN–SZOLNOK,01,Szolnok,Madrid,4
JÁSZ–NAGYKUN–SZOLNOK,01,Szolnok,Bern,17
JÁSZ–NAGYKUN–SZOLNOK,01,Szolnok,Stockholm,10
JÁSZ–NAGYKUN–SZOLNOK,01,Szolnok,Belgrád,1
JÁSZ–NAGYKUN–SZOLNOK,01,Szolnok,Szabadka,1
JÁSZ–NAGYKUN–SZOLNOK,01,Szolnok,Szingapúr,1
JÁSZ–NAGYKUN–SZOLNOK,01,Szolnok,Ljubljana,4
JÁSZ–NAGYKUN–SZOLNOK,01,Szolnok,Bangkok,1
JÁSZ–NAGYKUN–SZOLNOK,01,Szolnok,Ankara,2
JÁSZ–NAGYKUN–SZOLNOK,01,Szolnok,Isztambul,1
JÁSZ–NAGYKUN–SZOLNOK,01,Szolnok,Beregszász,6
JÁSZ–NAGYKUN–SZOLNOK,02,Jászberény,Los Angeles,6
JÁSZ–NAGYKUN–SZOLNOK,02,Jászberény,Melbourne,2
JÁSZ–NAGYKUN–SZOLNOK,02,Jászberény,Bécs,3
JÁSZ–NAGYKUN–SZOLNOK,02,Jászberény,Brüsszel,10
JÁSZ–NAGYKUN–SZOLNOK,02,Jászberény,Prága,3
JÁSZ–NAGYKUN–SZOLNOK,02,Jászberény,Koppenhága,7
JÁSZ–NAGYKUN–SZOLNOK,02,Jászberény,Helsinki,2
JÁSZ–NAGYKUN–SZOLNOK,02,Jászberény,Párizs,7
JÁSZ–NAGYKUN–SZOLNOK,02,Jászberény,Hága,7
JÁSZ–NAGYKUN–SZOLNOK,02,Jászberény,Dublin,5
JÁSZ–NAGYKUN–SZOLNOK,02,Jászberény,Sanghaj,1
JÁSZ–NAGYKUN–SZOLNOK,02,Jászberény,Pristina,3
JÁSZ–NAGYKUN–SZOLNOK,02,Jászberény,Varsó,1
JÁSZ–NAGYKUN–SZOLNOK,02,Jászberény,Vilnius,1
JÁSZ–NAGYKUN–SZOLNOK,02,Jászberény,Edinburgh,4
JÁSZ–NAGYKUN–SZOLNOK,02,Jászberény,London,58
JÁSZ–NAGYKUN–SZOLNOK,02,Jászberény,Manchester,8
JÁSZ–NAGYKUN–SZOLNOK,02,Jászberény,Berlin,6
JÁSZ–NAGYKUN–SZOLNOK,02,Jászberény,Düsseldorf,5
JÁSZ–NAGYKUN–SZOLNOK,02,Jászberény,München,19
JÁSZ–NAGYKUN–SZOLNOK,02,Jászberény,Stuttgart,26
JÁSZ–NAGYKUN–SZOLNOK,02,Jászberény,Milánó,1
JÁSZ–NAGYKUN–SZOLNOK,02,Jászberény,Róma,1
JÁSZ–NAGYKUN–SZOLNOK,02,Jászberény,Kazány,1
JÁSZ–NAGYKUN–SZOLNOK,02,Jászberény,Moszkva,1
JÁSZ–NAGYKUN–SZOLNOK,02,Jászberény,Lisszabon,5
JÁSZ–NAGYKUN–SZOLNOK,02,Jászberény,Csíkszereda,6
JÁSZ–NAGYKUN–SZOLNOK,02,Jászberény,Kolozsvár,3
JÁSZ–NAGYKUN–SZOLNOK,02,Jászberény,Madrid,3
JÁSZ–NAGYKUN–SZOLNOK,02,Jászberény,Bern,16
JÁSZ–NAGYKUN–SZOLNOK,02,Jászberény,Stockholm,3
JÁSZ–NAGYKUN–SZOLNOK,02,Jászberény,Pozsony,1
JÁSZ–NAGYKUN–SZOLNOK,02,Jászberény,Isztambul,1
JÁSZ–NAGYKUN–SZOLNOK,02,Jászberény,Wellington,1
JÁSZ–NAGYKUN–SZOLNOK,02,Jászberény,Beregszász,8
JÁSZ–NAGYKUN–SZOLNOK,03,Karcag,Chicago,2
JÁSZ–NAGYKUN–SZOLNOK,03,Karcag,Los Angeles,5
JÁSZ–NAGYKUN–SZOLNOK,03,Karcag,New York,1
JÁSZ–NAGYKUN–SZOLNOK,03,Karcag,San Francisco,1
JÁSZ–NAGYKUN–SZOLNOK,03,Karcag,Melbourne,1
JÁSZ–NAGYKUN–SZOLNOK,03,Karcag,Sydney,4
JÁSZ–NAGYKUN–SZOLNOK,03,Karcag,Bécs,5
JÁSZ–NAGYKUN–SZOLNOK,03,Karcag,Brüsszel,6
JÁSZ–NAGYKUN–SZOLNOK,03,Karcag,Prága,1
JÁSZ–NAGYKUN–SZOLNOK,03,Karcag,Koppenhága,3
JÁSZ–NAGYKUN–SZOLNOK,03,Karcag,Abu Dhabi,2
JÁSZ–NAGYKUN–SZOLNOK,03,Karcag,Helsinki,1
JÁSZ–NAGYKUN–SZOLNOK,03,Karcag,Párizs,4
JÁSZ–NAGYKUN–SZOLNOK,03,Karcag,Hága,7
JÁSZ–NAGYKUN–SZOLNOK,03,Karcag,Erbil,2
JÁSZ–NAGYKUN–SZOLNOK,03,Karcag,Dublin,7
JÁSZ–NAGYKUN–SZOLNOK,03,Karcag,Tokió,2
JÁSZ–NAGYKUN–SZOLNOK,03,Karcag,Amman,1
JÁSZ–NAGYKUN–SZOLNOK,03,Karcag,Toronto,3
JÁSZ–NAGYKUN–SZOLNOK,03,Karcag,Hongkong,1
JÁSZ–NAGYKUN–SZOLNOK,03,Karcag,Pristina,3
JÁSZ–NAGYKUN–SZOLNOK,03,Karcag,Varsó,2
JÁSZ–NAGYKUN–SZOLNOK,03,Karcag,Riga,1
JÁSZ–NAGYKUN–SZOLNOK,03,Karcag,Szkopje,1
JÁSZ–NAGYKUN–SZOLNOK,03,Karcag,Edinburgh,6
JÁSZ–NAGYKUN–SZOLNOK,03,Karcag,London,63
JÁSZ–NAGYKUN–SZOLNOK,03,Karcag,Manchester,8
JÁSZ–NAGYKUN–SZOLNOK,03,Karcag,Berlin,11
JÁSZ–NAGYKUN–SZOLNOK,03,Karcag,Düsseldorf,8
JÁSZ–NAGYKUN–SZOLNOK,03,Karcag,München,24
JÁSZ–NAGYKUN–SZOLNOK,03,Karcag,Stuttgart,22
JÁSZ–NAGYKUN–SZOLNOK,03,Karcag,Abuja,2
JÁSZ–NAGYKUN–SZOLNOK,03,Karcag,Osló,2
JÁSZ–NAGYKUN–SZOLNOK,03,Karcag,Milánó,2
JÁSZ–NAGYKUN–SZOLNOK,03,Karcag,Róma,1
JÁSZ–NAGYKUN–SZOLNOK,03,Karcag,Lisszabon,3
JÁSZ–NAGYKUN–SZOLNOK,03,Karcag,Csíkszereda,15
JÁSZ–NAGYKUN–SZOLNOK,03,Karcag,Barcelona,1
JÁSZ–NAGYKUN–SZOLNOK,03,Karcag,Madrid,2
JÁSZ–NAGYKUN–SZOLNOK,03,Karcag,Bern,12
JÁSZ–NAGYKUN–SZOLNOK,03,Karcag,Stockholm,2
JÁSZ–NAGYKUN–SZOLNOK,03,Karcag,Szingapúr,1
JÁSZ–NAGYKUN–SZOLNOK,03,Karcag,Pozsony,2
JÁSZ–NAGYKUN–SZOLNOK,03,Karcag,Ljubljana,2
JÁSZ–NAGYKUN–SZOLNOK,03,Karcag,Bangkok,1
JÁSZ–NAGYKUN–SZOLNOK,03,Karcag,Beregszász,29
JÁSZ–NAGYKUN–SZOLNOK,03,Karcag,Ungvár,4
JÁSZ–NAGYKUN–SZOLNOK,04,Törökszentmiklós,New York,4
JÁSZ–NAGYKUN–SZOLNOK,04,Törökszentmiklós,San Francisco,1
JÁSZ–NAGYKUN–SZOLNOK,04,Törökszentmiklós,Bécs,5
JÁSZ–NAGYKUN–SZOLNOK,04,Törökszentmiklós,Minszk,1
JÁSZ–NAGYKUN–SZOLNOK,04,Törökszentmiklós,Brüsszel,8
JÁSZ–NAGYKUN–SZOLNOK,04,Törökszentmiklós,Szarajevó,1
JÁSZ–NAGYKUN–SZOLNOK,04,Törökszentmiklós,Prága,1
JÁSZ–NAGYKUN–SZOLNOK,04,Törökszentmiklós,Koppenhága,3
JÁSZ–NAGYKUN–SZOLNOK,04,Törökszentmiklós,Abu Dhabi,1
JÁSZ–NAGYKUN–SZOLNOK,04,Törökszentmiklós,Helsinki,2
JÁSZ–NAGYKUN–SZOLNOK,04,Törökszentmiklós,Párizs,1
JÁSZ–NAGYKUN–SZOLNOK,04,Törökszentmiklós,Tbiliszi,1
JÁSZ–NAGYKUN–SZOLNOK,04,Törökszentmiklós,Hága,15
JÁSZ–NAGYKUN–SZOLNOK,04,Törökszentmiklós,Erbil,4
JÁSZ–NAGYKUN–SZOLNOK,04,Törökszentmiklós,Dublin,11
JÁSZ–NAGYKUN–SZOLNOK,04,Törökszentmiklós,Tel-Aviv,1
JÁSZ–NAGYKUN–SZOLNOK,04,Törökszentmiklós,Tokió,1
JÁSZ–NAGYKUN–SZOLNOK,04,Törökszentmiklós,Peking,1
JÁSZ–NAGYKUN–SZOLNOK,04,Törökszentmiklós,Pristina,3
JÁSZ–NAGYKUN–SZOLNOK,04,Törökszentmiklós,Krakkó,1
JÁSZ–NAGYKUN–SZOLNOK,04,Törökszentmiklós,Varsó,2
JÁSZ–NAGYKUN–SZOLNOK,04,Törökszentmiklós,Szkopje,1
JÁSZ–NAGYKUN–SZOLNOK,04,Törökszentmiklós,Edinburgh,5
JÁSZ–NAGYKUN–SZOLNOK,04,Törökszentmiklós,London,57
JÁSZ–NAGYKUN–SZOLNOK,04,Törökszentmiklós,Manchester,24
JÁSZ–NAGYKUN–SZOLNOK,04,Törökszentmiklós,Berlin,10
JÁSZ–NAGYKUN–SZOLNOK,04,Törökszentmiklós,Düsseldorf,16
JÁSZ–NAGYKUN–SZOLNOK,04,Törökszentmiklós,München,32
JÁSZ–NAGYKUN–SZOLNOK,04,Törökszentmiklós,Stuttgart,27
JÁSZ–NAGYKUN–SZOLNOK,04,Törökszentmiklós,Milánó,3
JÁSZ–NAGYKUN–SZOLNOK,04,Törökszentmiklós,Moszkva,1
JÁSZ–NAGYKUN–SZOLNOK,04,Törökszentmiklós,Lisszabon,2
JÁSZ–NAGYKUN–SZOLNOK,04,Törökszentmiklós,Csíkszereda,1
JÁSZ–NAGYKUN–SZOLNOK,04,Törökszentmiklós,Kolozsvár,3
JÁSZ–NAGYKUN–SZOLNOK,04,Törökszentmiklós,Barcelona,2
JÁSZ–NAGYKUN–SZOLNOK,04,Törökszentmiklós,Madrid,4
JÁSZ–NAGYKUN–SZOLNOK,04,Törökszentmiklós,Bern,12
JÁSZ–NAGYKUN–SZOLNOK,04,Törökszentmiklós,Stockholm,7
JÁSZ–NAGYKUN–SZOLNOK,04,Törökszentmiklós,Szabadka,2
JÁSZ–NAGYKUN–SZOLNOK,04,Törökszentmiklós,Beregszász,1
KOMÁROM–ESZTERGOM,01,Tatabánya,Chicago,7
KOMÁROM–ESZTERGOM,01,Tatabánya,Los Angeles,2
KOMÁROM–ESZTERGOM,01,Tatabánya,New York,14
KOMÁROM–ESZTERGOM,01,Tatabánya,San Francisco,1
KOMÁROM–ESZTERGOM,01,Tatabánya,Washington,5
KOMÁROM–ESZTERGOM,01,Tatabánya,Melbourne,1
KOMÁROM–ESZTERGOM,01,Tatabánya,Sydney,2
KOMÁROM–ESZTERGOM,01,Tatabánya,Bécs,19
KOMÁROM–ESZTERGOM,01,Tatabánya,Brüsszel,17
KOMÁROM–ESZTERGOM,01,Tatabánya,Szarajevó,3
KOMÁROM–ESZTERGOM,01,Tatabánya,Prága,15
KOMÁROM–ESZTERGOM,01,Tatabánya,Koppenhága,13
KOMÁROM–ESZTERGOM,01,Tatabánya,Abu Dhabi,1
KOMÁROM–ESZTERGOM,01,Tatabánya,Helsinki,1
KOMÁROM–ESZTERGOM,01,Tatabánya,Párizs,8
KOMÁROM–ESZTERGOM,01,Tatabánya,Hága,18
KOMÁROM–ESZTERGOM,01,Tatabánya,Erbil,5
KOMÁROM–ESZTERGOM,01,Tatabánya,Dublin,15
KOMÁROM–ESZTERGOM,01,Tatabánya,Tokió,3
KOMÁROM–ESZTERGOM,01,Tatabánya,Ottawa,1
KOMÁROM–ESZTERGOM,01,Tatabánya,Toronto,3
KOMÁROM–ESZTERGOM,01,Tatabánya,Nairobi,1
KOMÁROM–ESZTERGOM,01,Tatabánya,Peking,1
KOMÁROM–ESZTERGOM,01,Tatabánya,Pristina,26
KOMÁROM–ESZTERGOM,01,Tatabánya,Kuvait,1
KOMÁROM–ESZTERGOM,01,Tatabánya,Krakkó,5
KOMÁROM–ESZTERGOM,01,Tatabánya,Varsó,7
KOMÁROM–ESZTERGOM,01,Tatabánya,Riga,1
KOMÁROM–ESZTERGOM,01,Tatabánya,Szkopje,3
KOMÁROM–ESZTERGOM,01,Tatabánya,Rabat,1
KOMÁROM–ESZTERGOM,01,Tatabánya,Edinburgh,2
KOMÁROM–ESZTERGOM,01,Tatabánya,London,74
KOMÁROM–ESZTERGOM,01,Tatabánya,Manchester,10
KOMÁROM–ESZTERGOM,01,Tatabánya,Berlin,21
KOMÁROM–ESZTERGOM,01,Tatabánya,Düsseldorf,16
KOMÁROM–ESZTERGOM,01,Tatabánya,München,51
KOMÁROM–ESZTERGOM,01,Tatabánya,Stuttgart,54
KOMÁROM–ESZTERGOM,01,Tatabánya,Osló,2
KOMÁROM–ESZTERGOM,01,Tatabánya,Milánó,9
KOMÁROM–ESZTERGOM,01,Tatabánya,Róma,4
KOMÁROM–ESZTERGOM,01,Tatabánya,Jekatyerinburg,1
KOMÁROM–ESZTERGOM,01,Tatabánya,Iszlámábád,1
KOMÁROM–ESZTERGOM,01,Tatabánya,Lisszabon,1
KOMÁROM–ESZTERGOM,01,Tatabánya,Csíkszereda,10
KOMÁROM–ESZTERGOM,01,Tatabánya,Kolozsvár,3
KOMÁROM–ESZTERGOM,01,Tatabánya,Barcelona,1
KOMÁROM–ESZTERGOM,01,Tatabánya,Madrid,4
KOMÁROM–ESZTERGOM,01,Tatabánya,Bern,18
KOMÁROM–ESZTERGOM,01,Tatabánya,Stockholm,8
KOMÁROM–ESZTERGOM,01,Tatabánya,Rijád,1
KOMÁROM–ESZTERGOM,01,Tatabánya,Szabadka,2
KOMÁROM–ESZTERGOM,01,Tatabánya,Szingapúr,1
KOMÁROM–ESZTERGOM,01,Tatabánya,Ljubljana,1
KOMÁROM–ESZTERGOM,01,Tatabánya,Isztambul,1
KOMÁROM–ESZTERGOM,01,Tatabánya,Tunisz,1
KOMÁROM–ESZTERGOM,01,Tatabánya,Wellington,1
KOMÁROM–ESZTERGOM,01,Tatabánya,Beregszász,4
KOMÁROM–ESZTERGOM,01,Tatabánya,Kijev,1
KOMÁROM–ESZTERGOM,01,Tatabánya,Hanoi,1
KOMÁROM–ESZTERGOM,02,Esztergom,Tirana,1
KOMÁROM–ESZTERGOM,02,Esztergom,Los Angeles,1
KOMÁROM–ESZTERGOM,02,Esztergom,New York,5
KOMÁROM–ESZTERGOM,02,Esztergom,San Francisco,3
KOMÁROM–ESZTERGOM,02,Esztergom,Washington,3
KOMÁROM–ESZTERGOM,02,Esztergom,Canberra,1
KOMÁROM–ESZTERGOM,02,Esztergom,Melbourne,2
KOMÁROM–ESZTERGOM,02,Esztergom,Sydney,1
KOMÁROM–ESZTERGOM,02,Esztergom,Bécs,23
KOMÁROM–ESZTERGOM,02,Esztergom,Brüsszel,8
KOMÁROM–ESZTERGOM,02,Esztergom,Szófia,1
KOMÁROM–ESZTERGOM,02,Esztergom,Prága,4
KOMÁROM–ESZTERGOM,02,Esztergom,Koppenhága,3
KOMÁROM–ESZTERGOM,02,Esztergom,Abu Dhabi,1
KOMÁROM–ESZTERGOM,02,Esztergom,Addisz-Abeba,1
KOMÁROM–ESZTERGOM,02,Esztergom,Helsinki,3
KOMÁROM–ESZTERGOM,02,Esztergom,Párizs,5
KOMÁROM–ESZTERGOM,02,Esztergom,Tbiliszi,2
KOMÁROM–ESZTERGOM,02,Esztergom,Hága,16
KOMÁROM–ESZTERGOM,02,Esztergom,Jakarta,1
KOMÁROM–ESZTERGOM,02,Esztergom,Erbil,1
KOMÁROM–ESZTERGOM,02,Esztergom,Dublin,13
KOMÁROM–ESZTERGOM,02,Esztergom,Tel-Aviv,1
KOMÁROM–ESZTERGOM,02,Esztergom,Tokió,3
KOMÁROM–ESZTERGOM,02,Esztergom,Toronto,1
KOMÁROM–ESZTERGOM,02,Esztergom,Peking,1
KOMÁROM–ESZTERGOM,02,Esztergom,Szöul,1
KOMÁROM–ESZTERGOM,02,Esztergom,Pristina,3
KOMÁROM–ESZTERGOM,02,Esztergom,Kuvait,1
KOMÁROM–ESZTERGOM,02,Esztergom,Krakkó,1
KOMÁROM–ESZTERGOM,02,Esztergom,Varsó,1
KOMÁROM–ESZTERGOM,02,Esztergom,Riga,1
KOMÁROM–ESZTERGOM,02,Esztergom,Bejrút,3
KOMÁROM–ESZTERGOM,02,Esztergom,Ulánbátor,1
KOMÁROM–ESZTERGOM,02,Esztergom,Podgorica,3
KOMÁROM–ESZTERGOM,02,Esztergom,Edinburgh,2
KOMÁROM–ESZTERGOM,02,Esztergom,London,91
KOMÁROM–ESZTERGOM,02,Esztergom,Manchester,24
KOMÁROM–ESZTERGOM,02,Esztergom,Berlin,28
KOMÁROM–ESZTERGOM,02,Esztergom,Düsseldorf,20
KOMÁROM–ESZTERGOM,02,Esztergom,München,69
KOMÁROM–ESZTERGOM,02,Esztergom,Stuttgart,54
KOMÁROM–ESZTERGOM,02,Esztergom,Osló,1
KOMÁROM–ESZTERGOM,02,Esztergom,Milánó,6
KOMÁROM–ESZTERGOM,02,Esztergom,Róma,14
KOMÁROM–ESZTERGOM,02,Esztergom,Moszkva,1
KOMÁROM–ESZTERGOM,02,Esztergom,Lisszabon,3
KOMÁROM–ESZTERGOM,02,Esztergom,Csíkszereda,11
KOMÁROM–ESZTERGOM,02,Esztergom,Kolozsvár,5
KOMÁROM–ESZTERGOM,02,Esztergom,Barcelona,9
KOMÁROM–ESZTERGOM,02,Esztergom,Madrid,1
KOMÁROM–ESZTERGOM,02,Esztergom,Bern,16
KOMÁROM–ESZTERGOM,02,Esztergom,Stockholm,7
KOMÁROM–ESZTERGOM,02,Esztergom,Szabadka,2
KOMÁROM–ESZTERGOM,02,Esztergom,Szingapúr,2
KOMÁROM–ESZTERGOM,02,Esztergom,Ljubljana,2
KOMÁROM–ESZTERGOM,02,Esztergom,Wellington,2
KOMÁROM–ESZTERGOM,02,Esztergom,Beregszász,6
KOMÁROM–ESZTERGOM,02,Esztergom,Ungvár,3
KOMÁROM–ESZTERGOM,03,Komárom,New York,3
KOMÁROM–ESZTERGOM,03,Komárom,Melbourne,1
KOMÁROM–ESZTERGOM,03,Komárom,Bécs,18
KOMÁROM–ESZTERGOM,03,Komárom,Brüsszel,6
KOMÁROM–ESZTERGOM,03,Komárom,Szarajevó,1
KOMÁROM–ESZTERGOM,03,Komárom,Szófia,2
KOMÁROM–ESZTERGOM,03,Komárom,Prága,1
KOMÁROM–ESZTERGOM,03,Komárom,Koppenhága,3
KOMÁROM–ESZTERGOM,03,Komárom,Abu Dhabi,2
KOMÁROM–ESZTERGOM,03,Komárom,Kairó,1
KOMÁROM–ESZTERGOM,03,Komárom,Helsinki,2
KOMÁROM–ESZTERGOM,03,Komárom,Párizs,4
KOMÁROM–ESZTERGOM,03,Komárom,Athén,1
KOMÁROM–ESZTERGOM,03,Komárom,Hága,8
KOMÁROM–ESZTERGOM,03,Komárom,Eszék,1
KOMÁROM–ESZTERGOM,03,Komárom,Erbil,1
KOMÁROM–ESZTERGOM,03,Komárom,Dublin,9
KOMÁROM–ESZTERGOM,03,Komárom,Amman,1
KOMÁROM–ESZTERGOM,03,Komárom,Toronto,3
KOMÁROM–ESZTERGOM,03,Komárom,Doha,1
KOMÁROM–ESZTERGOM,03,Komárom,Sanghaj,4
KOMÁROM–ESZTERGOM,03,Komárom,Pristina,18
KOMÁROM–ESZTERGOM,03,Komárom,Kuvait,1
KOMÁROM–ESZTERGOM,03,Komárom,Krakkó,2
KOMÁROM–ESZTERGOM,03,Komárom,Varsó,1
KOMÁROM–ESZTERGOM,03,Komárom,Szkopje,1
KOMÁROM–ESZTERGOM,03,Komárom,Rabat,1
KOMÁROM–ESZTERGOM,03,Komárom,Podgorica,2
KOMÁROM–ESZTERGOM,03,Komárom,Edinburgh,6
KOMÁROM–ESZTERGOM,03,Komárom,London,60
KOMÁROM–ESZTERGOM,03,Komárom,Manchester,9
KOMÁROM–ESZTERGOM,03,Komárom,Berlin,5
KOMÁROM–ESZTERGOM,03,Komárom,Düsseldorf,4
KOMÁROM–ESZTERGOM,03,Komárom,München,53
KOMÁROM–ESZTERGOM,03,Komárom,Stuttgart,25
KOMÁROM–ESZTERGOM,03,Komárom,Osló,5
KOMÁROM–ESZTERGOM,03,Komárom,Milánó,2
KOMÁROM–ESZTERGOM,03,Komárom,Róma,3
KOMÁROM–ESZTERGOM,03,Komárom,Lisszabon,2
KOMÁROM–ESZTERGOM,03,Komárom,Csíkszereda,3
KOMÁROM–ESZTERGOM,03,Komárom,Kolozsvár,7
KOMÁROM–ESZTERGOM,03,Komárom,Barcelona,5
KOMÁROM–ESZTERGOM,03,Komárom,Bern,13
KOMÁROM–ESZTERGOM,03,Komárom,Stockholm,5
KOMÁROM–ESZTERGOM,03,Komárom,Pozsony,3
KOMÁROM–ESZTERGOM,03,Komárom,Bangkok,1
KOMÁROM–ESZTERGOM,03,Komárom,Beregszász,7
KOMÁROM–ESZTERGOM,03,Komárom,Ungvár,5
NÓGRÁD,01,Salgótarján,Los Angeles,3
NÓGRÁD,01,Salgótarján,New York,4
NÓGRÁD,01,Salgótarján,San Francisco,1
NÓGRÁD,01,Salgótarján,Sydney,2
NÓGRÁD,01,Salgótarján,Bécs,8
NÓGRÁD,01,Salgótarján,Brüsszel,10
NÓGRÁD,01,Salgótarján,Prága,7
NÓGRÁD,01,Salgótarján,Koppenhága,5
NÓGRÁD,01,Salgótarján,Abu Dhabi,6
NÓGRÁD,01,Salgótarján,Kairó,1
NÓGRÁD,01,Salgótarján,Helsinki,5
NÓGRÁD,01,Salgótarján,Párizs,10
NÓGRÁD,01,Salgótarján,Athén,1
NÓGRÁD,01,Salgótarján,Hága,16
NÓGRÁD,01,Salgótarján,Jakarta,1
NÓGRÁD,01,Salgótarján,Erbil,1
NÓGRÁD,01,Salgótarján,Dublin,11
NÓGRÁD,01,Salgótarján,Tel-Aviv,1
NÓGRÁD,01,Salgótarján,Tokió,1
NÓGRÁD,01,Salgótarján,Ottawa,1
NÓGRÁD,01,Salgótarján,Toronto,4
NÓGRÁD,01,Salgótarján,Hongkong,1
NÓGRÁD,01,Salgótarján,Pristina,3
NÓGRÁD,01,Salgótarján,Kuvait,2
NÓGRÁD,01,Salgótarján,Varsó,1
NÓGRÁD,01,Salgótarján,Szkopje,1
NÓGRÁD,01,Salgótarján,Podgorica,1
NÓGRÁD,01,Salgótarján,Edinburgh,3
NÓGRÁD,01,Salgótarján,London,63
NÓGRÁD,01,Salgótarján,Manchester,23
NÓGRÁD,01,Salgótarján,Berlin,9
NÓGRÁD,01,Salgótarján,Düsseldorf,13
NÓGRÁD,01,Salgótarján,München,59
NÓGRÁD,01,Salgótarján,Stuttgart,42
NÓGRÁD,01,Salgótarján,Osló,6
NÓGRÁD,01,Salgótarján,Milánó,2
NÓGRÁD,01,Salgótarján,Róma,4
NÓGRÁD,01,Salgótarján,Moszkva,1
NÓGRÁD,01,Salgótarján,Lisszabon,1
NÓGRÁD,01,Salgótarján,Csíkszereda,5
NÓGRÁD,01,Salgótarján,Kolozsvár,2
NÓGRÁD,01,Salgótarján,Barcelona,3
NÓGRÁD,01,Salgótarján,Madrid,4
NÓGRÁD,01,Salgótarján,Bern,14
NÓGRÁD,01,Salgótarján,Stockholm,6
NÓGRÁD,01,Salgótarján,Ljubljana,1
NÓGRÁD,01,Salgótarján,Beregszász,5
NÓGRÁD,02,Balassagyarmat,Los Angeles,1
NÓGRÁD,02,Balassagyarmat,New York,5
NÓGRÁD,02,Balassagyarmat,San Francisco,2
NÓGRÁD,02,Balassagyarmat,Washington,1
NÓGRÁD,02,Balassagyarmat,Melbourne,2
NÓGRÁD,02,Balassagyarmat,Bécs,13
NÓGRÁD,02,Balassagyarmat,Brüsszel,13
NÓGRÁD,02,Balassagyarmat,Szófia,2
NÓGRÁD,02,Balassagyarmat,Santiago de Chile,2
NÓGRÁD,02,Balassagyarmat,Prága,1
NÓGRÁD,02,Balassagyarmat,Koppenhága,9
NÓGRÁD,02,Balassagyarmat,Abu Dhabi,2
NÓGRÁD,02,Balassagyarmat,Addisz-Abeba,1
NÓGRÁD,02,Balassagyarmat,Helsinki,5
NÓGRÁD,02,Balassagyarmat,Párizs,3
NÓGRÁD,02,Balassagyarmat,Hága,22
NÓGRÁD,02,Balassagyarmat,Eszék,1
NÓGRÁD,02,Balassagyarmat,Zágráb,1
NÓGRÁD,02,Balassagyarmat,Erbil,1
NÓGRÁD,02,Balassagyarmat,Dublin,12
NÓGRÁD,02,Balassagyarmat,Tokió,2
NÓGRÁD,02,Balassagyarmat,Ottawa,1
NÓGRÁD,02,Balassagyarmat,Toronto,2
NÓGRÁD,02,Balassagyarmat,Hongkong,1
NÓGRÁD,02,Balassagyarmat,Peking,2
NÓGRÁD,02,Balassagyarmat,Sanghaj,1
NÓGRÁD,02,Balassagyarmat,Szöul,1
NÓGRÁD,02,Balassagyarmat,Pristina,4
NÓGRÁD,02,Balassagyarmat,Krakkó,4
NÓGRÁD,02,Balassagyarmat,Varsó,1
NÓGRÁD,02,Balassagyarmat,Bejrút,1
NÓGRÁD,02,Balassagyarmat,Podgorica,1
NÓGRÁD,02,Balassagyarmat,Edinburgh,8
NÓGRÁD,02,Balassagyarmat,London,56
NÓGRÁD,02,Balassagyarmat,Manchester,11
NÓGRÁD,02,Balassagyarmat,Berlin,25
NÓGRÁD,02,Balassagyarmat,Düsseldorf,5
NÓGRÁD,02,Balassagyarmat,München,39
NÓGRÁD,02,Balassagyarmat,Stuttgart,32
NÓGRÁD,02,Balassagyarmat,Róma,3
NÓGRÁD,02,Balassagyarmat,Szentpétervár,2
NÓGRÁD,02,Balassagyarmat,Lisszabon,1
NÓGRÁD,02,Balassagyarmat,Csíkszereda,11
NÓGRÁD,02,Balassagyarmat,Kolozsvár,1
NÓGRÁD,02,Balassagyarmat,Barcelona,1
NÓGRÁD,02,Balassagyarmat,Madrid,3
NÓGRÁD,02,Balassagyarmat,Bern,14
NÓGRÁD,02,Balassagyarmat,Stockholm,6
NÓGRÁD,02,Balassagyarmat,Szingapúr,1
NÓGRÁD,02,Balassagyarmat,Ljubljana,1
NÓGRÁD,02,Balassagyarmat,Beregszász,7
NÓGRÁD,02,Balassagyarmat,Ho Chi Minh Város,1
PEST,01,Érd,Chicago,1
PEST,01,Érd,Los Angeles,2
PEST,01,Érd,New York,17
PEST,01,Érd,San Francisco,1
PEST,01,Érd,Washington,6
PEST,01,Érd,Melbourne,3
PEST,01,Érd,Sydney,3
PEST,01,Érd,Bécs,21
PEST,01,Érd,Baku,2
PEST,01,Érd,Brüsszel,26
PEST,01,Érd,Szarajevó,1
PEST,01,Érd,Szófia,2
PEST,01,Érd,Prága,7
PEST,01,Érd,Koppenhága,24
PEST,01,Érd,Pretoria,1
PEST,01,Érd,Abu Dhabi,8
PEST,01,Érd,Kairó,1
PEST,01,Érd,Helsinki,7
PEST,01,Érd,Párizs,9
PEST,01,Érd,Tbiliszi,2
PEST,01,Érd,Athén,1
PEST,01,Érd,Hága,29
PEST,01,Érd,Zágráb,4
PEST,01,Érd,Jakarta,2
PEST,01,Érd,Erbil,2
PEST,01,Érd,Dublin,16
PEST,01,Érd,Tel-Aviv,1
PEST,01,Érd,Tokió,4
PEST,01,Érd,Ottawa,1
PEST,01,Érd,Toronto,6
PEST,01,Érd,Asztana,1
PEST,01,Érd,Nairobi,2
PEST,01,Érd,Hongkong,3
PEST,01,Érd,Sanghaj,3
PEST,01,Érd,Szöul,3
PEST,01,Érd,Kuvait,1
PEST,01,Érd,Krakkó,3
PEST,01,Érd,Varsó,1
PEST,01,Érd,Bejrút,1
PEST,01,Érd,Vilnius,1
PEST,01,Érd,Kuala Lumpur,2
PEST,01,Érd,Rabat,1
PEST,01,Érd,Mexikóváros,1
PEST,01,Érd,Kisinyov,1
PEST,01,Érd,Edinburgh,22
PEST,01,Érd,London,116
PEST,01,Érd,Manchester,31
PEST,01,Érd,Berlin,31
PEST,01,Érd,Düsseldorf,26
PEST,01,Érd,München,56
PEST,01,Érd,Stuttgart,60
PEST,01,Érd,Osló,7
PEST,01,Érd,Milánó,11
PEST,01,Érd,Róma,11
PEST,01,Érd,Moszkva,4
PEST,01,Érd,Iszlámábád,1
PEST,01,Érd,Lisszabon,4
PEST,01,Érd,Bukarest,2
PEST,01,Érd,Csíkszereda,46
PEST,01,Érd,Kolozsvár,21
PEST,01,Érd,Barcelona,12
PEST,01,Érd,Madrid,9
PEST,01,Érd,Bern,21
PEST,01,Érd,Stockholm,14
PEST,01,Érd,Szabadka,10
PEST,01,Érd,Szingapúr,3
PEST,01,Érd,Pozsony,1
PEST,01,Érd,Lendva,1
PEST,01,Érd,Bangkok,3
PEST,01,Érd,Isztambul,1
PEST,01,Érd,Tunisz,1
PEST,01,Érd,Beregszász,13
PEST,01,Érd,Kijev,1
PEST,01,Érd,Ungvár,5
PEST,01,Érd,Ho Chi Minh Város,1
PEST,02,Budakeszi,Tirana,2
PEST,02,Budakeszi,Chicago,6
PEST,02,Budakeszi,Los Angeles,10
PEST,02,Budakeszi,New York,16
PEST,02,Budakeszi,San Francisco,9
PEST,02,Budakeszi,Washington,6
PEST,02,Budakeszi,Buenos Aires,2
PEST,02,Budakeszi,Melbourne,3
PEST,02,Budakeszi,Sydney,9
PEST,02,Budakeszi,Bécs,50
PEST,02,Budakeszi,Baku,3
PEST,02,Budakeszi,Brüsszel,43
PEST,02,Budakeszi,Szófia,1
PEST,02,Budakeszi,Prága,18
PEST,02,Budakeszi,Koppenhága,41
PEST,02,Budakeszi,Pretoria,1
PEST,02,Budakeszi,Quito,4
PEST,02,Budakeszi,Abu Dhabi,3
PEST,02,Budakeszi,Helsinki,19
PEST,02,Budakeszi,Párizs,31
PEST,02,Budakeszi,Tbiliszi,1
PEST,02,Budakeszi,Accra,2
PEST,02,Budakeszi,Athén,5
PEST,02,Budakeszi,Hága,54
PEST,02,Budakeszi,Zágráb,3
PEST,02,Budakeszi,Újdelhi,3
PEST,02,Budakeszi,Jakarta,6
PEST,02,Budakeszi,Erbil,1
PEST,02,Budakeszi,Dublin,19
PEST,02,Budakeszi,Tel-Aviv,12
PEST,02,Budakeszi,Tokió,10
PEST,02,Budakeszi,Amman,1
PEST,02,Budakeszi,Ottawa,1
PEST,02,Budakeszi,Toronto,9
PEST,02,Budakeszi,Doha,4
PEST,02,Budakeszi,Almati,3
PEST,02,Budakeszi,Hongkong,3
PEST,02,Budakeszi,Peking,2
PEST,02,Budakeszi,Sanghaj,6
PEST,02,Budakeszi,Szöul,3
PEST,02,Budakeszi,Pristina,4
PEST,02,Budakeszi,Havanna,1
PEST,02,Budakeszi,Kuvait,4
PEST,02,Budakeszi,Krakkó,10
PEST,02,Budakeszi,Varsó,14
PEST,02,Budakeszi,Riga,2
PEST,02,Budakeszi,Bejrút,2
PEST,02,Budakeszi,Vilnius,2
PEST,02,Budakeszi,Szkopje,1
PEST,02,Budakeszi,Rabat,4
PEST,02,Budakeszi,Ulánbátor,1
PEST,02,Budakeszi,Podgorica,1
PEST,02,Budakeszi,Edinburgh,21
PEST,02,Budakeszi,London,176
PEST,02,Budakeszi,Manchester,22
PEST,02,Budakeszi,Berlin,53
PEST,02,Budakeszi,Düsseldorf,40
PEST,02,Budakeszi,München,92
PEST,02,Budakeszi,Stuttgart,79
PEST,02,Budakeszi,Osló,13
PEST,02,Budakeszi,Milánó,18
PEST,02,Budakeszi,Róma,17
PEST,02,Budakeszi,Moszkva,7
PEST,02,Budakeszi,Lisszabon,6
PEST,02,Budakeszi,Bukarest,2
PEST,02,Budakeszi,Csíkszereda,60
PEST,02,Budakeszi,Kolozsvár,18
PEST,02,Budakeszi,Barcelona,38
PEST,02,Budakeszi,Madrid,11
PEST,02,Budakeszi,Bern,76
PEST,02,Budakeszi,Stockholm,23
PEST,02,Budakeszi,Szabadka,5
PEST,02,Budakeszi,Szingapúr,7
PEST,02,Budakeszi,Kassa,2
PEST,02,Budakeszi,Pozsony,1
PEST,02,Budakeszi,Lendva,2
PEST,02,Budakeszi,Ljubljana,5
PEST,02,Budakeszi,Bangkok,4
PEST,02,Budakeszi,Isztambul,4
PEST,02,Budakeszi,Wellington,3
PEST,02,Budakeszi,Beregszász,17
PEST,02,Budakeszi,Kijev,1
PEST,02,Budakeszi,Ungvár,4
PEST,02,Budakeszi,Taskent,3
PEST,02,Budakeszi,Hanoi,2
PEST,02,Budakeszi,Ho Chi Minh Város,5
PEST,03,Szentendre,Tirana,3
PEST,03,Szentendre,Chicago,3
PEST,03,Szentendre,Los Angeles,3
PEST,03,Szentendre,New York,16
PEST,03,Szentendre,San Francisco,7
PEST,03,Szentendre,Washington,7
PEST,03,Szentendre,Luanda,1
PEST,03,Szentendre,Canberra,1
PEST,03,Szentendre,Melbourne,4
PEST,03,Szentendre,Sydney,7
PEST,03,Szentendre,Bécs,51
PEST,03,Szentendre,Brüsszel,38
PEST,03,Szentendre,Sao Paulo,1
PEST,03,Szentendre,Szófia,4
PEST,03,Szentendre,Santiago de Chile,1
PEST,03,Szentendre,Prága,14
PEST,03,Szentendre,Koppenhága,39
PEST,03,Szentendre,Quito,1
PEST,03,Szentendre,Abu Dhabi,3
PEST,03,Szentendre,Kairó,1
PEST,03,Szentendre,Helsinki,16
PEST,03,Szentendre,Párizs,40
PEST,03,Szentendre,Athén,4
PEST,03,Szentendre,Hága,47
PEST,03,Szentendre,Zágráb,4
PEST,03,Szentendre,Jakarta,3
PEST,03,Szentendre,Erbil,2
PEST,03,Szentendre,Dublin,21
PEST,03,Szentendre,Tel-Aviv,4
PEST,03,Szentendre,Tokió,6
PEST,03,Szentendre,Ottawa,4
PEST,03,Szentendre,Toronto,8
PEST,03,Szentendre,Doha,2
PEST,03,Szentendre,Hongkong,1
PEST,03,Szentendre,Peking,3
PEST,03,Szentendre,Sanghaj,2
PEST,03,Szentendre,Pristina,1
PEST,03,Szentendre,Havanna,2
PEST,03,Szentendre,Kuvait,1
PEST,03,Szentendre,Krakkó,7
PEST,03,Szentendre,Varsó,5
PEST,03,Szentendre,Kuala Lumpur,2
PEST,03,Szentendre,Mexikóváros,3
PEST,03,Szentendre,Podgorica,5
PEST,03,Szentendre,Edinburgh,22
PEST,03,Szentendre,London,135
PEST,03,Szentendre,Manchester,15
PEST,03,Szentendre,Berlin,59
PEST,03,Szentendre,Düsseldorf,27
PEST,03,Szentendre,München,89
PEST,03,Szentendre,Stuttgart,55
PEST,03,Szentendre,Osló,9
PEST,03,Szentendre,Milánó,13
PEST,03,Szentendre,Róma,9
PEST,03,Szentendre,Jekatyerinburg,2
PEST,03,Szentendre,Moszkva,5
PEST,03,Szentendre,Lisszabon,5
PEST,03,Szentendre,Csíkszereda,20
PEST,03,Szentendre,Kolozsvár,9
PEST,03,Szentendre,Barcelona,8
PEST,03,Szentendre,Madrid,7
PEST,03,Szentendre,Bern,46
PEST,03,Szentendre,Stockholm,25
PEST,03,Szentendre,Belgrád,5
PEST,03,Szentendre,Szabadka,7
PEST,03,Szentendre,Szingapúr,4
PEST,03,Szentendre,Pozsony,1
PEST,03,Szentendre,Ljubljana,4
PEST,03,Szentendre,Bangkok,1
PEST,03,Szentendre,Ankara,1
PEST,03,Szentendre,Isztambul,6
PEST,03,Szentendre,Wellington,5
PEST,03,Szentendre,Beregszász,25
PEST,03,Szentendre,Kijev,2
PEST,03,Szentendre,Ungvár,4
PEST,03,Szentendre,Hanoi,1
PEST,04,Vác,Los Angeles,1
PEST,04,Vác,New York,10
PEST,04,Vác,San Francisco,3
PEST,04,Vác,Washington,7
PEST,04,Vác,Melbourne,2
PEST,04,Vác,Sydney,2
PEST,04,Vác,Bécs,12
PEST,04,Vác,Brüsszel,16
PEST,04,Vác,Szarajevó,1
PEST,04,Vác,Szófia,1
PEST,04,Vác,Prága,4
PEST,04,Vác,Koppenhága,10
PEST,04,Vác,Pretoria,1
PEST,04,Vác,Abu Dhabi,2
PEST,04,Vác,Helsinki,3
PEST,04,Vác,Párizs,9
PEST,04,Vác,Accra,1
PEST,04,Vác,Hága,25
PEST,04,Vác,Zágráb,1
PEST,04,Vác,Dublin,14
PEST,04,Vác,Tel-Aviv,2
PEST,04,Vác,Tokió,1
PEST,04,Vác,Amman,1
PEST,04,Vác,Ottawa,3
PEST,04,Vác,Toronto,5
PEST,04,Vác,Doha,1
PEST,04,Vác,Hongkong,1
PEST,04,Vác,Peking,3
PEST,04,Vác,Sanghaj,1
PEST,04,Vác,Bogota,2
PEST,04,Vác,Szöul,2
PEST,04,Vác,Pristina,2
PEST,04,Vác,Kuvait,1
PEST,04,Vác,Krakkó,10
PEST,04,Vác,Varsó,2
PEST,04,Vác,Riga,2
PEST,04,Vác,Bejrút,3
PEST,04,Vác,Tripoli,1
PEST,04,Vác,Mexikóváros,1
PEST,04,Vác,Podgorica,2
PEST,04,Vác,Edinburgh,7
PEST,04,Vác,London,85
PEST,04,Vác,Manchester,12
PEST,04,Vác,Berlin,19
PEST,04,Vác,Düsseldorf,11
PEST,04,Vác,München,57
PEST,04,Vác,Stuttgart,16
PEST,04,Vác,Osló,5
PEST,04,Vác,Milánó,5
PEST,04,Vác,Róma,8
PEST,04,Vác,Moszkva,4
PEST,04,Vác,Szentpétervár,1
PEST,04,Vác,Lisszabon,2
PEST,04,Vác,Bukarest,1
PEST,04,Vác,Csíkszereda,15
PEST,04,Vác,Kolozsvár,2
PEST,04,Vác,Barcelona,6
PEST,04,Vác,Madrid,3
PEST,04,Vác,Bern,10
PEST,04,Vác,Stockholm,15
PEST,04,Vác,Szabadka,3
PEST,04,Vác,Szingapúr,1
PEST,04,Vác,Kassa,1
PEST,04,Vác,Ljubljana,2
PEST,04,Vác,Bangkok,1
PEST,04,Vác,Ankara,1
PEST,04,Vác,Isztambul,2
PEST,04,Vác,Wellington,2
PEST,04,Vác,Beregszász,9
PEST,04,Vác,Kijev,1
PEST,04,Vác,Ungvár,4
PEST,04,Vác,Ho Chi Minh Város,1
PEST,05,Dunakeszi,Tirana,3
PEST,05,Dunakeszi,Chicago,7
PEST,05,Dunakeszi,Los Angeles,7
PEST,05,Dunakeszi,New York,10
PEST,05,Dunakeszi,San Francisco,10
PEST,05,Dunakeszi,Washington,1
PEST,05,Dunakeszi,Buenos Aires,1
PEST,05,Dunakeszi,Canberra,3
PEST,05,Dunakeszi,Melbourne,6
PEST,05,Dunakeszi,Sydney,7
PEST,05,Dunakeszi,Bécs,32
PEST,05,Dunakeszi,Brüsszel,29
PEST,05,Dunakeszi,Szófia,1
PEST,05,Dunakeszi,Prága,13
PEST,05,Dunakeszi,Koppenhága,34
PEST,05,Dunakeszi,Pretoria,3
PEST,05,Dunakeszi,Abu Dhabi,1
PEST,05,Dunakeszi,Helsinki,8
PEST,05,Dunakeszi,Párizs,21
PEST,05,Dunakeszi,Manila,3
PEST,05,Dunakeszi,Accra,1
PEST,05,Dunakeszi,Hága,39
PEST,05,Dunakeszi,Zágráb,4
PEST,05,Dunakeszi,Újdelhi,2
PEST,05,Dunakeszi,Dublin,21
PEST,05,Dunakeszi,Tel-Aviv,2
PEST,05,Dunakeszi,Tokió,9
PEST,05,Dunakeszi,Amman,3
PEST,05,Dunakeszi,Ottawa,2
PEST,05,Dunakeszi,Toronto,11
PEST,05,Dunakeszi,Doha,1
PEST,05,Dunakeszi,Asztana,1
PEST,05,Dunakeszi,Nairobi,1
PEST,05,Dunakeszi,Csungking,1
PEST,05,Dunakeszi,Peking,3
PEST,05,Dunakeszi,Sanghaj,1
PEST,05,Dunakeszi,Szöul,2
PEST,05,Dunakeszi,Pristina,2
PEST,05,Dunakeszi,Havanna,2
PEST,05,Dunakeszi,Kuvait,1
PEST,05,Dunakeszi,Krakkó,4
PEST,05,Dunakeszi,Varsó,5
PEST,05,Dunakeszi,Bejrút,1
PEST,05,Dunakeszi,Vilnius,1
PEST,05,Dunakeszi,Szkopje,1
PEST,05,Dunakeszi,Kuala Lumpur,4
PEST,05,Dunakeszi,Rabat,4
PEST,05,Dunakeszi,Edinburgh,27
PEST,05,Dunakeszi,London,137
PEST,05,Dunakeszi,Manchester,28
PEST,05,Dunakeszi,Berlin,25
PEST,05,Dunakeszi,Düsseldorf,25
PEST,05,Dunakeszi,München,98
PEST,05,Dunakeszi,Stuttgart,47
PEST,05,Dunakeszi,Osló,7
PEST,05,Dunakeszi,Milánó,16
PEST,05,Dunakeszi,Róma,13
PEST,05,Dunakeszi,Jekatyerinburg,1
PEST,05,Dunakeszi,Moszkva,1
PEST,05,Dunakeszi,Lisszabon,4
PEST,05,Dunakeszi,Bukarest,4
PEST,05,Dunakeszi,Csíkszereda,20
PEST,05,Dunakeszi,Kolozsvár,15
PEST,05,Dunakeszi,Barcelona,12
PEST,05,Dunakeszi,Madrid,14
PEST,05,Dunakeszi,Bern,33
PEST,05,Dunakeszi,Stockholm,14
PEST,05,Dunakeszi,Szabadka,8
PEST,05,Dunakeszi,Szingapúr,3
PEST,05,Dunakeszi,Pozsony,1
PEST,05,Dunakeszi,Ljubljana,11
PEST,05,Dunakeszi,Bangkok,2
PEST,05,Dunakeszi,Isztambul,3
PEST,05,Dunakeszi,Tunisz,1
PEST,05,Dunakeszi,Wellington,1
PEST,05,Dunakeszi,Beregszász,15
PEST,05,Dunakeszi,Kijev,2
PEST,05,Dunakeszi,Ungvár,8
PEST,05,Dunakeszi,Hanoi,1
PEST,05,Dunakeszi,Ho Chi Minh Város,2
PEST,06,Gödöllő,Chicago,4
PEST,06,Gödöllő,Los Angeles,2
PEST,06,Gödöllő,New York,9
PEST,06,Gödöllő,San Francisco,3
PEST,06,Gödöllő,Washington,1
PEST,06,Gödöllő,Sydney,2
PEST,06,Gödöllő,Bécs,23
PEST,06,Gödöllő,Brüsszel,27
PEST,06,Gödöllő,Szófia,1
PEST,06,Gödöllő,Prága,11
PEST,06,Gödöllő,Koppenhága,16
PEST,06,Gödöllő,Pretoria,1
PEST,06,Gödöllő,Abu Dhabi,3
PEST,06,Gödöllő,Kairó,1
PEST,06,Gödöllő,Helsinki,13
PEST,06,Gödöllő,Párizs,23
PEST,06,Gödöllő,Athén,1
PEST,06,Gödöllő,Hága,27
PEST,06,Gödöllő,Zágráb,3
PEST,06,Gödöllő,Újdelhi,1
PEST,06,Gödöllő,Jakarta,1
PEST,06,Gödöllő,Dublin,10
PEST,06,Gödöllő,Tel-Aviv,4
PEST,06,Gödöllő,Tokió,2
PEST,06,Gödöllő,Ottawa,2
PEST,06,Gödöllő,Toronto,1
PEST,06,Gödöllő,Nairobi,1
PEST,06,Gödöllő,Hongkong,2
PEST,06,Gödöllő,Peking,1
PEST,06,Gödöllő,Sanghaj,1
PEST,06,Gödöllő,Pristina,3
PEST,06,Gödöllő,Krakkó,6
PEST,06,Gödöllő,Varsó,6
PEST,06,Gödöllő,Bejrút,1
PEST,06,Gödöllő,Edinburgh,11
PEST,06,Gödöllő,London,113
PEST,06,Gödöllő,Manchester,20
PEST,06,Gödöllő,Berlin,26
PEST,06,Gödöllő,Düsseldorf,22
PEST,06,Gödöllő,München,48
PEST,06,Gödöllő,Stuttgart,33
PEST,06,Gödöllő,Abuja,1
PEST,06,Gödöllő,Osló,6
PEST,06,Gödöllő,Milánó,11
PEST,06,Gödöllő,Róma,5
PEST,06,Gödöllő,Moszkva,4
PEST,06,Gödöllő,Iszlámábád,4
PEST,06,Gödöllő,Lisszabon,3
PEST,06,Gödöllő,Bukarest,4
PEST,06,Gödöllő,Csíkszereda,19
PEST,06,Gödöllő,Kolozsvár,8
PEST,06,Gödöllő,Barcelona,5
PEST,06,Gödöllő,Madrid,1
PEST,06,Gödöllő,Bern,24
PEST,06,Gödöllő,Stockholm,17
PEST,06,Gödöllő,Belgrád,1
PEST,06,Gödöllő,Szabadka,7
PEST,06,Gödöllő,Szingapúr,3
PEST,06,Gödöllő,Kassa,1
PEST,06,Gödöllő,Pozsony,4
PEST,06,Gödöllő,Lendva,1
PEST,06,Gödöllő,Ljubljana,1
PEST,06,Gödöllő,Bangkok,1
PEST,06,Gödöllő,Beregszász,14
PEST,06,Gödöllő,Ungvár,4
PEST,06,Gödöllő,Hanoi,1
PEST,06,Gödöllő,Ho Chi Minh Város,1
PEST,07,Vecsés,Algír,1
PEST,07,Vecsés,Chicago,1
PEST,07,Vecsés,Los Angeles,1
PEST,07,Vecsés,New York,10
PEST,07,Vecsés,San Francisco,3
PEST,07,Vecsés,Washington,3
PEST,07,Vecsés,Sydney,4
PEST,07,Vecsés,Bécs,19
PEST,07,Vecsés,Brüsszel,15
PEST,07,Vecsés,Prága,7
PEST,07,Vecsés,Koppenhága,10
PEST,07,Vecsés,Abu Dhabi,1
PEST,07,Vecsés,Helsinki,7
PEST,07,Vecsés,Párizs,5
PEST,07,Vecsés,Tbiliszi,1
PEST,07,Vecsés,Athén,2
PEST,07,Vecsés,Hága,17
PEST,07,Vecsés,Újdelhi,1
PEST,07,Vecsés,Jakarta,1
PEST,07,Vecsés,Dublin,12
PEST,07,Vecsés,Tel-Aviv,1
PEST,07,Vecsés,Tokió,3
PEST,07,Vecsés,Amman,1
PEST,07,Vecsés,Ottawa,1
PEST,07,Vecsés,Toronto,9
PEST,07,Vecsés,Doha,1
PEST,07,Vecsés,Nairobi,2
PEST,07,Vecsés,Peking,2
PEST,07,Vecsés,Sanghaj,1
PEST,07,Vecsés,Pristina,2
PEST,07,Vecsés,Krakkó,3
PEST,07,Vecsés,Varsó,2
PEST,07,Vecsés,Vilnius,1
PEST,07,Vecsés,Kuala Lumpur,1
PEST,07,Vecsés,Rabat,2
PEST,07,Vecsés,Edinburgh,7
PEST,07,Vecsés,London,107
PEST,07,Vecsés,Manchester,14
PEST,07,Vecsés,Berlin,12
PEST,07,Vecsés,Düsseldorf,24
PEST,07,Vecsés,München,28
PEST,07,Vecsés,Stuttgart,28
PEST,07,Vecsés,Osló,6
PEST,07,Vecsés,Milánó,5
PEST,07,Vecsés,Róma,10
PEST,07,Vecsés,Moszkva,2
PEST,07,Vecsés,Lisszabon,1
PEST,07,Vecsés,Csíkszereda,44
PEST,07,Vecsés,Kolozsvár,8
PEST,07,Vecsés,Barcelona,15
PEST,07,Vecsés,Madrid,4
PEST,07,Vecsés,Bern,26
PEST,07,Vecsés,Stockholm,15
PEST,07,Vecsés,Szabadka,8
PEST,07,Vecsés,Szingapúr,3
PEST,07,Vecsés,Ljubljana,2
PEST,07,Vecsés,Ankara,1
PEST,07,Vecsés,Isztambul,1
PEST,07,Vecsés,Wellington,1
PEST,07,Vecsés,Beregszász,12
PEST,07,Vecsés,Ungvár,4
PEST,07,Vecsés,Taskent,1
PEST,07,Vecsés,Hanoi,1
PEST,08,Szigetszentmiklós,Tirana,2
PEST,08,Szigetszentmiklós,Chicago,3
PEST,08,Szigetszentmiklós,Los Angeles,6
PEST,08,Szigetszentmiklós,New York,18
PEST,08,Szigetszentmiklós,San Francisco,2
PEST,08,Szigetszentmiklós,Washington,5
PEST,08,Szigetszentmiklós,Melbourne,2
PEST,08,Szigetszentmiklós,Sydney,1
PEST,08,Szigetszentmiklós,Bécs,26
PEST,08,Szigetszentmiklós,Minszk,1
PEST,08,Szigetszentmiklós,Brüsszel,19
PEST,08,Szigetszentmiklós,Szarajevó,3
PEST,08,Szigetszentmiklós,Szófia,1
PEST,08,Szigetszentmiklós,Santiago de Chile,1
PEST,08,Szigetszentmiklós,Prága,10
PEST,08,Szigetszentmiklós,Koppenhága,11
PEST,08,Szigetszentmiklós,Quito,1
PEST,08,Szigetszentmiklós,Abu Dhabi,9
PEST,08,Szigetszentmiklós,Helsinki,3
PEST,08,Szigetszentmiklós,Párizs,6
PEST,08,Szigetszentmiklós,Tbiliszi,1
PEST,08,Szigetszentmiklós,Accra,2
PEST,08,Szigetszentmiklós,Athén,3
PEST,08,Szigetszentmiklós,Hága,33
PEST,08,Szigetszentmiklós,Eszék,1
PEST,08,Szigetszentmiklós,Teherán,1
PEST,08,Szigetszentmiklós,Dublin,21
PEST,08,Szigetszentmiklós,Tel-Aviv,1
PEST,08,Szigetszentmiklós,Tokió,2
PEST,08,Szigetszentmiklós,Ottawa,1
PEST,08,Szigetszentmiklós,Toronto,3
PEST,08,Szigetszentmiklós,Doha,2
PEST,08,Szigetszentmiklós,Almati,1
PEST,08,Szigetszentmiklós,Csungking,1
PEST,08,Szigetszentmiklós,Hongkong,1
PEST,08,Szigetszentmiklós,Peking,3
PEST,08,Szigetszentmiklós,Sanghaj,2
PEST,08,Szigetszentmiklós,Szöul,3
PEST,08,Szigetszentmiklós,Havanna,2
PEST,08,Szigetszentmiklós,Kuvait,1
PEST,08,Szigetszentmiklós,Krakkó,5
PEST,08,Szigetszentmiklós,Varsó,3
PEST,08,Szigetszentmiklós,Rabat,1
PEST,08,Szigetszentmiklós,Mexikóváros,1
PEST,08,Szigetszentmiklós,Edinburgh,24
PEST,08,Szigetszentmiklós,London,95
PEST,08,Szigetszentmiklós,Manchester,27
PEST,08,Szigetszentmiklós,Berlin,14
PEST,08,Szigetszentmiklós,Düsseldorf,16
PEST,08,Szigetszentmiklós,München,53
PEST,08,Szigetszentmiklós,Stuttgart,34
PEST,08,Szigetszentmiklós,Osló,5
PEST,08,Szigetszentmiklós,Milánó,1
PEST,08,Szigetszentmiklós,Róma,11
PEST,08,Szigetszentmiklós,Szentpétervár,1
PEST,08,Szigetszentmiklós,Lisszabon,4
PEST,08,Szigetszentmiklós,Bukarest,3
PEST,08,Szigetszentmiklós,Csíkszereda,41
PEST,08,Szigetszentmiklós,Kolozsvár,12
PEST,08,Szigetszentmiklós,Barcelona,5
PEST,08,Szigetszentmiklós,Madrid,4
PEST,08,Szigetszentmiklós,Bern,30
PEST,08,Szigetszentmiklós,Stockholm,10
PEST,08,Szigetszentmiklós,Belgrád,1
PEST,08,Szigetszentmiklós,Szabadka,9
PEST,08,Szigetszentmiklós,Szingapúr,1
PEST,08,Szigetszentmiklós,Pozsony,2
PEST,08,Szigetszentmiklós,Ljubljana,2
PEST,08,Szigetszentmiklós,Bangkok,5
PEST,08,Szigetszentmiklós,Beregszász,20
PEST,08,Szigetszentmiklós,Kijev,1
PEST,08,Szigetszentmiklós,Ungvár,6
PEST,09,Nagykáta,Bécs,7
PEST,09,Nagykáta,Brüsszel,11
PEST,09,Nagykáta,Prága,2
PEST,09,Nagykáta,Koppenhága,4
PEST,09,Nagykáta,Pretoria,2
PEST,09,Nagykáta,Helsinki,2
PEST,09,Nagykáta,Párizs,4
PEST,09,Nagykáta,Hága,7
PEST,09,Nagykáta,Dublin,7
PEST,09,Nagykáta,Tel-Aviv,1
PEST,09,Nagykáta,Ottawa,1
PEST,09,Nagykáta,Toronto,2
PEST,09,Nagykáta,Hongkong,2
PEST,09,Nagykáta,Sanghaj,1
PEST,09,Nagykáta,Pristina,2
PEST,09,Nagykáta,Krakkó,1
PEST,09,Nagykáta,Vilnius,2
PEST,09,Nagykáta,Edinburgh,5
PEST,09,Nagykáta,London,72
PEST,09,Nagykáta,Manchester,7
PEST,09,Nagykáta,Berlin,13
PEST,09,Nagykáta,Düsseldorf,6
PEST,09,Nagykáta,München,20
PEST,09,Nagykáta,Stuttgart,14
PEST,09,Nagykáta,Milánó,2
PEST,09,Nagykáta,Lima,1
PEST,09,Nagykáta,Csíkszereda,18
PEST,09,Nagykáta,Kolozsvár,3
PEST,09,Nagykáta,Barcelona,2
PEST,09,Nagykáta,Madrid,1
PEST,09,Nagykáta,Bern,11
PEST,09,Nagykáta,Stockholm,2
PEST,09,Nagykáta,Belgrád,1
PEST,09,Nagykáta,Szabadka,2
PEST,09,Nagykáta,Beregszász,8
PEST,09,Nagykáta,Ungvár,2
PEST,10,Monor,New York,4
PEST,10,Monor,San Francisco,1
PEST,10,Monor,Bécs,10
PEST,10,Monor,Brüsszel,7
PEST,10,Monor,Prága,4
PEST,10,Monor,Koppenhága,4
PEST,10,Monor,Helsinki,3
PEST,10,Monor,Párizs,4
PEST,10,Monor,Hága,18
PEST,10,Monor,Dublin,4
PEST,10,Monor,Tel-Aviv,1
PEST,10,Monor,Tokió,1
PEST,10,Monor,Ottawa,1
PEST,10,Monor,Toronto,1
PEST,10,Monor,Sanghaj,1
PEST,10,Monor,Szöul,1
PEST,10,Monor,Pristina,2
PEST,10,Monor,Krakkó,2
PEST,10,Monor,Mexikóváros,1
PEST,10,Monor,Ulánbátor,1
PEST,10,Monor,Edinburgh,11
PEST,10,Monor,London,68
PEST,10,Monor,Manchester,16
PEST,10,Monor,Berlin,13
PEST,10,Monor,Düsseldorf,6
PEST,10,Monor,München,38
PEST,10,Monor,Stuttgart,22
PEST,10,Monor,Milánó,4
PEST,10,Monor,Róma,4
PEST,10,Monor,Moszkva,2
PEST,10,Monor,Lima,1
PEST,10,Monor,Csíkszereda,18
PEST,10,Monor,Kolozsvár,7
PEST,10,Monor,Barcelona,1
PEST,10,Monor,Madrid,2
PEST,10,Monor,Bern,7
PEST,10,Monor,Stockholm,2
PEST,10,Monor,Szabadka,3
PEST,10,Monor,Pozsony,1
PEST,10,Monor,Bangkok,1
PEST,10,Monor,Beregszász,22
PEST,10,Monor,Ungvár,4
PEST,10,Monor,Hanoi,1
PEST,11,Dabas,Chicago,1
PEST,11,Dabas,Los Angeles,3
PEST,11,Dabas,New York,6
PEST,11,Dabas,San Francisco,1
PEST,11,Dabas,Washington,2
PEST,11,Dabas,Melbourne,1
PEST,11,Dabas,Sydney,2
PEST,11,Dabas,Bécs,16
PEST,11,Dabas,Brüsszel,20
PEST,11,Dabas,Szófia,2
PEST,11,Dabas,Prága,4
PEST,11,Dabas,Koppenhága,8
PEST,11,Dabas,Pretoria,1
PEST,11,Dabas,Abu Dhabi,5
PEST,11,Dabas,Helsinki,1
PEST,11,Dabas,Párizs,6
PEST,11,Dabas,Athén,1
PEST,11,Dabas,Hága,21
PEST,11,Dabas,Erbil,1
PEST,11,Dabas,Dublin,10
PEST,11,Dabas,Tokió,2
PEST,11,Dabas,Amman,1
PEST,11,Dabas,Toronto,5
PEST,11,Dabas,Doha,1
PEST,11,Dabas,Hongkong,1
PEST,11,Dabas,Peking,1
PEST,11,Dabas,Pristina,1
PEST,11,Dabas,Kuvait,1
PEST,11,Dabas,Krakkó,7
PEST,11,Dabas,Varsó,1
PEST,11,Dabas,Kuala Lumpur,1
PEST,11,Dabas,Edinburgh,3
PEST,11,Dabas,London,66
PEST,11,Dabas,Manchester,12
PEST,11,Dabas,Berlin,17
PEST,11,Dabas,Düsseldorf,13
PEST,11,Dabas,München,37
PEST,11,Dabas,Stuttgart,47
PEST,11,Dabas,Osló,5
PEST,11,Dabas,Milánó,5
PEST,11,Dabas,Róma,3
PEST,11,Dabas,Bukarest,1
PEST,11,Dabas,Csíkszereda,31
PEST,11,Dabas,Kolozsvár,3
PEST,11,Dabas,Barcelona,7
PEST,11,Dabas,Madrid,2
PEST,11,Dabas,Bern,14
PEST,11,Dabas,Stockholm,4
PEST,11,Dabas,Belgrád,1
PEST,11,Dabas,Szabadka,3
PEST,11,Dabas,Ljubljana,2
PEST,11,Dabas,Bangkok,2
PEST,11,Dabas,Beregszász,7
PEST,11,Dabas,Ungvár,3
PEST,11,Dabas,Taskent,1
PEST,12,Cegléd,Chicago,1
PEST,12,Cegléd,New York,5
PEST,12,Cegléd,Washington,2
PEST,12,Cegléd,Bécs,6
PEST,12,Cegléd,Brüsszel,9
PEST,12,Cegléd,Szarajevó,2
PEST,12,Cegléd,Prága,1
PEST,12,Cegléd,Koppenhága,7
PEST,12,Cegléd,Abu Dhabi,2
PEST,12,Cegléd,Helsinki,1
PEST,12,Cegléd,Párizs,5
PEST,12,Cegléd,Hága,10
PEST,12,Cegléd,Újdelhi,1
PEST,12,Cegléd,Erbil,8
PEST,12,Cegléd,Dublin,9
PEST,12,Cegléd,Tokió,1
PEST,12,Cegléd,Toronto,1
PEST,12,Cegléd,Hongkong,1
PEST,12,Cegléd,Sanghaj,1
PEST,12,Cegléd,Pristina,3
PEST,12,Cegléd,Havanna,1
PEST,12,Cegléd,Krakkó,1
PEST,12,Cegléd,Varsó,2
PEST,12,Cegléd,Edinburgh,17
PEST,12,Cegléd,London,48
PEST,12,Cegléd,Manchester,8
PEST,12,Cegléd,Berlin,15
PEST,12,Cegléd,Düsseldorf,11
PEST,12,Cegléd,München,42
PEST,12,Cegléd,Stuttgart,23
PEST,12,Cegléd,Osló,1
PEST,12,Cegléd,Milánó,2
PEST,12,Cegléd,Róma,7
PEST,12,Cegléd,Kazány,2
PEST,12,Cegléd,Lisszabon,3
PEST,12,Cegléd,Bukarest,1
PEST,12,Cegléd,Csíkszereda,13
PEST,12,Cegléd,Kolozsvár,2
PEST,12,Cegléd,Barcelona,2
PEST,12,Cegléd,Madrid,3
PEST,12,Cegléd,Bern,14
PEST,12,Cegléd,Stockholm,6
PEST,12,Cegléd,Szabadka,2
PEST,12,Cegléd,Wellington,1
PEST,12,Cegléd,Beregszász,11
SOMOGY,01,Kaposvár,Tirana,1
SOMOGY,01,Kaposvár,Chicago,2
SOMOGY,01,Kaposvár,Los Angeles,1
SOMOGY,01,Kaposvár,New York,7
SOMOGY,01,Kaposvár,Washington,7
SOMOGY,01,Kaposvár,Buenos Aires,1
SOMOGY,01,Kaposvár,Sydney,2
SOMOGY,01,Kaposvár,Bécs,19
SOMOGY,01,Kaposvár,Brüsszel,10
SOMOGY,01,Kaposvár,Szarajevó,11
SOMOGY,01,Kaposvár,Prága,2
SOMOGY,01,Kaposvár,Koppenhága,5
SOMOGY,01,Kaposvár,Helsinki,3
SOMOGY,01,Kaposvár,Párizs,5
SOMOGY,01,Kaposvár,Athén,2
SOMOGY,01,Kaposvár,Hága,15
SOMOGY,01,Kaposvár,Mumbai,1
SOMOGY,01,Kaposvár,Dublin,10
SOMOGY,01,Kaposvár,Tokió,3
SOMOGY,01,Kaposvár,Toronto,2
SOMOGY,01,Kaposvár,Pristina,3
SOMOGY,01,Kaposvár,Kuvait,1
SOMOGY,01,Kaposvár,Krakkó,2
SOMOGY,01,Kaposvár,Varsó,3
SOMOGY,01,Kaposvár,Vilnius,1
SOMOGY,01,Kaposvár,Szkopje,1
SOMOGY,01,Kaposvár,Edinburgh,11
SOMOGY,01,Kaposvár,London,85
SOMOGY,01,Kaposvár,Manchester,23
SOMOGY,01,Kaposvár,Berlin,15
SOMOGY,01,Kaposvár,Düsseldorf,16
SOMOGY,01,Kaposvár,München,25
SOMOGY,01,Kaposvár,Stuttgart,24
SOMOGY,01,Kaposvár,Osló,2
SOMOGY,01,Kaposvár,Milánó,5
SOMOGY,01,Kaposvár,Róma,8
SOMOGY,01,Kaposvár,Moszkva,1
SOMOGY,01,Kaposvár,Lisszabon,4
SOMOGY,01,Kaposvár,Bukarest,1
SOMOGY,01,Kaposvár,Csíkszereda,1
SOMOGY,01,Kaposvár,Barcelona,4
SOMOGY,01,Kaposvár,Madrid,1
SOMOGY,01,Kaposvár,Bern,10
SOMOGY,01,Kaposvár,Stockholm,5
SOMOGY,01,Kaposvár,Ljubljana,17
SOMOGY,01,Kaposvár,Bangkok,1
SOMOGY,01,Kaposvár,Isztambul,1
SOMOGY,02,Barcs,Tirana,1
SOMOGY,02,Barcs,Chicago,1
SOMOGY,02,Barcs,New York,1
SOMOGY,02,Barcs,San Francisco,1
SOMOGY,02,Barcs,Washington,1
SOMOGY,02,Barcs,Bécs,17
SOMOGY,02,Barcs,Brüsszel,2
SOMOGY,02,Barcs,Szarajevó,3
SOMOGY,02,Barcs,Koppenhága,5
SOMOGY,02,Barcs,Pretoria,1
SOMOGY,02,Barcs,Párizs,3
SOMOGY,02,Barcs,Hága,7
SOMOGY,02,Barcs,Erbil,2
SOMOGY,02,Barcs,Dublin,10
SOMOGY,02,Barcs,Toronto,3
SOMOGY,02,Barcs,Peking,1
SOMOGY,02,Barcs,Pristina,2
SOMOGY,02,Barcs,Edinburgh,5
SOMOGY,02,Barcs,London,29
SOMOGY,02,Barcs,Manchester,3
SOMOGY,02,Barcs,Berlin,7
SOMOGY,02,Barcs,Düsseldorf,8
SOMOGY,02,Barcs,München,34
SOMOGY,02,Barcs,Stuttgart,21
SOMOGY,02,Barcs,Milánó,2
SOMOGY,02,Barcs,Róma,1
SOMOGY,02,Barcs,Lisszabon,1
SOMOGY,02,Barcs,Csíkszereda,9
SOMOGY,02,Barcs,Barcelona,4
SOMOGY,02,Barcs,Bern,4
SOMOGY,02,Barcs,Stockholm,3
SOMOGY,02,Barcs,Szingapúr,1
SOMOGY,02,Barcs,Pozsony,1
SOMOGY,02,Barcs,Lendva,1
SOMOGY,02,Barcs,Ho Chi Minh Város,1
SOMOGY,03,Marcali,Chicago,1
SOMOGY,03,Marcali,New York,7
SOMOGY,03,Marcali,San Francisco,2
SOMOGY,03,Marcali,Washington,2
SOMOGY,03,Marcali,Sydney,1
SOMOGY,03,Marcali,Bécs,13
SOMOGY,03,Marcali,Brüsszel,8
SOMOGY,03,Marcali,Szarajevó,2
SOMOGY,03,Marcali,Prága,2
SOMOGY,03,Marcali,Koppenhága,5
SOMOGY,03,Marcali,Pretoria,1
SOMOGY,03,Marcali,Abu Dhabi,3
SOMOGY,03,Marcali,Helsinki,1
SOMOGY,03,Marcali,Párizs,6
SOMOGY,03,Marcali,Hága,9
SOMOGY,03,Marcali,Újdelhi,1
SOMOGY,03,Marcali,Erbil,2
SOMOGY,03,Marcali,Dublin,10
SOMOGY,03,Marcali,Tel-Aviv,1
SOMOGY,03,Marcali,Ottawa,2
SOMOGY,03,Marcali,Toronto,5
SOMOGY,03,Marcali,Csungking,1
SOMOGY,03,Marcali,Pristina,3
SOMOGY,03,Marcali,Varsó,2
SOMOGY,03,Marcali,Ulánbátor,1
SOMOGY,03,Marcali,Edinburgh,2
SOMOGY,03,Marcali,London,38
SOMOGY,03,Marcali,Manchester,10
SOMOGY,03,Marcali,Berlin,8
SOMOGY,03,Marcali,Düsseldorf,16
SOMOGY,03,Marcali,München,48
SOMOGY,03,Marcali,Stuttgart,26
SOMOGY,03,Marcali,Osló,4
SOMOGY,03,Marcali,Milánó,6
SOMOGY,03,Marcali,Lisszabon,1
SOMOGY,03,Marcali,Csíkszereda,11
SOMOGY,03,Marcali,Kolozsvár,3
SOMOGY,03,Marcali,Barcelona,3
SOMOGY,03,Marcali,Madrid,3
SOMOGY,03,Marcali,Bern,8
SOMOGY,03,Marcali,Stockholm,8
SOMOGY,03,Marcali,Szabadka,2
SOMOGY,03,Marcali,Ljubljana,1
SOMOGY,03,Marcali,Beregszász,6
SOMOGY,04,Siófok,Algír,1
SOMOGY,04,Siófok,Los Angeles,1
SOMOGY,04,Siófok,New York,8
SOMOGY,04,Siófok,San Francisco,2
SOMOGY,04,Siófok,Washington,2
SOMOGY,04,Siófok,Sydney,3
SOMOGY,04,Siófok,Bécs,18
SOMOGY,04,Siófok,Brüsszel,12
SOMOGY,04,Siófok,Szarajevó,1
SOMOGY,04,Siófok,Szófia,2
SOMOGY,04,Siófok,Prága,6
SOMOGY,04,Siófok,Koppenhága,9
SOMOGY,04,Siófok,Helsinki,1
SOMOGY,04,Siófok,Párizs,4
SOMOGY,04,Siófok,Athén,1
SOMOGY,04,Siófok,Hága,13
SOMOGY,04,Siófok,Újdelhi,1
SOMOGY,04,Siófok,Erbil,1
SOMOGY,04,Siófok,Dublin,6
SOMOGY,04,Siófok,Tel-Aviv,1
SOMOGY,04,Siófok,Tokió,1
SOMOGY,04,Siófok,Amman,1
SOMOGY,04,Siófok,Toronto,10
SOMOGY,04,Siófok,Peking,1
SOMOGY,04,Siófok,Sanghaj,1
SOMOGY,04,Siófok,Pristina,6
SOMOGY,04,Siófok,Krakkó,2
SOMOGY,04,Siófok,Varsó,2
SOMOGY,04,Siófok,Szkopje,1
SOMOGY,04,Siófok,Edinburgh,9
SOMOGY,04,Siófok,London,49
SOMOGY,04,Siófok,Manchester,7
SOMOGY,04,Siófok,Berlin,17
SOMOGY,04,Siófok,Düsseldorf,12
SOMOGY,04,Siófok,München,61
SOMOGY,04,Siófok,Stuttgart,23
SOMOGY,04,Siófok,Milánó,3
SOMOGY,04,Siófok,Róma,5
SOMOGY,04,Siófok,Kazány,1
SOMOGY,04,Siófok,Bukarest,1
SOMOGY,04,Siófok,Csíkszereda,8
SOMOGY,04,Siófok,Kolozsvár,3
SOMOGY,04,Siófok,Barcelona,1
SOMOGY,04,Siófok,Madrid,4
SOMOGY,04,Siófok,Bern,28
SOMOGY,04,Siófok,Stockholm,9
SOMOGY,04,Siófok,Szabadka,1
SOMOGY,04,Siófok,Pozsony,1
SOMOGY,04,Siófok,Ljubljana,3
SOMOGY,04,Siófok,Bangkok,3
SOMOGY,04,Siófok,Isztambul,1
SOMOGY,04,Siófok,Wellington,2
SOMOGY,04,Siófok,Beregszász,9
SOMOGY,04,Siófok,Ungvár,3
SOMOGY,04,Siófok,Taskent,2
SZABOLCS–SZATMÁR–BEREG,01,Nyíregyháza,Chicago,2
SZABOLCS–SZATMÁR–BEREG,01,Nyíregyháza,New York,9
SZABOLCS–SZATMÁR–BEREG,01,Nyíregyháza,San Francisco,2
SZABOLCS–SZATMÁR–BEREG,01,Nyíregyháza,Washington,3
SZABOLCS–SZATMÁR–BEREG,01,Nyíregyháza,Canberra,1
SZABOLCS–SZATMÁR–BEREG,01,Nyíregyháza,Melbourne,4
SZABOLCS–SZATMÁR–BEREG,01,Nyíregyháza,Sydney,2
SZABOLCS–SZATMÁR–BEREG,01,Nyíregyháza,Bécs,24
SZABOLCS–SZATMÁR–BEREG,01,Nyíregyháza,Minszk,2
SZABOLCS–SZATMÁR–BEREG,01,Nyíregyháza,Brüsszel,15
SZABOLCS–SZATMÁR–BEREG,01,Nyíregyháza,Prága,2
SZABOLCS–SZATMÁR–BEREG,01,Nyíregyháza,Koppenhága,13
SZABOLCS–SZATMÁR–BEREG,01,Nyíregyháza,Pretoria,1
SZABOLCS–SZATMÁR–BEREG,01,Nyíregyháza,Quito,1
SZABOLCS–SZATMÁR–BEREG,01,Nyíregyháza,Párizs,11
SZABOLCS–SZATMÁR–BEREG,01,Nyíregyháza,Athén,1
SZABOLCS–SZATMÁR–BEREG,01,Nyíregyháza,Hága,25
SZABOLCS–SZATMÁR–BEREG,01,Nyíregyháza,Erbil,1
SZABOLCS–SZATMÁR–BEREG,01,Nyíregyháza,Dublin,33
SZABOLCS–SZATMÁR–BEREG,01,Nyíregyháza,Tel-Aviv,2
SZABOLCS–SZATMÁR–BEREG,01,Nyíregyháza,Tokió,2
SZABOLCS–SZATMÁR–BEREG,01,Nyíregyháza,Ottawa,2
SZABOLCS–SZATMÁR–BEREG,01,Nyíregyháza,Toronto,2
SZABOLCS–SZATMÁR–BEREG,01,Nyíregyháza,Csungking,1
SZABOLCS–SZATMÁR–BEREG,01,Nyíregyháza,Sanghaj,1
SZABOLCS–SZATMÁR–BEREG,01,Nyíregyháza,Bogota,2
SZABOLCS–SZATMÁR–BEREG,01,Nyíregyháza,Pristina,2
SZABOLCS–SZATMÁR–BEREG,01,Nyíregyháza,Havanna,1
SZABOLCS–SZATMÁR–BEREG,01,Nyíregyháza,Kuvait,2
SZABOLCS–SZATMÁR–BEREG,01,Nyíregyháza,Krakkó,4
SZABOLCS–SZATMÁR–BEREG,01,Nyíregyháza,Varsó,2
SZABOLCS–SZATMÁR–BEREG,01,Nyíregyháza,Riga,1
SZABOLCS–SZATMÁR–BEREG,01,Nyíregyháza,Bejrút,1
SZABOLCS–SZATMÁR–BEREG,01,Nyíregyháza,Vilnius,1
SZABOLCS–SZATMÁR–BEREG,01,Nyíregyháza,Mexikóváros,1
SZABOLCS–SZATMÁR–BEREG,01,Nyíregyháza,Edinburgh,11
SZABOLCS–SZATMÁR–BEREG,01,Nyíregyháza,London,117
SZABOLCS–SZATMÁR–BEREG,01,Nyíregyháza,Manchester,32
SZABOLCS–SZATMÁR–BEREG,01,Nyíregyháza,Berlin,17
SZABOLCS–SZATMÁR–BEREG,01,Nyíregyháza,Düsseldorf,17
SZABOLCS–SZATMÁR–BEREG,01,Nyíregyháza,München,38
SZABOLCS–SZATMÁR–BEREG,01,Nyíregyháza,Stuttgart,43
SZABOLCS–SZATMÁR–BEREG,01,Nyíregyháza,Osló,4
SZABOLCS–SZATMÁR–BEREG,01,Nyíregyháza,Milánó,6
SZABOLCS–SZATMÁR–BEREG,01,Nyíregyháza,Róma,8
SZABOLCS–SZATMÁR–BEREG,01,Nyíregyháza,Moszkva,3
SZABOLCS–SZATMÁR–BEREG,01,Nyíregyháza,Bukarest,1
SZABOLCS–SZATMÁR–BEREG,01,Nyíregyháza,Csíkszereda,7
SZABOLCS–SZATMÁR–BEREG,01,Nyíregyháza,Kolozsvár,3
SZABOLCS–SZATMÁR–BEREG,01,Nyíregyháza,Barcelona,4
SZABOLCS–SZATMÁR–BEREG,01,Nyíregyháza,Madrid,4
SZABOLCS–SZATMÁR–BEREG,01,Nyíregyháza,Bern,15
SZABOLCS–SZATMÁR–BEREG,01,Nyíregyháza,Stockholm,3
SZABOLCS–SZATMÁR–BEREG,01,Nyíregyháza,Szingapúr,2
SZABOLCS–SZATMÁR–BEREG,01,Nyíregyháza,Kassa,1
SZABOLCS–SZATMÁR–BEREG,01,Nyíregyháza,Ankara,1
SZABOLCS–SZATMÁR–BEREG,01,Nyíregyháza,Wellington,1
SZABOLCS–SZATMÁR–BEREG,01,Nyíregyháza,Beregszász,85
SZABOLCS–SZATMÁR–BEREG,01,Nyíregyháza,Ungvár,29
SZABOLCS–SZATMÁR–BEREG,01,Nyíregyháza,Ho Chi Minh Város,2
SZABOLCS–SZATMÁR–BEREG,02,Nyíregyháza,Los Angeles,1
SZABOLCS–SZATMÁR–BEREG,02,Nyíregyháza,New York,5
SZABOLCS–SZATMÁR–BEREG,02,Nyíregyháza,San Francisco,1
SZABOLCS–SZATMÁR–BEREG,02,Nyíregyháza,Bécs,7
SZABOLCS–SZATMÁR–BEREG,02,Nyíregyháza,Minszk,1
SZABOLCS–SZATMÁR–BEREG,02,Nyíregyháza,Brüsszel,8
SZABOLCS–SZATMÁR–BEREG,02,Nyíregyháza,Prága,1
SZABOLCS–SZATMÁR–BEREG,02,Nyíregyháza,Koppenhága,14
SZABOLCS–SZATMÁR–BEREG,02,Nyíregyháza,Párizs,3
SZABOLCS–SZATMÁR–BEREG,02,Nyíregyháza,Hága,8
SZABOLCS–SZATMÁR–BEREG,02,Nyíregyháza,Zágráb,1
SZABOLCS–SZATMÁR–BEREG,02,Nyíregyháza,Dublin,8
SZABOLCS–SZATMÁR–BEREG,02,Nyíregyháza,Tel-Aviv,2
SZABOLCS–SZATMÁR–BEREG,02,Nyíregyháza,Tokió,2
SZABOLCS–SZATMÁR–BEREG,02,Nyíregyháza,Krakkó,3
SZABOLCS–SZATMÁR–BEREG,02,Nyíregyháza,Varsó,1
SZABOLCS–SZATMÁR–BEREG,02,Nyíregyháza,Riga,1
SZABOLCS–SZATMÁR–BEREG,02,Nyíregyháza,Edinburgh,8
SZABOLCS–SZATMÁR–BEREG,02,Nyíregyháza,London,50
SZABOLCS–SZATMÁR–BEREG,02,Nyíregyháza,Manchester,6
SZABOLCS–SZATMÁR–BEREG,02,Nyíregyháza,Berlin,5
SZABOLCS–SZATMÁR–BEREG,02,Nyíregyháza,Düsseldorf,10
SZABOLCS–SZATMÁR–BEREG,02,Nyíregyháza,München,25
SZABOLCS–SZATMÁR–BEREG,02,Nyíregyháza,Stuttgart,21
SZABOLCS–SZATMÁR–BEREG,02,Nyíregyháza,Milánó,1
SZABOLCS–SZATMÁR–BEREG,02,Nyíregyháza,Róma,4
SZABOLCS–SZATMÁR–BEREG,02,Nyíregyháza,Iszlámábád,1
SZABOLCS–SZATMÁR–BEREG,02,Nyíregyháza,Kolozsvár,2
SZABOLCS–SZATMÁR–BEREG,02,Nyíregyháza,Barcelona,1
SZABOLCS–SZATMÁR–BEREG,02,Nyíregyháza,Madrid,1
SZABOLCS–SZATMÁR–BEREG,02,Nyíregyháza,Bern,8
SZABOLCS–SZATMÁR–BEREG,02,Nyíregyháza,Stockholm,4
SZABOLCS–SZATMÁR–BEREG,02,Nyíregyháza,Szingapúr,2
SZABOLCS–SZATMÁR–BEREG,02,Nyíregyháza,Lendva,1
SZABOLCS–SZATMÁR–BEREG,02,Nyíregyháza,Bangkok,1
SZABOLCS–SZATMÁR–BEREG,02,Nyíregyháza,Beregszász,64
SZABOLCS–SZATMÁR–BEREG,02,Nyíregyháza,Ungvár,13
SZABOLCS–SZATMÁR–BEREG,03,Kisvárda,New York,2
SZABOLCS–SZATMÁR–BEREG,03,Kisvárda,Washington,1
SZABOLCS–SZATMÁR–BEREG,03,Kisvárda,Melbourne,1
SZABOLCS–SZATMÁR–BEREG,03,Kisvárda,Sydney,2
SZABOLCS–SZATMÁR–BEREG,03,Kisvárda,Bécs,4
SZABOLCS–SZATMÁR–BEREG,03,Kisvárda,Brüsszel,7
SZABOLCS–SZATMÁR–BEREG,03,Kisvárda,Prága,2
SZABOLCS–SZATMÁR–BEREG,03,Kisvárda,Koppenhága,6
SZABOLCS–SZATMÁR–BEREG,03,Kisvárda,Helsinki,2
SZABOLCS–SZATMÁR–BEREG,03,Kisvárda,Párizs,3
SZABOLCS–SZATMÁR–BEREG,03,Kisvárda,Athén,1
SZABOLCS–SZATMÁR–BEREG,03,Kisvárda,Hága,7
SZABOLCS–SZATMÁR–BEREG,03,Kisvárda,Jakarta,1
SZABOLCS–SZATMÁR–BEREG,03,Kisvárda,Erbil,1
SZABOLCS–SZATMÁR–BEREG,03,Kisvárda,Dublin,2
SZABOLCS–SZATMÁR–BEREG,03,Kisvárda,Tokió,1
SZABOLCS–SZATMÁR–BEREG,03,Kisvárda,Ottawa,4
SZABOLCS–SZATMÁR–BEREG,03,Kisvárda,Toronto,1
SZABOLCS–SZATMÁR–BEREG,03,Kisvárda,Pristina,4
SZABOLCS–SZATMÁR–BEREG,03,Kisvárda,Kuvait,1
SZABOLCS–SZATMÁR–BEREG,03,Kisvárda,Varsó,2
SZABOLCS–SZATMÁR–BEREG,03,Kisvárda,Vilnius,1
SZABOLCS–SZATMÁR–BEREG,03,Kisvárda,Kisinyov,1
SZABOLCS–SZATMÁR–BEREG,03,Kisvárda,Edinburgh,4
SZABOLCS–SZATMÁR–BEREG,03,Kisvárda,London,36
SZABOLCS–SZATMÁR–BEREG,03,Kisvárda,Manchester,13
SZABOLCS–SZATMÁR–BEREG,03,Kisvárda,Berlin,11
SZABOLCS–SZATMÁR–BEREG,03,Kisvárda,Düsseldorf,8
SZABOLCS–SZATMÁR–BEREG,03,Kisvárda,München,24
SZABOLCS–SZATMÁR–BEREG,03,Kisvárda,Stuttgart,13
SZABOLCS–SZATMÁR–BEREG,03,Kisvárda,Moszkva,1
SZABOLCS–SZATMÁR–BEREG,03,Kisvárda,Lisszabon,2
SZABOLCS–SZATMÁR–BEREG,03,Kisvárda,Csíkszereda,6
SZABOLCS–SZATMÁR–BEREG,03,Kisvárda,Kolozsvár,1
SZABOLCS–SZATMÁR–BEREG,03,Kisvárda,Barcelona,2
SZABOLCS–SZATMÁR–BEREG,03,Kisvárda,Bern,6
SZABOLCS–SZATMÁR–BEREG,03,Kisvárda,Stockholm,3
SZABOLCS–SZATMÁR–BEREG,03,Kisvárda,Beregszász,107
SZABOLCS–SZATMÁR–BEREG,03,Kisvárda,Ungvár,103
SZABOLCS–SZATMÁR–BEREG,04,Vásárosnamény,New York,3
SZABOLCS–SZATMÁR–BEREG,04,Vásárosnamény,Washington,1
SZABOLCS–SZATMÁR–BEREG,04,Vásárosnamény,Melbourne,1
SZABOLCS–SZATMÁR–BEREG,04,Vásárosnamény,Bécs,3
SZABOLCS–SZATMÁR–BEREG,04,Vásárosnamény,Brüsszel,6
SZABOLCS–SZATMÁR–BEREG,04,Vásárosnamény,Szarajevó,2
SZABOLCS–SZATMÁR–BEREG,04,Vásárosnamény,Prága,3
SZABOLCS–SZATMÁR–BEREG,04,Vásárosnamény,Koppenhága,7
SZABOLCS–SZATMÁR–BEREG,04,Vásárosnamény,Abu Dhabi,3
SZABOLCS–SZATMÁR–BEREG,04,Vásárosnamény,Párizs,2
SZABOLCS–SZATMÁR–BEREG,04,Vásárosnamény,Tbiliszi,1
SZABOLCS–SZATMÁR–BEREG,04,Vásárosnamény,Hága,6
SZABOLCS–SZATMÁR–BEREG,04,Vásárosnamény,Erbil,1
SZABOLCS–SZATMÁR–BEREG,04,Vásárosnamény,Dublin,4
SZABOLCS–SZATMÁR–BEREG,04,Vásárosnamény,Tel-Aviv,2
SZABOLCS–SZATMÁR–BEREG,04,Vásárosnamény,Toronto,1
SZABOLCS–SZATMÁR–BEREG,04,Vásárosnamény,Pristina,3
SZABOLCS–SZATMÁR–BEREG,04,Vásárosnamény,Krakkó,1
SZABOLCS–SZATMÁR–BEREG,04,Vásárosnamény,Edinburgh,5
SZABOLCS–SZATMÁR–BEREG,04,Vásárosnamény,London,44
SZABOLCS–SZATMÁR–BEREG,04,Vásárosnamény,Manchester,4
SZABOLCS–SZATMÁR–BEREG,04,Vásárosnamény,Berlin,11
SZABOLCS–SZATMÁR–BEREG,04,Vásárosnamény,Düsseldorf,5
SZABOLCS–SZATMÁR–BEREG,04,Vásárosnamény,München,20
SZABOLCS–SZATMÁR–BEREG,04,Vásárosnamény,Stuttgart,25
SZABOLCS–SZATMÁR–BEREG,04,Vásárosnamény,Milánó,2
SZABOLCS–SZATMÁR–BEREG,04,Vásárosnamény,Moszkva,2
SZABOLCS–SZATMÁR–BEREG,04,Vásárosnamény,Csíkszereda,3
SZABOLCS–SZATMÁR–BEREG,04,Vásárosnamény,Barcelona,3
SZABOLCS–SZATMÁR–BEREG,04,Vásárosnamény,Madrid,2
SZABOLCS–SZATMÁR–BEREG,04,Vásárosnamény,Bern,4
SZABOLCS–SZATMÁR–BEREG,04,Vásárosnamény,Szabadka,3
SZABOLCS–SZATMÁR–BEREG,04,Vásárosnamény,Pozsony,1
SZABOLCS–SZATMÁR–BEREG,04,Vásárosnamény,Tunisz,1
SZABOLCS–SZATMÁR–BEREG,04,Vásárosnamény,Beregszász,625
SZABOLCS–SZATMÁR–BEREG,04,Vásárosnamény,Kijev,2
SZABOLCS–SZATMÁR–BEREG,04,Vásárosnamény,Ungvár,69
SZABOLCS–SZATMÁR–BEREG,05,Mátészalka,New York,2
SZABOLCS–SZATMÁR–BEREG,05,Mátészalka,Washington,1
SZABOLCS–SZATMÁR–BEREG,05,Mátészalka,Sydney,3
SZABOLCS–SZATMÁR–BEREG,05,Mátészalka,Bécs,5
SZABOLCS–SZATMÁR–BEREG,05,Mátészalka,Brüsszel,7
SZABOLCS–SZATMÁR–BEREG,05,Mátészalka,Koppenhága,1
SZABOLCS–SZATMÁR–BEREG,05,Mátészalka,Helsinki,1
SZABOLCS–SZATMÁR–BEREG,05,Mátészalka,Párizs,5
SZABOLCS–SZATMÁR–BEREG,05,Mátészalka,Hága,10
SZABOLCS–SZATMÁR–BEREG,05,Mátészalka,Erbil,1
SZABOLCS–SZATMÁR–BEREG,05,Mátészalka,Dublin,10
SZABOLCS–SZATMÁR–BEREG,05,Mátészalka,Tel-Aviv,1
SZABOLCS–SZATMÁR–BEREG,05,Mátészalka,Toronto,2
SZABOLCS–SZATMÁR–BEREG,05,Mátészalka,Doha,1
SZABOLCS–SZATMÁR–BEREG,05,Mátészalka,Csungking,1
SZABOLCS–SZATMÁR–BEREG,05,Mátészalka,Hongkong,1
SZABOLCS–SZATMÁR–BEREG,05,Mátészalka,Pristina,1
SZABOLCS–SZATMÁR–BEREG,05,Mátészalka,Krakkó,1
SZABOLCS–SZATMÁR–BEREG,05,Mátészalka,Varsó,2
SZABOLCS–SZATMÁR–BEREG,05,Mátészalka,Vilnius,1
SZABOLCS–SZATMÁR–BEREG,05,Mátészalka,Podgorica,1
SZABOLCS–SZATMÁR–BEREG,05,Mátészalka,Edinburgh,3
SZABOLCS–SZATMÁR–BEREG,05,Mátészalka,London,37
SZABOLCS–SZATMÁR–BEREG,05,Mátészalka,Manchester,6
SZABOLCS–SZATMÁR–BEREG,05,Mátészalka,Berlin,13
SZABOLCS–SZATMÁR–BEREG,05,Mátészalka,Düsseldorf,10
SZABOLCS–SZATMÁR–BEREG,05,Mátészalka,München,28
SZABOLCS–SZATMÁR–BEREG,05,Mátészalka,Stuttgart,19
SZABOLCS–SZATMÁR–BEREG,05,Mátészalka,Milánó,2
SZABOLCS–SZATMÁR–BEREG,05,Mátészalka,Moszkva,2
SZABOLCS–SZATMÁR–BEREG,05,Mátészalka,Lisszabon,1
SZABOLCS–SZATMÁR–BEREG,05,Mátészalka,Csíkszereda,6
SZABOLCS–SZATMÁR–BEREG,05,Mátészalka,Kolozsvár,1
SZABOLCS–SZATMÁR–BEREG,05,Mátészalka,Barcelona,2
SZABOLCS–SZATMÁR–BEREG,05,Mátészalka,Bern,5
SZABOLCS–SZATMÁR–BEREG,05,Mátészalka,Stockholm,4
SZABOLCS–SZATMÁR–BEREG,05,Mátészalka,Bangkok,1
SZABOLCS–SZATMÁR–BEREG,05,Mátészalka,Beregszász,181
SZABOLCS–SZATMÁR–BEREG,05,Mátészalka,Ungvár,19
SZABOLCS–SZATMÁR–BEREG,06,Nyírbátor,New York,1
SZABOLCS–SZATMÁR–BEREG,06,Nyírbátor,Sydney,1
SZABOLCS–SZATMÁR–BEREG,06,Nyírbátor,Bécs,7
SZABOLCS–SZATMÁR–BEREG,06,Nyírbátor,Brüsszel,4
SZABOLCS–SZATMÁR–BEREG,06,Nyírbátor,Szarajevó,1
SZABOLCS–SZATMÁR–BEREG,06,Nyírbátor,Prága,1
SZABOLCS–SZATMÁR–BEREG,06,Nyírbátor,Koppenhága,5
SZABOLCS–SZATMÁR–BEREG,06,Nyírbátor,Abu Dhabi,1
SZABOLCS–SZATMÁR–BEREG,06,Nyírbátor,Párizs,2
SZABOLCS–SZATMÁR–BEREG,06,Nyírbátor,Tbiliszi,1
SZABOLCS–SZATMÁR–BEREG,06,Nyírbátor,Athén,2
SZABOLCS–SZATMÁR–BEREG,06,Nyírbátor,Hága,7
SZABOLCS–SZATMÁR–BEREG,06,Nyírbátor,Dublin,16
SZABOLCS–SZATMÁR–BEREG,06,Nyírbátor,Pristina,3
SZABOLCS–SZATMÁR–BEREG,06,Nyírbátor,Krakkó,4
SZABOLCS–SZATMÁR–BEREG,06,Nyírbátor,Edinburgh,4
SZABOLCS–SZATMÁR–BEREG,06,Nyírbátor,London,47
SZABOLCS–SZATMÁR–BEREG,06,Nyírbátor,Manchester,22
SZABOLCS–SZATMÁR–BEREG,06,Nyírbátor,Berlin,9
SZABOLCS–SZATMÁR–BEREG,06,Nyírbátor,Düsseldorf,7
SZABOLCS–SZATMÁR–BEREG,06,Nyírbátor,München,16
SZABOLCS–SZATMÁR–BEREG,06,Nyírbátor,Stuttgart,21
SZABOLCS–SZATMÁR–BEREG,06,Nyírbátor,Iszlámábád,1
SZABOLCS–SZATMÁR–BEREG,06,Nyírbátor,Lisszabon,2
SZABOLCS–SZATMÁR–BEREG,06,Nyírbátor,Csíkszereda,7
SZABOLCS–SZATMÁR–BEREG,06,Nyírbátor,Kolozsvár,6
SZABOLCS–SZATMÁR–BEREG,06,Nyírbátor,Barcelona,3
SZABOLCS–SZATMÁR–BEREG,06,Nyírbátor,Madrid,8
SZABOLCS–SZATMÁR–BEREG,06,Nyírbátor,Bern,4
SZABOLCS–SZATMÁR–BEREG,06,Nyírbátor,Stockholm,1
SZABOLCS–SZATMÁR–BEREG,06,Nyírbátor,Beregszász,67
SZABOLCS–SZATMÁR–BEREG,06,Nyírbátor,Ungvár,10
TOLNA,01,Szekszárd,Chicago,2
TOLNA,01,Szekszárd,Los Angeles,5
TOLNA,01,Szekszárd,New York,4
TOLNA,01,Szekszárd,San Francisco,2
TOLNA,01,Szekszárd,Washington,2
TOLNA,01,Szekszárd,Melbourne,2
TOLNA,01,Szekszárd,Bécs,28
TOLNA,01,Szekszárd,Brüsszel,11
TOLNA,01,Szekszárd,Szarajevó,1
TOLNA,01,Szekszárd,Prága,2
TOLNA,01,Szekszárd,Koppenhága,6
TOLNA,01,Szekszárd,Abu Dhabi,4
TOLNA,01,Szekszárd,Helsinki,8
TOLNA,01,Szekszárd,Párizs,4
TOLNA,01,Szekszárd,Hága,14
TOLNA,01,Szekszárd,Zágráb,1
TOLNA,01,Szekszárd,Erbil,1
TOLNA,01,Szekszárd,Dublin,14
TOLNA,01,Szekszárd,Tel-Aviv,1
TOLNA,01,Szekszárd,Tokió,1
TOLNA,01,Szekszárd,Toronto,3
TOLNA,01,Szekszárd,Nairobi,1
TOLNA,01,Szekszárd,Bogota,1
TOLNA,01,Szekszárd,Szöul,1
TOLNA,01,Szekszárd,Pristina,2
TOLNA,01,Szekszárd,Krakkó,1
TOLNA,01,Szekszárd,Varsó,2
TOLNA,01,Szekszárd,Kuala Lumpur,1
TOLNA,01,Szekszárd,Rabat,1
TOLNA,01,Szekszárd,Edinburgh,3
TOLNA,01,Szekszárd,London,59
TOLNA,01,Szekszárd,Manchester,16
TOLNA,01,Szekszárd,Berlin,20
TOLNA,01,Szekszárd,Düsseldorf,14
TOLNA,01,Szekszárd,München,58
TOLNA,01,Szekszárd,Stuttgart,41
TOLNA,01,Szekszárd,Osló,2
TOLNA,01,Szekszárd,Milánó,5
TOLNA,01,Szekszárd,Róma,4
TOLNA,01,Szekszárd,Iszlámábád,2
TOLNA,01,Szekszárd,Csíkszereda,14
TOLNA,01,Szekszárd,Kolozsvár,1
TOLNA,01,Szekszárd,Barcelona,2
TOLNA,01,Szekszárd,Madrid,3
TOLNA,01,Szekszárd,Bern,14
TOLNA,01,Szekszárd,Stockholm,2
TOLNA,01,Szekszárd,Szabadka,3
TOLNA,01,Szekszárd,Ljubljana,1
TOLNA,01,Szekszárd,Wellington,4
TOLNA,01,Szekszárd,Beregszász,2
TOLNA,02,Dombóvár,Chicago,1
TOLNA,02,Dombóvár,Los Angeles,2
TOLNA,02,Dombóvár,New York,2
TOLNA,02,Dombóvár,Sydney,3
TOLNA,02,Dombóvár,Bécs,16
TOLNA,02,Dombóvár,Brüsszel,10
TOLNA,02,Dombóvár,Prága,2
TOLNA,02,Dombóvár,Koppenhága,5
TOLNA,02,Dombóvár,Kairó,1
TOLNA,02,Dombóvár,Helsinki,1
TOLNA,02,Dombóvár,Párizs,1
TOLNA,02,Dombóvár,Tbiliszi,1
TOLNA,02,Dombóvár,Athén,1
TOLNA,02,Dombóvár,Hága,12
TOLNA,02,Dombóvár,Dublin,5
TOLNA,02,Dombóvár,Tel-Aviv,1
TOLNA,02,Dombóvár,Nairobi,1
TOLNA,02,Dombóvár,Pristina,3
TOLNA,02,Dombóvár,Kuvait,1
TOLNA,02,Dombóvár,Krakkó,3
TOLNA,02,Dombóvár,Varsó,1
TOLNA,02,Dombóvár,Szkopje,1
TOLNA,02,Dombóvár,Rabat,1
TOLNA,02,Dombóvár,Mexikóváros,1
TOLNA,02,Dombóvár,Edinburgh,6
TOLNA,02,Dombóvár,London,39
TOLNA,02,Dombóvár,Manchester,10
TOLNA,02,Dombóvár,Berlin,12
TOLNA,02,Dombóvár,Düsseldorf,13
TOLNA,02,Dombóvár,München,79
TOLNA,02,Dombóvár,Stuttgart,41
TOLNA,02,Dombóvár,Osló,6
TOLNA,02,Dombóvár,Milánó,4
TOLNA,02,Dombóvár,Róma,5
TOLNA,02,Dombóvár,Moszkva,1
TOLNA,02,Dombóvár,Lisszabon,1
TOLNA,02,Dombóvár,Csíkszereda,3
TOLNA,02,Dombóvár,Kolozsvár,2
TOLNA,02,Dombóvár,Barcelona,1
TOLNA,02,Dombóvár,Madrid,1
TOLNA,02,Dombóvár,Bern,20
TOLNA,02,Dombóvár,Stockholm,2
TOLNA,02,Dombóvár,Szabadka,10
TOLNA,02,Dombóvár,Lendva,1
TOLNA,02,Dombóvár,Ungvár,1
TOLNA,03,Paks,Los Angeles,1
TOLNA,03,Paks,New York,6
TOLNA,03,Paks,San Francisco,2
TOLNA,03,Paks,Melbourne,1
TOLNA,03,Paks,Bécs,9
TOLNA,03,Paks,Brüsszel,10
TOLNA,03,Paks,Szarajevó,2
TOLNA,03,Paks,Szófia,1
TOLNA,03,Paks,Prága,3
TOLNA,03,Paks,Koppenhága,5
TOLNA,03,Paks,Abu Dhabi,2
TOLNA,03,Paks,Helsinki,1
TOLNA,03,Paks,Párizs,4
TOLNA,03,Paks,Tbiliszi,1
TOLNA,03,Paks,Athén,1
TOLNA,03,Paks,Hága,23
TOLNA,03,Paks,Jakarta,1
TOLNA,03,Paks,Dublin,4
TOLNA,03,Paks,Tokió,1
TOLNA,03,Paks,Toronto,3
TOLNA,03,Paks,Doha,3
TOLNA,03,Paks,Pristina,3
TOLNA,03,Paks,Varsó,1
TOLNA,03,Paks,Szkopje,1
TOLNA,03,Paks,Kuala Lumpur,1
TOLNA,03,Paks,Rabat,1
TOLNA,03,Paks,Edinburgh,2
TOLNA,03,Paks,London,37
TOLNA,03,Paks,Manchester,5
TOLNA,03,Paks,Berlin,11
TOLNA,03,Paks,Düsseldorf,8
TOLNA,03,Paks,München,28
TOLNA,03,Paks,Stuttgart,20
TOLNA,03,Paks,Milánó,1
TOLNA,03,Paks,Róma,3
TOLNA,03,Paks,Moszkva,1
TOLNA,03,Paks,Csíkszereda,6
TOLNA,03,Paks,Kolozsvár,6
TOLNA,03,Paks,Madrid,1
TOLNA,03,Paks,Bern,9
TOLNA,03,Paks,Stockholm,2
TOLNA,03,Paks,Szabadka,6
TOLNA,03,Paks,Pozsony,1
TOLNA,03,Paks,Beregszász,8
TOLNA,03,Paks,Ungvár,3
VAS,01,Szombathely,Chicago,2
VAS,01,Szombathely,Los Angeles,4
VAS,01,Szombathely,New York,9
VAS,01,Szombathely,Washington,10
VAS,01,Szombathely,Buenos Aires,1
VAS,01,Szombathely,Canberra,1
VAS,01,Szombathely,Sydney,3
VAS,01,Szombathely,Bécs,22
VAS,01,Szombathely,Baku,1
VAS,01,Szombathely,Brüsszel,13
VAS,01,Szombathely,Szófia,1
VAS,01,Szombathely,Prága,10
VAS,01,Szombathely,Koppenhága,4
VAS,01,Szombathely,Pretoria,3
VAS,01,Szombathely,Abu Dhabi,4
VAS,01,Szombathely,Helsinki,3
VAS,01,Szombathely,Párizs,4
VAS,01,Szombathely,Athén,2
VAS,01,Szombathely,Hága,16
VAS,01,Szombathely,Újdelhi,2
VAS,01,Szombathely,Dublin,7
VAS,01,Szombathely,Tel-Aviv,1
VAS,01,Szombathely,Ottawa,1
VAS,01,Szombathely,Toronto,2
VAS,01,Szombathely,Doha,1
VAS,01,Szombathely,Sanghaj,4
VAS,01,Szombathely,Pristina,2
VAS,01,Szombathely,Krakkó,4
VAS,01,Szombathely,Szkopje,2
VAS,01,Szombathely,Edinburgh,9
VAS,01,Szombathely,London,58
VAS,01,Szombathely,Manchester,7
VAS,01,Szombathely,Berlin,14
VAS,01,Szombathely,Düsseldorf,9
VAS,01,Szombathely,München,24
VAS,01,Szombathely,Stuttgart,14
VAS,01,Szombathely,Osló,1
VAS,01,Szombathely,Milánó,5
VAS,01,Szombathely,Róma,11
VAS,01,Szombathely,Moszkva,1
VAS,01,Szombathely,Csíkszereda,10
VAS,01,Szombathely,Kolozsvár,1
VAS,01,Szombathely,Barcelona,2
VAS,01,Szombathely,Madrid,2
VAS,01,Szombathely,Bern,11
VAS,01,Szombathely,Stockholm,5
VAS,01,Szombathely,Szabadka,2
VAS,01,Szombathely,Pozsony,1
VAS,01,Szombathely,Bangkok,3
VAS,01,Szombathely,Ankara,1
VAS,01,Szombathely,Wellington,2
VAS,01,Szombathely,Ho Chi Minh Város,1
VAS,02,Sárvár,Chicago,1
VAS,02,Sárvár,Los Angeles,1
VAS,02,Sárvár,New York,2
VAS,02,Sárvár,San Francisco,1
VAS,02,Sárvár,Washington,1
VAS,02,Sárvár,Melbourne,1
VAS,02,Sárvár,Bécs,19
VAS,02,Sárvár,Brüsszel,10
VAS,02,Sárvár,Prága,1
VAS,02,Sárvár,Koppenhága,3
VAS,02,Sárvár,Helsinki,1
VAS,02,Sárvár,Párizs,2
VAS,02,Sárvár,Athén,1
VAS,02,Sárvár,Hága,10
VAS,02,Sárvár,Teherán,1
VAS,02,Sárvár,Dublin,8
VAS,02,Sárvár,Tokió,2
VAS,02,Sárvár,Amman,1
VAS,02,Sárvár,Toronto,1
VAS,02,Sárvár,Doha,1
VAS,02,Sárvár,Pristina,3
VAS,02,Sárvár,Varsó,1
VAS,02,Sárvár,Riga,1
VAS,02,Sárvár,Tripoli,1
VAS,02,Sárvár,Edinburgh,3
VAS,02,Sárvár,London,33
VAS,02,Sárvár,Manchester,4
VAS,02,Sárvár,Berlin,6
VAS,02,Sárvár,Düsseldorf,13
VAS,02,Sárvár,München,18
VAS,02,Sárvár,Stuttgart,17
VAS,02,Sárvár,Milánó,1
VAS,02,Sárvár,Róma,4
VAS,02,Sárvár,Lisszabon,2
VAS,02,Sárvár,Csíkszereda,6
VAS,02,Sárvár,Kolozsvár,1
VAS,02,Sárvár,Barcelona,3
VAS,02,Sárvár,Madrid,3
VAS,02,Sárvár,Bern,9
VAS,02,Sárvár,Stockholm,1
VAS,02,Sárvár,Szabadka,2
VAS,02,Sárvár,Kassa,1
VAS,02,Sárvár,Pozsony,2
VAS,02,Sárvár,Bangkok,1
VAS,02,Sárvár,Beregszász,5
VAS,02,Sárvár,Kijev,2
VAS,03,Körmend,Chicago,1
VAS,03,Körmend,New York,2
VAS,03,Körmend,Melbourne,2
VAS,03,Körmend,Sydney,2
VAS,03,Körmend,Bécs,13
VAS,03,Körmend,Brüsszel,3
VAS,03,Körmend,Prága,3
VAS,03,Körmend,Koppenhága,2
VAS,03,Körmend,Pretoria,1
VAS,03,Körmend,Párizs,3
VAS,03,Körmend,Hága,7
VAS,03,Körmend,Zágráb,1
VAS,03,Körmend,Dublin,2
VAS,03,Körmend,Szöul,1
VAS,03,Körmend,Pristina,2
VAS,03,Körmend,Krakkó,3
VAS,03,Körmend,Rabat,2
VAS,03,Körmend,Edinburgh,1
VAS,03,Körmend,London,22
VAS,03,Körmend,Manchester,4
VAS,03,Körmend,Berlin,6
VAS,03,Körmend,Düsseldorf,4
VAS,03,Körmend,München,20
VAS,03,Körmend,Stuttgart,13
VAS,03,Körmend,Osló,1
VAS,03,Körmend,Milánó,2
VAS,03,Körmend,Róma,51
VAS,03,Körmend,Moszkva,3
VAS,03,Körmend,Lisszabon,1
VAS,03,Körmend,Csíkszereda,2
VAS,03,Körmend,Kolozsvár,1
VAS,03,Körmend,Barcelona,1
VAS,03,Körmend,Madrid,7
VAS,03,Körmend,Bern,12
VAS,03,Körmend,Stockholm,3
VAS,03,Körmend,Belgrád,1
VAS,03,Körmend,Ljubljana,2
VAS,03,Körmend,Bangkok,1
VAS,03,Körmend,Wellington,1
VAS,03,Körmend,Beregszász,2
VAS,03,Körmend,Ungvár,6
VESZPRÉM,01,Veszprém,Los Angeles,4
VESZPRÉM,01,Veszprém,New York,8
VESZPRÉM,01,Veszprém,San Francisco,6
VESZPRÉM,01,Veszprém,Washington,4
VESZPRÉM,01,Veszprém,Melbourne,1
VESZPRÉM,01,Veszprém,Bécs,25
VESZPRÉM,01,Veszprém,Baku,1
VESZPRÉM,01,Veszprém,Brüsszel,17
VESZPRÉM,01,Veszprém,Szarajevó,6
VESZPRÉM,01,Veszprém,Prága,9
VESZPRÉM,01,Veszprém,Koppenhága,16
VESZPRÉM,01,Veszprém,Pretoria,1
VESZPRÉM,01,Veszprém,Quito,1
VESZPRÉM,01,Veszprém,Abu Dhabi,1
VESZPRÉM,01,Veszprém,Kairó,1
VESZPRÉM,01,Veszprém,Helsinki,5
VESZPRÉM,01,Veszprém,Párizs,15
VESZPRÉM,01,Veszprém,Hága,12
VESZPRÉM,01,Veszprém,Újdelhi,1
VESZPRÉM,01,Veszprém,Erbil,1
VESZPRÉM,01,Veszprém,Dublin,12
VESZPRÉM,01,Veszprém,Tokió,1
VESZPRÉM,01,Veszprém,Toronto,2
VESZPRÉM,01,Veszprém,Nairobi,1
VESZPRÉM,01,Veszprém,Hongkong,5
VESZPRÉM,01,Veszprém,Peking,1
VESZPRÉM,01,Veszprém,Pristina,5
VESZPRÉM,01,Veszprém,Kuvait,2
VESZPRÉM,01,Veszprém,Krakkó,2
VESZPRÉM,01,Veszprém,Varsó,2
VESZPRÉM,01,Veszprém,Kuala Lumpur,1
VESZPRÉM,01,Veszprém,Edinburgh,10
VESZPRÉM,01,Veszprém,London,111
VESZPRÉM,01,Veszprém,Manchester,9
VESZPRÉM,01,Veszprém,Berlin,22
VESZPRÉM,01,Veszprém,Düsseldorf,10
VESZPRÉM,01,Veszprém,München,70
VESZPRÉM,01,Veszprém,Stuttgart,31
VESZPRÉM,01,Veszprém,Osló,7
VESZPRÉM,01,Veszprém,Milánó,5
VESZPRÉM,01,Veszprém,Róma,6
VESZPRÉM,01,Veszprém,Kazány,1
VESZPRÉM,01,Veszprém,Moszkva,2
VESZPRÉM,01,Veszprém,Lisszabon,2
VESZPRÉM,01,Veszprém,Csíkszereda,6
VESZPRÉM,01,Veszprém,Kolozsvár,1
VESZPRÉM,01,Veszprém,Barcelona,6
VESZPRÉM,01,Veszprém,Madrid,2
VESZPRÉM,01,Veszprém,Bern,28
VESZPRÉM,01,Veszprém,Stockholm,9
VESZPRÉM,01,Veszprém,Szabadka,4
VESZPRÉM,01,Veszprém,Pozsony,6
VESZPRÉM,01,Veszprém,Lendva,1
VESZPRÉM,01,Veszprém,Ljubljana,4
VESZPRÉM,01,Veszprém,Bangkok,1
VESZPRÉM,01,Veszprém,Wellington,2
VESZPRÉM,01,Veszprém,Beregszász,2
VESZPRÉM,01,Veszprém,Kijev,1
VESZPRÉM,01,Veszprém,Taskent,1
VESZPRÉM,02,Balatonfüred,Chicago,1
VESZPRÉM,02,Balatonfüred,Los Angeles,2
VESZPRÉM,02,Balatonfüred,New York,6
VESZPRÉM,02,Balatonfüred,San Francisco,1
VESZPRÉM,02,Balatonfüred,Washington,2
VESZPRÉM,02,Balatonfüred,Melbourne,1
VESZPRÉM,02,Balatonfüred,Sydney,2
VESZPRÉM,02,Balatonfüred,Bécs,27
VESZPRÉM,02,Balatonfüred,Brüsszel,13
VESZPRÉM,02,Balatonfüred,Szarajevó,1
VESZPRÉM,02,Balatonfüred,Sao Paulo,1
VESZPRÉM,02,Balatonfüred,Prága,6
VESZPRÉM,02,Balatonfüred,Koppenhága,11
VESZPRÉM,02,Balatonfüred,Pretoria,2
VESZPRÉM,02,Balatonfüred,Helsinki,3
VESZPRÉM,02,Balatonfüred,Párizs,18
VESZPRÉM,02,Balatonfüred,Athén,1
VESZPRÉM,02,Balatonfüred,Hága,23
VESZPRÉM,02,Balatonfüred,Zágráb,4
VESZPRÉM,02,Balatonfüred,Jakarta,2
VESZPRÉM,02,Balatonfüred,Teherán,1
VESZPRÉM,02,Balatonfüred,Dublin,10
VESZPRÉM,02,Balatonfüred,Tel-Aviv,3
VESZPRÉM,02,Balatonfüred,Tokió,3
VESZPRÉM,02,Balatonfüred,Toronto,4
VESZPRÉM,02,Balatonfüred,Asztana,1
VESZPRÉM,02,Balatonfüred,Sanghaj,1
VESZPRÉM,02,Balatonfüred,Pristina,1
VESZPRÉM,02,Balatonfüred,Kuvait,1
VESZPRÉM,02,Balatonfüred,Krakkó,1
VESZPRÉM,02,Balatonfüred,Varsó,2
VESZPRÉM,02,Balatonfüred,Riga,1
VESZPRÉM,02,Balatonfüred,Edinburgh,8
VESZPRÉM,02,Balatonfüred,London,84
VESZPRÉM,02,Balatonfüred,Manchester,14
VESZPRÉM,02,Balatonfüred,Berlin,18
VESZPRÉM,02,Balatonfüred,Düsseldorf,18
VESZPRÉM,02,Balatonfüred,München,63
VESZPRÉM,02,Balatonfüred,Stuttgart,26
VESZPRÉM,02,Balatonfüred,Osló,4
VESZPRÉM,02,Balatonfüred,Milánó,8
VESZPRÉM,02,Balatonfüred,Róma,8
VESZPRÉM,02,Balatonfüred,Moszkva,2
VESZPRÉM,02,Balatonfüred,Lisszabon,3
VESZPRÉM,02,Balatonfüred,Csíkszereda,14
VESZPRÉM,02,Balatonfüred,Kolozsvár,15
VESZPRÉM,02,Balatonfüred,Barcelona,4
VESZPRÉM,02,Balatonfüred,Madrid,1
VESZPRÉM,02,Balatonfüred,Bern,36
VESZPRÉM,02,Balatonfüred,Stockholm,6
VESZPRÉM,02,Balatonfüred,Belgrád,1
VESZPRÉM,02,Balatonfüred,Szabadka,3
VESZPRÉM,02,Balatonfüred,Pozsony,1
VESZPRÉM,02,Balatonfüred,Lendva,1
VESZPRÉM,02,Balatonfüred,Ljubljana,2
VESZPRÉM,02,Balatonfüred,Isztambul,4
VESZPRÉM,02,Balatonfüred,Tunisz,2
VESZPRÉM,02,Balatonfüred,Wellington,1
VESZPRÉM,02,Balatonfüred,Beregszász,13
VESZPRÉM,03,Tapolca,Chicago,1
VESZPRÉM,03,Tapolca,Los Angeles,5
VESZPRÉM,03,Tapolca,New York,4
VESZPRÉM,03,Tapolca,San Francisco,1
VESZPRÉM,03,Tapolca,Washington,1
VESZPRÉM,03,Tapolca,Sydney,1
VESZPRÉM,03,Tapolca,Bécs,35
VESZPRÉM,03,Tapolca,Brüsszel,20
VESZPRÉM,03,Tapolca,Szarajevó,2
VESZPRÉM,03,Tapolca,Prága,3
VESZPRÉM,03,Tapolca,Koppenhága,4
VESZPRÉM,03,Tapolca,Pretoria,1
VESZPRÉM,03,Tapolca,Abu Dhabi,1
VESZPRÉM,03,Tapolca,Helsinki,2
VESZPRÉM,03,Tapolca,Párizs,4
VESZPRÉM,03,Tapolca,Hága,16
VESZPRÉM,03,Tapolca,Dublin,7
VESZPRÉM,03,Tapolca,Tokió,5
VESZPRÉM,03,Tapolca,Toronto,2
VESZPRÉM,03,Tapolca,Hongkong,1
VESZPRÉM,03,Tapolca,Peking,1
VESZPRÉM,03,Tapolca,Szöul,1
VESZPRÉM,03,Tapolca,Pristina,3
VESZPRÉM,03,Tapolca,Krakkó,1
VESZPRÉM,03,Tapolca,Rabat,1
VESZPRÉM,03,Tapolca,Kisinyov,1
VESZPRÉM,03,Tapolca,Edinburgh,3
VESZPRÉM,03,Tapolca,London,56
VESZPRÉM,03,Tapolca,Manchester,6
VESZPRÉM,03,Tapolca,Berlin,9
VESZPRÉM,03,Tapolca,Düsseldorf,13
VESZPRÉM,03,Tapolca,München,31
VESZPRÉM,03,Tapolca,Stuttgart,26
VESZPRÉM,03,Tapolca,Osló,1
VESZPRÉM,03,Tapolca,Milánó,9
VESZPRÉM,03,Tapolca,Róma,5
VESZPRÉM,03,Tapolca,Kazány,1
VESZPRÉM,03,Tapolca,Csíkszereda,7
VESZPRÉM,03,Tapolca,Kolozsvár,3
VESZPRÉM,03,Tapolca,Barcelona,4
VESZPRÉM,03,Tapolca,Madrid,5
VESZPRÉM,03,Tapolca,Bern,25
VESZPRÉM,03,Tapolca,Stockholm,4
VESZPRÉM,03,Tapolca,Pozsony,2
VESZPRÉM,03,Tapolca,Bangkok,2
VESZPRÉM,03,Tapolca,Wellington,1
VESZPRÉM,03,Tapolca,Beregszász,3
VESZPRÉM,03,Tapolca,Ungvár,2
VESZPRÉM,04,Pápa,Algír,1
VESZPRÉM,04,Pápa,Chicago,2
VESZPRÉM,04,Pápa,New York,8
VESZPRÉM,04,Pápa,San Francisco,1
VESZPRÉM,04,Pápa,Washington,2
VESZPRÉM,04,Pápa,Melbourne,1
VESZPRÉM,04,Pápa,Bécs,13
VESZPRÉM,04,Pápa,Brüsszel,7
VESZPRÉM,04,Pápa,Prága,2
VESZPRÉM,04,Pápa,Koppenhága,4
VESZPRÉM,04,Pápa,Pretoria,1
VESZPRÉM,04,Pápa,Quito,1
VESZPRÉM,04,Pápa,Abu Dhabi,4
VESZPRÉM,04,Pápa,Kairó,1
VESZPRÉM,04,Pápa,Helsinki,3
VESZPRÉM,04,Pápa,Párizs,5
VESZPRÉM,04,Pápa,Hága,14
VESZPRÉM,04,Pápa,Dublin,3
VESZPRÉM,04,Pápa,Tel-Aviv,2
VESZPRÉM,04,Pápa,Tokió,1
VESZPRÉM,04,Pápa,Amman,1
VESZPRÉM,04,Pápa,Ottawa,1
VESZPRÉM,04,Pápa,Bogota,1
VESZPRÉM,04,Pápa,Szöul,1
VESZPRÉM,04,Pápa,Pristina,2
VESZPRÉM,04,Pápa,Varsó,1
VESZPRÉM,04,Pápa,Podgorica,2
VESZPRÉM,04,Pápa,Edinburgh,6
VESZPRÉM,04,Pápa,London,48
VESZPRÉM,04,Pápa,Manchester,11
VESZPRÉM,04,Pápa,Berlin,9
VESZPRÉM,04,Pápa,Düsseldorf,10
VESZPRÉM,04,Pápa,München,30
VESZPRÉM,04,Pápa,Stuttgart,25
VESZPRÉM,04,Pápa,Osló,1
VESZPRÉM,04,Pápa,Milánó,2
VESZPRÉM,04,Pápa,Róma,1
VESZPRÉM,04,Pápa,Lisszabon,1
VESZPRÉM,04,Pápa,Csíkszereda,8
VESZPRÉM,04,Pápa,Kolozsvár,2
VESZPRÉM,04,Pápa,Barcelona,1
VESZPRÉM,04,Pápa,Madrid,1
VESZPRÉM,04,Pápa,Bern,19
VESZPRÉM,04,Pápa,Stockholm,4
VESZPRÉM,04,Pápa,Rijád,1
VESZPRÉM,04,Pápa,Szabadka,3
VESZPRÉM,04,Pápa,Pozsony,1
VESZPRÉM,04,Pápa,Ljubljana,1
VESZPRÉM,04,Pápa,Bangkok,1
VESZPRÉM,04,Pápa,Isztambul,1
VESZPRÉM,04,Pápa,Tunisz,1
VESZPRÉM,04,Pápa,Wellington,2
VESZPRÉM,04,Pápa,Beregszász,7
VESZPRÉM,04,Pápa,Ungvár,6
ZALA,01,Zalaegerszeg,Chicago,3
ZALA,01,Zalaegerszeg,Los Angeles,3
ZALA,01,Zalaegerszeg,New York,5
ZALA,01,Zalaegerszeg,San Francisco,3
ZALA,01,Zalaegerszeg,Melbourne,1
ZALA,01,Zalaegerszeg,Bécs,32
ZALA,01,Zalaegerszeg,Brüsszel,7
ZALA,01,Zalaegerszeg,Prága,3
ZALA,01,Zalaegerszeg,Koppenhága,6
ZALA,01,Zalaegerszeg,Helsinki,2
ZALA,01,Zalaegerszeg,Párizs,6
ZALA,01,Zalaegerszeg,Hága,24
ZALA,01,Zalaegerszeg,Zágráb,2
ZALA,01,Zalaegerszeg,Dublin,8
ZALA,01,Zalaegerszeg,Tel-Aviv,1
ZALA,01,Zalaegerszeg,Tokió,1
ZALA,01,Zalaegerszeg,Toronto,3
ZALA,01,Zalaegerszeg,Csungking,1
ZALA,01,Zalaegerszeg,Peking,1
ZALA,01,Zalaegerszeg,Bogota,1
ZALA,01,Zalaegerszeg,Pristina,1
ZALA,01,Zalaegerszeg,Varsó,1
ZALA,01,Zalaegerszeg,Kuala Lumpur,2
ZALA,01,Zalaegerszeg,Mexikóváros,2
ZALA,01,Zalaegerszeg,Edinburgh,3
ZALA,01,Zalaegerszeg,London,61
ZALA,01,Zalaegerszeg,Manchester,16
ZALA,01,Zalaegerszeg,Berlin,16
ZALA,01,Zalaegerszeg,Düsseldorf,15
ZALA,01,Zalaegerszeg,München,37
ZALA,01,Zalaegerszeg,Stuttgart,25
ZALA,01,Zalaegerszeg,Osló,3
ZALA,01,Zalaegerszeg,Milánó,5
ZALA,01,Zalaegerszeg,Róma,8
ZALA,01,Zalaegerszeg,Moszkva,2
ZALA,01,Zalaegerszeg,Iszlámábád,1
ZALA,01,Zalaegerszeg,Lisszabon,5
ZALA,01,Zalaegerszeg,Csíkszereda,4
ZALA,01,Zalaegerszeg,Barcelona,3
ZALA,01,Zalaegerszeg,Madrid,1
ZALA,01,Zalaegerszeg,Bern,23
ZALA,01,Zalaegerszeg,Stockholm,6
ZALA,01,Zalaegerszeg,Belgrád,1
ZALA,01,Zalaegerszeg,Ljubljana,3
ZALA,01,Zalaegerszeg,Bangkok,4
ZALA,01,Zalaegerszeg,Beregszász,1
ZALA,02,Keszthely,Chicago,3
ZALA,02,Keszthely,Los Angeles,4
ZALA,02,Keszthely,New York,2
ZALA,02,Keszthely,San Francisco,3
ZALA,02,Keszthely,Washington,2
ZALA,02,Keszthely,Melbourne,1
ZALA,02,Keszthely,Sydney,1
ZALA,02,Keszthely,Bécs,34
ZALA,02,Keszthely,Brüsszel,15
ZALA,02,Keszthely,Szarajevó,1
ZALA,02,Keszthely,Prága,2
ZALA,02,Keszthely,Koppenhága,3
ZALA,02,Keszthely,Pretoria,2
ZALA,02,Keszthely,Abu Dhabi,3
ZALA,02,Keszthely,Helsinki,5
ZALA,02,Keszthely,Párizs,9
ZALA,02,Keszthely,Tbiliszi,1
ZALA,02,Keszthely,Athén,2
ZALA,02,Keszthely,Hága,21
ZALA,02,Keszthely,Dublin,12
ZALA,02,Keszthely,Toronto,3
ZALA,02,Keszthely,Havanna,1
ZALA,02,Keszthely,Krakkó,2
ZALA,02,Keszthely,Varsó,1
ZALA,02,Keszthely,Kuala Lumpur,3
ZALA,02,Keszthely,Kisinyov,2
ZALA,02,Keszthely,Edinburgh,7
ZALA,02,Keszthely,London,46
ZALA,02,Keszthely,Manchester,6
ZALA,02,Keszthely,Berlin,17
ZALA,02,Keszthely,Düsseldorf,17
ZALA,02,Keszthely,München,49
ZALA,02,Keszthely,Stuttgart,20
ZALA,02,Keszthely,Osló,7
ZALA,02,Keszthely,Milánó,7
ZALA,02,Keszthely,Róma,8
ZALA,02,Keszthely,Moszkva,1
ZALA,02,Keszthely,Szentpétervár,1
ZALA,02,Keszthely,Lisszabon,1
ZALA,02,Keszthely,Csíkszereda,5
ZALA,02,Keszthely,Barcelona,3
ZALA,02,Keszthely,Madrid,1
ZALA,02,Keszthely,Bern,28
ZALA,02,Keszthely,Stockholm,2
ZALA,02,Keszthely,Szabadka,1
ZALA,02,Keszthely,Kassa,1
ZALA,02,Keszthely,Pozsony,5
ZALA,02,Keszthely,Ljubljana,2
ZALA,02,Keszthely,Ankara,2
ZALA,02,Keszthely,Isztambul,1
ZALA,02,Keszthely,Beregszász,3
ZALA,02,Keszthely,Kijev,1
ZALA,02,Keszthely,Ungvár,1
ZALA,03,Nagykanizsa,Chicago,2
ZALA,03,Nagykanizsa,Los Angeles,2
ZALA,03,Nagykanizsa,New York,3
ZALA,03,Nagykanizsa,San Francisco,2
ZALA,03,Nagykanizsa,Washington,1
ZALA,03,Nagykanizsa,Buenos Aires,1
ZALA,03,Nagykanizsa,Sydney,2
ZALA,03,Nagykanizsa,Bécs,16
ZALA,03,Nagykanizsa,Brüsszel,5
ZALA,03,Nagykanizsa,Szófia,2
ZALA,03,Nagykanizsa,Prága,2
ZALA,03,Nagykanizsa,Koppenhága,4
ZALA,03,Nagykanizsa,Abu Dhabi,1
ZALA,03,Nagykanizsa,Helsinki,1
ZALA,03,Nagykanizsa,Hága,8
ZALA,03,Nagykanizsa,Zágráb,2
ZALA,03,Nagykanizsa,Jakarta,1
ZALA,03,Nagykanizsa,Dublin,9
ZALA,03,Nagykanizsa,Tokió,4
ZALA,03,Nagykanizsa,Toronto,2
ZALA,03,Nagykanizsa,Sanghaj,3
ZALA,03,Nagykanizsa,Szöul,1
ZALA,03,Nagykanizsa,Pristina,2
ZALA,03,Nagykanizsa,Krakkó,1
ZALA,03,Nagykanizsa,Varsó,2
ZALA,03,Nagykanizsa,Vilnius,1
ZALA,03,Nagykanizsa,Kisinyov,1
ZALA,03,Nagykanizsa,Edinburgh,11
ZALA,03,Nagykanizsa,London,62
ZALA,03,Nagykanizsa,Manchester,7
ZALA,03,Nagykanizsa,Berlin,18
ZALA,03,Nagykanizsa,Düsseldorf,8
ZALA,03,Nagykanizsa,München,49
ZALA,03,Nagykanizsa,Stuttgart,24
ZALA,03,Nagykanizsa,Osló,6
ZALA,03,Nagykanizsa,Milánó,1
ZALA,03,Nagykanizsa,Róma,8
ZALA,03,Nagykanizsa,Szentpétervár,1
ZALA,03,Nagykanizsa,Lisszabon,1
ZALA,03,Nagykanizsa,Csíkszereda,2
ZALA,03,Nagykanizsa,Kolozsvár,1
ZALA,03,Nagykanizsa,Barcelona,2
ZALA,03,Nagykanizsa,Madrid,4
ZALA,03,Nagykanizsa,Bern,13
ZALA,03,Nagykanizsa,Stockholm,6
ZALA,03,Nagykanizsa,Szingapúr,1
ZALA,03,Nagykanizsa,Pozsony,1
ZALA,03,Nagykanizsa,Wellington,3
ZALA,03,Nagykanizsa,Ho Chi Minh Város,1
